# WaveFront *.obj file (generated by CINEMA 4D)

mtllib ambulance.mtl

v 0.11332526803017 0.15965427458286 0.1893472969532
v 0.11423839628696 0.15696068108082 0.18921566009521
v 0.11347531527281 0.15745739638805 0.19173854589462
v 0.09752740710974 0.13577446341515 0.1965895742178
v 0.08927202224731 0.1322074085474 0.19819392263889
v 0.08927202224731 0.14032816886902 0.19819842278957
v 0.09663163870573 0.1407191157341 0.19676467776299
v 0.08927202224731 0.1306686848402 0.19748817384243
v 0.09760253876448 0.13428170979023 0.19586199522018
v 0.09801535308361 0.1334108710289 0.19151711463928
v 0.08927202224731 0.1292729973793 0.19242943823338
v 0.11407564580441 0.1372307240963 0.18924069404602
v 0.11231255531311 0.13582657277584 0.18948984146118
v 0.11258429288864 0.13745254278183 0.19222836196423
v 0.11390078812838 0.13861538469791 0.1919949054718
v 0.11520826816559 0.13952848315239 0.18906664848328
v 0.11447861790657 0.14016638696194 0.19190202653408
v 0.1122879832983 0.16044071316719 0.19166295230389
v 0.11188390105963 0.16155160963535 0.18952615559101
v 0.11007744818926 0.16154283285141 0.1920902132988
v 0.10946150869131 0.16269814968109 0.18992783129215
v 0.09909712523222 0.16151876747608 0.19346432387829
v 0.09844616055489 0.1626800596714 0.19133469462395
v 0.09570566564798 0.16131861507893 0.19160187244415
v 0.09770024567842 0.16014936566353 0.19415321946144
v 0.09721426665783 0.15836030244827 0.19438599050045
v 0.09465581178665 0.15896967053413 0.1916346848011
v 0.09458737075329 0.14360891282558 0.19164805114269
v 0.09736573696136 0.14472380280495 0.19436627626419
v 0.0955711081624 0.14227657020092 0.19560128450394
v 0.09360178560019 0.14262484014034 0.19157913327217
v 0.09690448641777 0.14290122687817 0.19508436322212
v 0.08927202224731 0.14210616052151 0.19682663679123
v 0.08927202224731 0.14236406981945 0.19242116808891
v 0.1151305809617 0.14335413277149 0.18907858431339
v 0.11453583836555 0.14335413277149 0.19188797473907
v 0.11143558472395 0.16015835106373 0.19245764613152
v 0.11226139962673 0.15720099210739 0.19265070557594
v 0.09892137348652 0.15738940238953 0.19480653107166
v 0.09914889186621 0.16013614833355 0.1942255795002
v 0.1132205426693 0.14045000076294 0.19281069934368
v 0.11259004473686 0.1392570734024 0.19293390214443
v 0.113290540874 0.14335413277149 0.19279702007771
v 0.09892141073942 0.14441575109959 0.19489903748035
v 0.09879981726408 0.1422778069973 0.19543318450451
v 0.11468178033829 0.13952848315239 0.18585579097271
v 0.11460523307323 0.14335413277149 0.18587073683739
v 0.09384853392839 0.13575822114944 0.18992814421654
v 0.11372695863247 0.15696068108082 0.18604244291782
v 0.1126251667738 0.16045445203781 0.18625783920288
v 0.09388547390699 0.15922056138515 0.18992087244987
v 0.1110886707902 0.16235181689262 0.18655814230442
v 0.09486404806376 0.16178846359253 0.18972961604595
v 0.10851470381022 0.16349828243256 0.18706128001213
v 0.09743057191372 0.16348025202751 0.18922790884972
v 0.08927202224731 0.1351018846035 0.19138914346695
v 0.08927202224731 0.13021685183048 0.19173593819141
v 0.09521952271461 0.1339738368988 0.19056066870689
v 0.09407943487167 0.13575822114944 0.19044177234173
v 0.0973194539547 0.13329187035561 0.1892496496439
v 0.11132144927979 0.13582657277584 0.18651266396046
v 0.1135667860508 0.1372307240963 0.18607378005981
v 0.09484742581844 0.1339738368988 0.18973284959793
v 0.09420000016689 0.14153780043125 0.19076000154018
v 0.08927202224731 0.1412888020277 0.19172194600105
v 0.09164607524872 0.05659114569426 0.0708541572094
v 0.0923650637269 0.06752361357212 0.06931413710117
v 0.0923650637269 0.07794860005379 0.0678455978632
v 0.0923650637269 0.08697655051947 0.06657386571169
v 0.0923650637269 0.09441386163235 0.06552618741989
v 0.0923650637269 0.09831520915031 0.06497661024332
v 0.0923650637269 0.10166651755571 0.06450453400612
v 0.09065359830856 0.11034905165434 0.06328148394823
v 0.09065359830856 0.11036082357168 0.06263272464275
v 0.0923650637269 0.10169479995966 0.06262397766113
v 0.0923650637269 0.09834720939398 0.06262052804232
v 0.0923650637269 0.09445128589869 0.06261655688286
v 0.0923650637269 0.08703495562077 0.06260907649994
v 0.0923650637269 0.07804045826197 0.06259996443987
v 0.0923650637269 0.06762190908194 0.06258936226368
v 0.09164607524872 0.056715387851 0.0625783354044
v 0.08961899578571 0.04402823373675 0.06256550550461
v 0.08961899578571 0.04389701038599 0.07264237850904
v 0.09059248119593 0.11494113504887 0.06268186122179
v -0.10254341363907 0.04389701411128 0.07264237850904
v -0.10254341363907 0.04402823373675 0.06256550550461
v -0.10457048565149 0.05671538412571 0.06257832795382
v -0.10457048565149 0.05659114196897 0.07085416465998
v -0.10528948158026 0.06762190163136 0.0625893548131
v -0.10528948158026 0.06752361357212 0.06931412220001
v -0.10528948158026 0.07804045826197 0.06259995698929
v -0.10528948158026 0.07794860005379 0.0678455978632
v -0.10528948158026 0.08703495562077 0.06260906904936
v -0.10528948158026 0.08697655051947 0.06657386571169
v -0.10528948158026 0.09445128589869 0.06261654943228
v -0.10528948158026 0.09441386163235 0.06552617996931
v -0.10528948158026 0.09834720939398 0.06262052059174
v -0.10528948158026 0.09831520915031 0.06497661024332
v -0.10528948158026 0.10169479995966 0.06262397021055
v -0.10528948158026 0.10166651010513 0.06450453400612
v -0.10357801616192 0.11036082357168 0.06263272464275
v -0.10357801616192 0.11034905165434 0.06328146904707
v -0.1035168915987 0.11494113504887 0.06268184632063
v 0.08637220412493 0.17213882505894 0.18059255182743
v 0.08329836279154 0.19451233744621 0.15874506533146
v 0.0799116268754 0.212960511446 0.13867726922035
v 0.07951182126999 0.21488386392593 0.13636957108974
v 0.0923650637269 0.09980868548155 0.18804298341274
v 0.09065359830856 0.10808304697275 0.18811823427677
v 0.09065083414316 0.10859499126673 0.18812289834023
v 0.0906485915184 0.1088412925601 0.1881251335144
v 0.09065359830856 0.11755361407995 0.18820434808731
v 0.09056434780359 0.12471640110016 0.18826945126057
v 0.09051271528006 0.13056190311909 0.18832258880138
v 0.09014236927032 0.15020152926445 0.18850116431713
v 0.08892750740051 0.15821270644665 0.18857400119305
v 0.0923650637269 0.09664385765791 0.18801422417164
v 0.0923650637269 0.09779147803783 0.20205873250961
v 0.0923650637269 0.09959791600704 0.20205873250961
v 0.09065359830856 0.10782999545336 0.20205873250961
v 0.08989184349775 0.15006113052368 0.19687616825104
v 0.08513489365578 0.17219513654709 0.18356920778751
v 0.08245866000652 0.19445976614952 0.16125102341175
v 0.08576817810535 0.15959103405476 0.19651441276073
v 0.07931177318096 0.21352508664131 0.14028891921043
v 0.07893047481775 0.2161440551281 0.13674134016037
v 0.07871083170176 0.21830074489117 0.1324747055769
v 0.08819919079542 0.15648187696934 0.19663247466087
v 0.09045327454805 0.11893599480391 0.20069581270218
v 0.09030811488628 0.12698368728161 0.19970820844173
v -0.10528948903084 0.097791492939 0.20205871760845
v -0.10528948903084 0.09664387255907 0.18801420927048
v -0.10528948903084 0.0995979309082 0.20205871760845
v -0.10185192525387 0.15821272134781 0.18857400119305
v -0.10281626135111 0.15006114542484 0.19687616825104
v -0.10306679457426 0.15020154416561 0.18850114941597
v -0.09869260340929 0.15959104895592 0.19651441276073
v -0.10112362354994 0.15648187696934 0.19663245975971
v -0.09929662942886 0.1721388399601 0.18059253692627
v -0.09805931895971 0.17219515144825 0.18356919288635
v -0.09622279554605 0.19451235234737 0.1587450504303
v -0.09538309276104 0.19445976614952 0.16125102341175
v -0.09283605217934 0.21296052634716 0.13867726922035
v -0.0922361984849 0.21352510154247 0.14028891921043
v -0.09243624657393 0.21488386392593 0.13636957108974
v -0.09185490012169 0.2161440551281 0.13674132525921
v -0.10323254019022 0.12698368728161 0.19970820844173
v -0.10343714058399 0.13056191802025 0.18832258880138
v -0.1035752594471 0.10859501361847 0.18812289834023
v -0.10357801616192 0.10783001035452 0.20205871760845
v -0.10357801616192 0.10808305442333 0.18811823427677
v -0.10357801616192 0.11755362898111 0.18820433318615
v -0.10357301682234 0.10884130746126 0.1881251335144
v -0.10348877310753 0.12471641600132 0.18826945126057
v -0.10337769985199 0.11893600970507 0.20069579780102
v -0.10528948903084 0.09980870038271 0.18804298341274
v -0.09163525700569 0.21830075979233 0.1324747055769
v 0.09519488364458 0.08907826989889 0.20220357179642
v 0.09519488364458 0.08785165846348 0.19106906652451
v 0.09519488364458 0.09078954160213 0.19016002118587
v 0.09519488364458 0.09189551323652 0.20220357179642
v 0.09519488364458 0.08426696062088 0.18100365996361
v 0.09519488364458 0.08733186870813 0.17950311303139
v 0.09519488364458 0.07882694154978 0.17158234119415
v 0.09519488364458 0.08139468729496 0.16951775550842
v 0.09519488364458 0.07158440351486 0.16457167267799
v 0.09519488364458 0.07342381030321 0.16191123425961
v 0.09519488364458 0.06319554895163 0.15975986421108
v 0.09519488364458 0.06438370049 0.15678341686726
v 0.0944758951664 0.05414532124996 0.15677361190319
v 0.0944758951664 0.05483988672495 0.15352331101894
v 0.09244881570339 0.0426948517561 0.15376451611519
v 0.09244881570339 0.04309158399701 0.15051156282425
v 0.09112324565649 0.03693401440978 0.15314608812332
v 0.09112324565649 0.03694808855653 0.14980767667294
v 0.09519488364458 0.08769486099482 0.21336165070534
v 0.09519488364458 0.09032659232616 0.21398136019707
v 0.09519488364458 0.08418791741133 0.22359590232372
v 0.09519488364458 0.08687905967236 0.22502928972244
v 0.09519488364458 0.07890273630619 0.23298075795174
v 0.09519488364458 0.08153677731752 0.23468481004238
v 0.09519488364458 0.07156325131655 0.239691644907
v 0.09519488364458 0.07847547531128 0.24569909274578
v 0.09519488364458 0.06294527649879 0.24413222074509
v 0.09519488364458 0.06531641632318 0.25186285376549
v 0.0944758951664 0.0541453063488 0.24712139368057
v 0.0944758951664 0.05573847517371 0.25422123074532
v 0.09214940667152 0.04288788512349 0.24860741198063
v 0.09214940667152 0.04328338429332 0.25522509217262
v 0.08814745396376 0.034139752388 0.24819481372833
v 0.08814744651318 0.03415145352483 0.254902780056
v 0.0923650637269 0.09298463910818 0.1766342818737
v 0.0923650637269 0.08552025258541 0.16543024778366
v 0.0923650637269 0.07638595253229 0.15707513689995
v 0.0923650637269 0.06633275002241 0.15078908205032
v 0.09164607524872 0.05544843524694 0.14696997404099
v 0.08961899578571 0.04297178611159 0.14369268715382
v 0.08829342573881 0.03707644715905 0.14286926388741
v 0.0923650637269 0.09603483229876 0.21552827954292
v 0.0923650637269 0.09207145869732 0.22780740261078
v 0.0923650637269 0.08460576087236 0.23984065651894
v 0.09519488364458 0.09331080317497 -0.17239829897881
v 0.09519488364458 0.09313961863518 -0.18276698887348
v 0.09519488364458 0.09628182649612 -0.18337632715702
v 0.09519488364458 0.09664899110794 -0.17240169644356
v 0.09519488364458 0.09081081300974 -0.19313544034958
v 0.09519488364458 0.0938478410244 -0.19456791877747
v 0.09519488364458 0.08520309627056 -0.20372895896435
v 0.09519488364458 0.08781692385674 -0.20581792294979
v 0.09519488364458 0.07687084376812 -0.21163980662823
v 0.09519488364458 0.08117738366127 -0.21468044817448
v 0.09519488364458 0.06889037042856 -0.2162132114172
v 0.09457670152187 0.07326731830835 -0.2260949909687
v 0.09519488364458 0.06034751981497 -0.21935343742371
v 0.09457670152187 0.06271660327911 -0.22978617250919
v 0.09357128292322 0.05068345367908 -0.22099769115448
v 0.09295310080051 0.05161173641682 -0.23184674978256
v 0.08937921375036 0.04087140411139 -0.22147972881794
v 0.08876103162766 0.04108419269323 -0.23233518004417
v 0.09519488364458 0.09168729931116 -0.16166979074478
v 0.09519488364458 0.09492539614439 -0.16084334254265
v 0.09519488364458 0.08857459574938 -0.15232062339783
v 0.09519488364458 0.09150256216526 -0.15083985030651
v 0.09519488364458 0.08269160985947 -0.14367263019085
v 0.09519488364458 0.08501400053501 -0.14172399044037
v 0.09519488364458 0.07580553740263 -0.1373627781868
v 0.09519488364458 0.07751124352217 -0.13486894965172
v 0.09519488364458 0.06726586073637 -0.13306380808353
v 0.09519488364458 0.06828573346138 -0.13055248558521
v 0.0944758951664 0.05795614421368 -0.13017478585243
v 0.0944758951664 0.05829382687807 -0.12754137814045
v 0.09244881570339 0.04738273099065 -0.12877103686333
v 0.09244881570339 0.04739104583859 -0.1251263320446
v 0.09168464690447 0.04384930431843 -0.12824860215187
v 0.09168464690447 0.04386732727289 -0.1246454641223
v 0.0923650637269 0.1024452149868 -0.18442755937576
v 0.0923650637269 0.10294554382563 -0.17225225269794
v 0.0923650637269 0.09906809777021 -0.19656276702881
v 0.0923650637269 0.09223980456591 -0.20885817706585
v 0.0923650637269 0.08536912500858 -0.2163053303957
v 0.0923650637269 0.1013602539897 -0.15918742120266
v 0.0923650637269 0.09715730696917 -0.14774948358536
v 0.0923650637269 0.08997264504433 -0.13680763542652
v 0.0923650637269 0.08140530437231 -0.12953911721706
v 0.0923650637269 0.07035563886166 -0.12444205582142
v 0.09164607524872 0.05947845429182 -0.12146943062544
v 0.08961899578571 0.04667213559151 -0.1164340749383
v 0.08885482698679 0.04381140321493 -0.11646079272032
v 0.09519488364458 0.07895682752132 0.24050515890121
v 0.09408251196146 0.08061457425356 -0.22189770638943
v 0.0923650637269 0.10522696375847 -0.17225225269794
v 0.09065359830856 0.11462440341711 -0.17225225269794
v 0.08949685096741 0.15624898672104 -0.1722523868084
v 0.08628108352423 0.17838297784328 -0.17225244641304
v 0.08271416276693 0.20066528022289 -0.1722523868084
v 0.07783605158329 0.22411879897118 -0.1722523868084
v 0.07859379798174 0.21956865489483 0.12722089886665
v 0.07845272123814 0.22054693102837 0.06381016224623
v 0.08349836617708 0.19627676904202 0.0635541677475
v 0.08682236075401 0.17428633570671 0.06331826746464
v 0.09009394049644 0.15230397880077 0.06308257579803
v 0.08885482698679 0.04189362004399 0.062560364604
v 0.09236505627632 0.10631310939789 -0.27200126647949
v 0.09065359085798 0.11571054905653 -0.27173629403114
v 0.08251199126244 0.20177347958088 -0.26393705606461
v 0.07758805900812 0.22508271038532 -0.26011028885841
v 0.08933244645596 0.15733513236046 -0.26899302005768
v 0.08613158017397 0.17946910858154 -0.26668098568916
v 0.09466542303562 0.07400854676962 -0.27253261208534
v 0.09466542303562 0.08190615475178 -0.27253261208534
v 0.09466542303562 0.06400818377733 -0.27253261208534
v 0.09304182976484 0.05290332064033 -0.27253261208534
v 0.08884976059198 0.04405487328768 -0.27253261208534
v 0.09065359830856 0.10605340451002 0.24141331017017
v 0.0923650637269 0.09836120158434 0.24141331017017
v 0.09024875611067 0.10466153919697 0.26817774772644
v 0.09019587934017 0.097910143435 0.26967495679855
v 0.09019587934017 0.08408375829458 0.27234035730362
v 0.09343054890633 0.07847547531128 0.27328413724899
v 0.09343054145575 0.06531641632318 0.27373525500298
v 0.09271156042814 0.05573847144842 0.2732324898243
v 0.09038507193327 0.04328337684274 0.27239909768105
v 0.08638311177492 0.03415144607425 0.27117618918419
v 0.08884440362453 0.14860633015633 0.21390098333359
v 0.08973949402571 0.1264985948801 0.24756202101707
v 0.08990806341171 0.12031393498182 0.25667858123779
v 0.09004578739405 0.11535727977753 0.26258555054665
v 0.09012984484434 0.11174194514751 0.26517564058304
v 0.08595424890518 0.15442417562008 0.20334310829639
v 0.08164725452662 0.20177349448204 -0.26716810464859
v 0.07672332972288 0.22508271038532 -0.26334127783775
v 0.08846770972013 0.15733513236046 -0.27222394943237
v 0.08526685088873 0.17946909368038 -0.26991206407547
v 0.09333372116089 0.0740085542202 -0.27956053614616
v 0.0930699929595 0.08190616220236 -0.27932041883469
v 0.09318371862173 0.06400819122791 -0.2795657813549
v 0.09194832295179 0.05290332809091 -0.27939158678055
v 0.08798502385616 0.04405486956239 -0.2781400680542
v 0.09150032699108 0.08664696663618 -0.27869588136673
v 0.07955322414637 0.20177347958088 -0.26938310265541
v 0.07462929934263 0.22508271038532 -0.26555642485619
v 0.08637367933989 0.15733513236046 -0.27443909645081
v 0.08317282050848 0.17946910858154 -0.27212715148926
v 0.08984529227018 0.0740085542202 -0.28272357583046
v 0.0897850766778 0.08190616220236 -0.28222090005875
v 0.08954909443855 0.06400819122791 -0.28272357583046
v 0.08872666209936 0.05214048549533 -0.28272357583046
v 0.08589099347591 0.04405486956239 -0.28013488650322
v 0.08917847275734 0.08664696663618 -0.28091096878052
v 0.09065359085798 0.11954435706139 -0.27148360013962
v 0.09046757221222 0.12364775687456 -0.27257749438286
v 0.08978885412216 0.1264775544405 -0.27425768971443
v 0.08769482374191 0.12858313322067 -0.27633398771286
v 0.08806085586548 0.10466153919697 0.27060794830322
v 0.08800797909498 0.097910143435 0.27210515737534
v 0.08797143399715 0.08408375829458 0.27483126521111
v 0.08613433688879 0.14848408102989 0.21740181744099
v 0.08763587474823 0.12652899324894 0.25099140405655
v 0.08785788714886 0.11641938984394 0.26454171538353
v 0.08794194459915 0.11221498250961 0.26736304163933
v 0.08772016316652 0.12159861624241 0.25817275047302
v 0.09035616368055 0.13265211880207 0.06287180632353
v 0.09059248119593 0.11494113504887 0.06268186122179
v 0.09058564156294 0.11530677229166 0.04774776473641
v 0.09058691561222 0.11536614596844 0.03462915495038
v 0.09054646641016 0.11762182414532 0.03183925896883
v 0.09031898528337 0.13269931077957 0.03195795416832
v 0.0902975872159 0.13442075252533 0.0339762121439
v 0.09031316637993 0.13453947007656 0.04816326871514
v 0.09034270048141 0.13252122700214 0.05030027404428
v 0.09056409448385 0.11685013771057 0.05006283521652
v 0.08865600079298 0.13068956136703 0.04643413797021
v 0.08882503211498 0.11875816434622 0.0462561249733
v 0.08881720155478 0.11887688934803 0.03491827845573
v 0.08863951265812 0.13086764514446 0.03497759997845
v 0.08856967836618 0.15325544774532 0.20161078870296
v 0.09094226360321 0.12641905248165 0.21056666970253
v 0.09097987413406 0.12646161019802 0.20780085027218
v 0.09102857857943 0.1253127604723 0.20592863857746
v 0.09106925874949 0.12352562695742 0.20563080906868
v 0.09109928458929 0.12212147563696 0.20729023218155
v 0.09107136726379 0.12199381738901 0.21060918271542
v 0.09101138263941 0.12335543334484 0.21235373616219
v 0.09095832705498 0.12509998679161 0.21252396702766
v 0.0901815071702 0.12370851635933 0.21630883216858
v 0.09007059782743 0.12625014781952 0.21567921340466
v 0.08996953070164 0.13424961268902 0.20997749269009
v 0.09025748074055 0.1210590004921 0.21610473096371
v 0.09031872451305 0.11910168081522 0.21376448869705
v 0.09037560224533 0.11859107762575 0.20908392965794
v 0.0906350389123 0.0782375484705 0.27761444449425
v 0.09065309166908 0.06515195965767 0.27863681316376
v 0.08997953683138 0.05573847144842 0.27791997790337
v 0.08780004829168 0.04328336939216 0.2763811647892
v 0.08405094593763 0.03415143862367 0.27439391613007
v 0.09343054145575 0.07130512595177 0.27375867962837
v 0.09064487367868 0.07114241272211 0.27882468700409
v 0.05911508202553 0.08266934007406 0.28482899069786
v 0.05288347229362 0.07612342387438 0.29302448034286
v 0.05239547789097 0.06999113410711 0.29423472285271
v 0.05179707705975 0.06383316218853 0.29404684901237
v 0.05105198174715 0.05338642373681 0.29246392846107
v 0.05028958618641 0.04212614148855 0.28854182362556
v 0.05028958618641 0.03529909625649 0.28433087468147
v 0.08306089043617 0.07774186134338 0.2827525138855
v 0.08106508851051 0.08349914103746 0.27921378612518
v 0.08357684314251 0.07086420804262 0.28366443514824
v 0.08294463157654 0.05530569329858 0.28254705667496
v 0.083470672369 0.06487545371056 0.28347676992416
v 0.08170953392982 0.04309001192451 0.28036403656006
v 0.08011266589165 0.03428965434432 0.27754160761833
v 0.09065249562263 0.10481879860163 0.26140716671944
v 0.09090090543032 0.09798230230808 0.26294749975204
v 0.09103355556726 0.08419918268919 0.26465898752213
v 0.09430857747793 0.07847547531128 0.26515373587608
v 0.09445555508137 0.06531641632318 0.26515370607376
v 0.09381931275129 0.05573846772313 0.26515370607376
v 0.09149289131165 0.04328337684274 0.26515370607376
v 0.08741729706526 0.03415144979954 0.26515370607376
v 0.09438738971949 0.07141939550638 0.26515370607376
v 0.09519488364458 0.07147643715143 0.24897748231888
v 0.06085069105029 0.09833823889494 0.28169441223145
v 0.05574933066964 0.09833823889494 0.28749662637711
v 0.06179589033127 0.10493809729815 0.28015327453613
v 0.05669452995062 0.10493809729815 0.2853376865387
v 0.06311255693436 0.11143884807825 0.27792307734489
v 0.0576384998858 0.11143884807825 0.28225454688072
v 0.06642947345972 0.11686293780804 0.27483376860619
v 0.05848526209593 0.11727786064148 0.27830326557159
v 0.07324661314487 0.1212508007884 0.26790648698807
v 0.05909019708633 0.12144250422716 0.2726908326149
v 0.07384759932756 0.12621155381203 0.26072272658348
v 0.05970956757665 0.12640325725079 0.26550707221031
v 0.07589181512594 0.14804440736771 0.22533421218395
v 0.06173540279269 0.14774230122566 0.23074339330196
v 0.02759552560747 0.07612342387438 0.29436439275742
v 0.02759552560747 0.06999113410711 0.29557463526726
v 0.02759552560747 0.06383316218853 0.29538676142693
v 0.02759552560747 0.05338642373681 0.29380384087563
v 0.02759552560747 0.04212614148855 0.28988173604012
v 0.02759552560747 0.03529909625649 0.28567081689835
v 0.02759552560747 0.09833823889494 0.28883656859398
v 0.02759552560747 0.10493809729815 0.28667759895325
v 0.02759552560747 0.11143884807825 0.28359445929527
v 0.02759552560747 0.11727786064148 0.27964317798614
v 0.02759552560747 0.12144250422716 0.27403074502945
v 0.02759552560747 0.12640325725079 0.26684698462486
v 0.02759552560747 0.14774230122566 0.23337070643902
v -0.00646221265197 0.07612342387438 0.29416412115097
v -0.00646221265197 0.06999113410711 0.29537436366081
v -0.00646221265197 0.06383316218853 0.29518648982048
v -0.00646221265197 0.05338642373681 0.29360356926918
v -0.00646221265197 0.04212614148855 0.28968146443367
v -0.00646221265197 0.03529909625649 0.2854705452919
v -0.00646221265197 0.09833823889494 0.28863626718521
v -0.00646221265197 0.10493809729815 0.2864773273468
v -0.00646221265197 0.11143884807825 0.28339418768883
v -0.00646221265197 0.11727786064148 0.2794429063797
v -0.00646221265197 0.12144250422716 0.273830473423
v -0.00646221265197 0.12640325725079 0.26664671301842
v -0.00646221265197 0.14774230122566 0.23317041993141
v 0.07423257827759 0.14696465432644 0.21307380497456
v 0.05814165994525 0.14666254818439 0.21712027490139
v 0.08501648902893 0.14740432798862 0.208376288414
v 0.02759552560747 0.14666254818439 0.21997617185116
v -0.00646221265197 0.14666254818439 0.21977588534355
v 0.08487079292536 0.15976846218109 0.19394218921661
v 0.08417330682278 0.17200556397438 0.18208636343479
v 0.08196641504765 0.19440117478371 0.16041344404221
v 0.06957609206438 0.21340630948544 0.14423112571239
v 0.05464882776141 0.21340630948544 0.14827761054039
v 0.02759552188218 0.21340630948544 0.15113350749016
v -0.00646221265197 0.21340630948544 0.15093322098255
v -0.00646221265197 0.15238204598427 0.21347679197788
v 0.02759552560747 0.15229806303978 0.21376952528954
v 0.05814165994525 0.15238206088543 0.21082112193108
v 0.07423257827759 0.15288607776165 0.20639842748642
v 0.07866752147675 0.15410412847996 0.20314112305641
v 0.08227966725826 0.15649820864201 0.19884464144707
v 0.08274167776108 0.15976846218109 0.19488230347633
v 0.08177565038204 0.17200556397438 0.18315088748932
v 0.07969299703836 0.19440115988255 0.16145013272762
v 0.07840272784233 0.20674011111259 0.14820535480976
v 0.07588263601065 0.2090921998024 0.14657053351402
v 0.07235449552536 0.21010023355484 0.14686946570873
v 0.06989819556475 0.21047601103783 0.14745047688484
v 0.05482452735305 0.2112010717392 0.15070034563541
v 0.02759552188218 0.21144424378872 0.15328910946846
v -0.00646221265197 0.21140223741531 0.15313500165939
v 0.08160278201103 0.0740085542202 -0.28425079584122
v 0.08160278201103 0.08190616220236 -0.28349956870079
v 0.08064948767424 0.06400819122791 -0.28425079584122
v 0.07962838560343 0.05070390924811 -0.28425079584122
v 0.07833424955606 0.04405488446355 -0.28124698996544
v 0.08160278201103 0.08664696663618 -0.28155586123466
v 0.05761330574751 0.04943117871881 -0.28478744626045
v 0.05519084632397 0.04425833746791 -0.28242942690849
v 0.07806859910488 0.05956211313605 -0.28430372476578
v 0.07293702661991 0.05716738849878 -0.28442347049713
v 0.05761330574751 0.05716738849878 -0.28478744626045
v 0.05519084632397 0.04943117871881 -0.29066115617752
v 0.05519084632397 0.05716738477349 -0.29066115617752
v 0.02781498432159 0.04943117871881 -0.29127913713455
v 0.02781498432159 0.05716738477349 -0.29127913713455
v -0.00646221265197 0.04943117871881 -0.29127913713455
v -0.00646221265197 0.05716738477349 -0.29127913713455
v 0.02781498432159 0.04425833746791 -0.28304743766785
v -0.00646221265197 0.04425833746791 -0.28304743766785
v 0.07932572066784 0.0740085542202 -0.28100007772446
v 0.07932572066784 0.08190616220236 -0.28024885058403
v 0.07837241888046 0.06400819122791 -0.28100007772446
v 0.07576530426741 0.06138923019171 -0.28105300664902
v 0.0713422819972 0.06010054051876 -0.28117272257805
v 0.05708567798138 0.06012776121497 -0.28153669834137
v 0.05718059465289 0.0740085542202 -0.28163829445839
v 0.05718059465289 0.08190616220236 -0.28088706731796
v 0.05718059465289 0.06400819122791 -0.28163829445839
v 0.05718059465289 0.08664696663618 -0.27894333004951
v 0.02781498432159 0.0740085542202 -0.28163829445839
v 0.02781498432159 0.08190616220236 -0.28088706731796
v 0.02781498432159 0.06400819122791 -0.28163829445839
v 0.02781498432159 0.08664696663618 -0.27894333004951
v -0.00646221265197 0.0740085542202 -0.28163829445839
v -0.00646221265197 0.08190616220236 -0.28088706731796
v -0.00646221265197 0.06400819122791 -0.28163829445839
v -0.00646221265197 0.08664696663618 -0.27894333004951
v 0.02781498432159 0.06019929423928 -0.28163829445839
v -0.00646221265197 0.06019929423928 -0.28163829445839
v 0.05718059465289 0.1286805421114 -0.27786988019943
v 0.07932572066784 0.1286805421114 -0.2772316634655
v 0.02781498432159 0.1286805421114 -0.27786988019943
v -0.00646221265197 0.1286805421114 -0.27786988019943
v 0.05718059465289 0.15739540755749 -0.27562564611435
v 0.0783406868577 0.15739540755749 -0.27498742938042
v 0.02781498432159 0.15739540755749 -0.27562564611435
v -0.00646221265197 0.15739540755749 -0.27562564611435
v 0.05718059465289 0.1794543415308 -0.27346247434616
v 0.07710911333561 0.1794543415308 -0.27282425761223
v 0.02781498432159 0.1794543415308 -0.27346247434616
v -0.00646221265197 0.1794543415308 -0.27346247434616
v 0.05718059465289 0.20177325606346 -0.27067789435387
v 0.07486111670732 0.20177325606346 -0.27003970742226
v 0.02781498432159 0.20177325606346 -0.27067789435387
v -0.00646221265197 0.20177325606346 -0.27067789435387
v 0.05718059465289 0.22503817081451 -0.26662927865982
v 0.07192219793797 0.22503817081451 -0.26599106192589
v 0.02781498618424 0.22503817081451 -0.26662927865982
v -0.00646221265197 0.22503817081451 -0.26662927865982
v -0.10811930894852 0.08907826989889 0.20220357179642
v -0.10811930894852 0.08785165846348 0.19106906652451
v -0.10811930894852 0.09078954160213 0.19016002118587
v -0.10811930894852 0.09189551323652 0.20220357179642
v -0.10811930894852 0.08426696062088 0.18100365996361
v -0.10811930894852 0.08733186870813 0.17950311303139
v -0.10811930894852 0.07882694154978 0.17158234119415
v -0.10811930894852 0.08139468729496 0.16951775550842
v -0.10811930894852 0.07158440351486 0.16457167267799
v -0.10811930894852 0.07342381030321 0.16191123425961
v -0.10811930894852 0.06319554895163 0.15975986421108
v -0.10811930894852 0.06438370049 0.15678341686726
v -0.10740032047033 0.05414532124996 0.15677361190319
v -0.10740032047033 0.05483988672495 0.15352331101894
v -0.10537324100733 0.0426948517561 0.15376451611519
v -0.10537324100733 0.04309158399701 0.15051156282425
v -0.10404767096043 0.03693401440978 0.15314608812332
v -0.10404767096043 0.03694808855653 0.14980767667294
v -0.10811930894852 0.08769486099482 0.21336165070534
v -0.10811930894852 0.09032659232616 0.21398136019707
v -0.10811930894852 0.08418791741133 0.22359590232372
v -0.10811930894852 0.08687905967236 0.22502928972244
v -0.10811930894852 0.07890273630619 0.23298075795174
v -0.10811930894852 0.08153677731752 0.23468481004238
v -0.10811930894852 0.07156325131655 0.239691644907
v -0.10811930894852 0.07847547531128 0.24569909274578
v -0.10811930894852 0.06294527649879 0.24413222074509
v -0.10811930894852 0.06531641632318 0.25186285376549
v -0.10740032047033 0.0541453063488 0.24712139368057
v -0.10740032047033 0.05573847517371 0.25422123074532
v -0.10507383197546 0.04288788512349 0.24860741198063
v -0.10507383197546 0.04328338429332 0.25522509217262
v -0.10107187926769 0.034139752388 0.24819481372833
v -0.10107187181711 0.03415145352483 0.254902780056
v -0.10528948903084 0.09664385765791 0.18801422417164
v -0.10528948903084 0.09779147803783 0.20205873250961
v -0.10528948903084 0.09298463910818 0.1766342818737
v -0.10528948903084 0.08552025258541 0.16543024778366
v -0.10528948903084 0.07638595253229 0.15707513689995
v -0.10528948903084 0.06633275002241 0.15078908205032
v -0.10457050055265 0.05544843524694 0.14696997404099
v -0.10254342108965 0.04297178611159 0.14369268715382
v -0.10121785104275 0.03707644715905 0.14286926388741
v -0.10528948903084 0.09603483229876 0.21552827954292
v -0.10528948903084 0.09207145869732 0.22780740261078
v -0.10528948903084 0.08460576087236 0.23984065651894
v -0.10811930894852 0.09331080317497 -0.17239829897881
v -0.10811930894852 0.09313961863518 -0.18276698887348
v -0.10811930894852 0.09628182649612 -0.18337632715702
v -0.10811930894852 0.09664899110794 -0.17240169644356
v -0.10811930894852 0.09081081300974 -0.19313544034958
v -0.10811930894852 0.0938478410244 -0.19456791877747
v -0.10811930894852 0.08520309627056 -0.20372895896435
v -0.10811930894852 0.08781692385674 -0.20581792294979
v -0.10811930894852 0.07687084376812 -0.21163980662823
v -0.10811930894852 0.08117738366127 -0.21468044817448
v -0.10811930894852 0.06889037042856 -0.2162132114172
v -0.10750112682581 0.07326731830835 -0.2260949909687
v -0.10811930894852 0.06034751981497 -0.21935343742371
v -0.10750112682581 0.06271660327911 -0.22978617250919
v -0.10649570822716 0.05068345367908 -0.22099769115448
v -0.10587752610445 0.05161173641682 -0.23184674978256
v -0.1023036390543 0.04087140411139 -0.22147972881794
v -0.10168545693159 0.04108419269323 -0.23233518004417
v -0.10811930894852 0.09168729931116 -0.16166979074478
v -0.10811930894852 0.09492539614439 -0.16084334254265
v -0.10811930894852 0.08857459574938 -0.15232062339783
v -0.10811930894852 0.09150256216526 -0.15083985030651
v -0.10811930894852 0.08269160985947 -0.14367263019085
v -0.10811930894852 0.08501400053501 -0.14172399044037
v -0.10811930894852 0.07580553740263 -0.1373627781868
v -0.10811930894852 0.07751124352217 -0.13486894965172
v -0.10811930894852 0.06726586073637 -0.13306380808353
v -0.10811930894852 0.06828573346138 -0.13055248558521
v -0.10740032047033 0.05795614421368 -0.13017478585243
v -0.10740032047033 0.05829382687807 -0.12754137814045
v -0.10537324100733 0.04738273099065 -0.12877103686333
v -0.10537324100733 0.04739104583859 -0.1251263320446
v -0.1046090722084 0.04384930431843 -0.12824860215187
v -0.1046090722084 0.04386732727289 -0.1246454641223
v -0.10528948903084 0.1024452149868 -0.18442755937576
v -0.10528948903084 0.10294554382563 -0.17225225269794
v -0.10528948903084 0.09906809777021 -0.19656276702881
v -0.10528948903084 0.09223980456591 -0.20885817706585
v -0.10528948903084 0.08536912500858 -0.2163053303957
v -0.10528948903084 0.1013602539897 -0.15918742120266
v -0.10528948903084 0.09715730696917 -0.14774948358536
v -0.10528948903084 0.08997264504433 -0.13680763542652
v -0.10528948903084 0.08140530437231 -0.12953911721706
v -0.10528948903084 0.07035563886166 -0.12444205582142
v -0.10457050055265 0.05947845429182 -0.12146943062544
v -0.10254342108965 0.04667213559151 -0.1164340749383
v -0.10177925229073 0.04381140321493 -0.11646079272032
v -0.10811930894852 0.07895682752132 0.24050515890121
v -0.1070069372654 0.08061457425356 -0.22189770638943
v -0.10528948903084 0.09959791600704 0.20205873250961
v -0.10528948903084 0.10522696375847 -0.17225225269794
v -0.1035780236125 0.11462440341711 -0.17225225269794
v -0.1035780236125 0.10782999545336 0.20205873250961
v -0.10242127627134 0.15624898672104 -0.1722523868084
v -0.10281626880169 0.15006113052368 0.19687616825104
v -0.09920550882816 0.17838297784328 -0.17225244641304
v -0.09805931895971 0.17219513654709 0.18356920778751
v -0.09563858807087 0.20066528022289 -0.1722523868084
v -0.09538308531046 0.19445976614952 0.16125102341175
v -0.09076047688723 0.22411879897118 -0.1722523868084
v -0.09151822328568 0.21956865489483 0.12722089886665
v -0.09137714654207 0.22054693102837 0.06381016224623
v -0.09642279148102 0.19627676904202 0.0635541677475
v -0.09974678605795 0.17428633570671 0.06331826746464
v -0.10301836580038 0.15230397880077 0.06308257579803
v -0.1035780236125 0.11036082357168 0.06263272464275
v -0.10528948903084 0.10169479995966 0.06262397766113
v -0.10528948903084 0.09834720939398 0.06262052804232
v -0.10528948903084 0.09445128589869 0.06261655688286
v -0.10528948903084 0.08703495562077 0.06260907649994
v -0.10528948903084 0.07804045826197 0.06259996443987
v -0.10528948903084 0.06762190908194 0.06258936226368
v -0.10457050055265 0.056715387851 0.0625783354044
v -0.10254342108965 0.04402823373675 0.06256550550461
v -0.10177925229073 0.04189362004399 0.062560364604
v -0.10528948158026 0.10631310939789 -0.27200126647949
v -0.10357801616192 0.11571054905653 -0.27173629403114
v -0.09543641656637 0.20177347958088 -0.26393705606461
v -0.09051248431206 0.22508271038532 -0.26011028885841
v -0.10225687175989 0.15733513236046 -0.26899302005768
v -0.09905601292849 0.17946910858154 -0.26668098568916
v -0.10758984833956 0.07400854676962 -0.27253261208534
v -0.10758984833956 0.08190615475178 -0.27253261208534
v -0.10758984833956 0.06400818377733 -0.27253261208534
v -0.10596625506878 0.05290332064033 -0.27253261208534
v -0.10177418589592 0.04405487328768 -0.27253261208534
v -0.1035780236125 0.10605340451002 0.24141331017017
v -0.10528948903084 0.09836120158434 0.24141331017017
v -0.1031731814146 0.10466153919697 0.26817774772644
v -0.10312030464411 0.097910143435 0.26967495679855
v -0.10312030464411 0.08408375829458 0.27234035730362
v -0.10635497421026 0.07847547531128 0.27328413724899
v -0.10635496675968 0.06531641632318 0.27373525500298
v -0.10563598573208 0.05573847144842 0.2732324898243
v -0.10330949723721 0.04328337684274 0.27239909768105
v -0.09930753707886 0.03415144607425 0.27117618918419
v -0.10176882892847 0.14860633015633 0.21390098333359
v -0.10266391932964 0.1264985948801 0.24756202101707
v -0.10283248871565 0.12031393498182 0.25667858123779
v -0.10297021269798 0.11535727977753 0.26258555054665
v -0.10305427014828 0.11174194514751 0.26517564058304
v -0.09869260340929 0.15959103405476 0.19651441276073
v -0.09887867420912 0.15442417562008 0.20334310829639
v -0.0922361984849 0.21352508664131 0.14028891921043
v -0.09185490012169 0.2161440551281 0.13674134016037
v -0.09163525700569 0.21830074489117 0.1324747055769
v -0.09457167983055 0.20177349448204 -0.26716810464859
v -0.08964775502682 0.22508271038532 -0.26334127783775
v -0.10139213502407 0.15733513236046 -0.27222394943237
v -0.09819127619267 0.17946909368038 -0.26991206407547
v -0.10625814646482 0.0740085542202 -0.27956053614616
v -0.10599441826344 0.08190616220236 -0.27932041883469
v -0.10610814392567 0.06400819122791 -0.2795657813549
v -0.10487274825573 0.05290332809091 -0.27939158678055
v -0.1009094491601 0.04405486956239 -0.2781400680542
v -0.0924776494503 0.20177347958088 -0.26938310265541
v -0.08755372464657 0.22508271038532 -0.26555642485619
v -0.09929810464382 0.15733513236046 -0.27443909645081
v -0.09609724581242 0.17946910858154 -0.27212715148926
v -0.10276971757412 0.0740085542202 -0.28272357583046
v -0.10270950198174 0.08190616220236 -0.28222090005875
v -0.10247352719307 0.06400819122791 -0.28272357583046
v -0.1016510874033 0.05214048549533 -0.28272357583046
v -0.09881541877985 0.04405486956239 -0.28013488650322
v -0.10357801616192 0.11954435706139 -0.27148360013962
v -0.10339199751616 0.12364775687456 -0.27257749438286
v -0.1027132794261 0.1264775544405 -0.27425768971443
v -0.10061924904585 0.12858313322067 -0.27633398771286
v -0.10098528116941 0.10466153919697 0.27060794830322
v -0.10093240439892 0.097910143435 0.27210515737534
v -0.10089585930109 0.08408375829458 0.27483126521111
v -0.09905876964331 0.14848408102989 0.21740181744099
v -0.10056030005217 0.12652899324894 0.25099140405655
v -0.10078231245279 0.11641938984394 0.26454171538353
v -0.10086636990309 0.11221498250961 0.26736304163933
v -0.10064458847046 0.12159861624241 0.25817275047302
v -0.10328058898449 0.13265211880207 0.06287180632353
v -0.10351690649986 0.11494113504887 0.06268186122179
v -0.10351006686687 0.11530677229166 0.04774776473641
v -0.10351134091616 0.11536614596844 0.03462915495038
v -0.1034708917141 0.11762182414532 0.03183925896883
v -0.10324341058731 0.13269931077957 0.03195795416832
v -0.10322201251984 0.13442075252533 0.0339762121439
v -0.10323759168386 0.13453947007656 0.04816326871514
v -0.10326712578535 0.13252122700214 0.05030027404428
v -0.10348851978779 0.11685013771057 0.05006283521652
v -0.10158042609692 0.13068956136703 0.04643413797021
v -0.10174945741892 0.11875816434622 0.0462561249733
v -0.10174162685871 0.11887688934803 0.03491827845573
v -0.10156393796206 0.13086764514446 0.03497759997845
v -0.10149410367012 0.15325544774532 0.20161078870296
v -0.10112361609936 0.15648187696934 0.19663247466087
v -0.10386668890715 0.12641905248165 0.21056666970253
v -0.103904299438 0.12646161019802 0.20780085027218
v -0.10395300388336 0.1253127604723 0.20592863857746
v -0.10399368405342 0.12352562695742 0.20563080906868
v -0.10402370989323 0.12212147563696 0.20729023218155
v -0.10399579256773 0.12199381738901 0.21060918271542
v -0.10393580794334 0.12335543334484 0.21235373616219
v -0.10388275235891 0.12509998679161 0.21252396702766
v -0.10337769985199 0.11893599480391 0.20069581270218
v -0.10310593247414 0.12370851635933 0.21630883216858
v -0.10299502313137 0.12625014781952 0.21567921340466
v -0.10289395600557 0.13424961268902 0.20997749269009
v -0.10318190604448 0.1210590004921 0.21610473096371
v -0.10324314981699 0.11910168081522 0.21376448869705
v -0.10330002754927 0.11859107762575 0.20908392965794
v -0.10323254019022 0.12698368728161 0.19970820844173
v -0.10355946421623 0.0782375484705 0.27761444449425
v -0.10357751697302 0.06515195965767 0.27863681316376
v -0.10290396213531 0.05573847144842 0.27791997790337
v -0.10072447359562 0.04328336939216 0.2763811647892
v -0.09697537124157 0.03415143862367 0.27439391613007
v -0.10635496675968 0.07130512595177 0.27375867962837
v -0.10356929898262 0.07114241272211 0.27882468700409
v -0.07203950732946 0.08266934007406 0.28482899069786
v -0.06580789387226 0.07612342387438 0.29302448034286
v -0.0653199031949 0.06999113410711 0.29423472285271
v -0.06472150236368 0.06383316218853 0.29404684901237
v -0.06397640705109 0.05338642373681 0.29246392846107
v -0.06321401149034 0.04212614148855 0.28854182362556
v -0.06321401149034 0.03529909625649 0.28433087468147
v -0.09598531574011 0.07774186134338 0.2827525138855
v -0.09398951381445 0.08349914103746 0.27921378612518
v -0.09650126844645 0.07086420804262 0.28366443514824
v -0.09586905688047 0.05530569329858 0.28254705667496
v -0.09639509767294 0.06487545371056 0.28347676992416
v -0.09463395923376 0.04309001192451 0.28036403656006
v -0.09303709119558 0.03428965434432 0.27754160761833
v -0.10357692092657 0.10481879860163 0.26140716671944
v -0.10382533073425 0.09798230230808 0.26294749975204
v -0.1039579808712 0.08419918268919 0.26465898752213
v -0.10723300278187 0.07847547531128 0.26515373587608
v -0.1073799803853 0.06531641632318 0.26515370607376
v -0.10674373805523 0.05573846772313 0.26515370607376
v -0.10441731661558 0.04328337684274 0.26515370607376
v -0.10034172236919 0.03415144979954 0.26515370607376
v -0.10731181502342 0.07141939550638 0.26515370607376
v -0.10811930894852 0.07147643715143 0.24897748231888
v -0.07377512007952 0.09833823889494 0.28169441223145
v -0.06867375969887 0.09833823889494 0.28749662637711
v -0.0747203156352 0.10493809729815 0.28015327453613
v -0.06961895525455 0.10493809729815 0.2853376865387
v -0.07603698223829 0.11143884807825 0.27792307734489
v -0.07056292146444 0.11143884807825 0.28225454688072
v -0.07935389876366 0.11686293780804 0.27483376860619
v -0.07140968739986 0.11727786064148 0.27830326557159
v -0.08617103844881 0.1212508007884 0.26790648698807
v -0.07201462239027 0.12144250422716 0.2726908326149
v -0.0867720246315 0.12621155381203 0.26072272658348
v -0.07263398915529 0.12640325725079 0.26550707221031
v -0.08881624042988 0.14804440736771 0.22533421218395
v -0.07465983182192 0.14774230122566 0.23074339330196
v -0.04051994904876 0.07612342387438 0.29436439275742
v -0.04051994904876 0.06999113410711 0.29557463526726
v -0.04051994904876 0.06383316218853 0.29538676142693
v -0.04051994904876 0.05338642373681 0.29380384087563
v -0.04051994904876 0.04212614148855 0.28988173604012
v -0.04051994904876 0.03529909625649 0.28567081689835
v -0.04051994904876 0.09833823889494 0.28883656859398
v -0.04051994904876 0.10493809729815 0.28667759895325
v -0.04051994904876 0.11143884807825 0.28359445929527
v -0.04051994904876 0.11727786064148 0.27964317798614
v -0.04051994904876 0.12144250422716 0.27403074502945
v -0.04051994904876 0.12640325725079 0.26684698462486
v -0.04051994904876 0.14774230122566 0.23337070643902
v -0.08715700358152 0.14696465432644 0.21307380497456
v -0.0710660815239 0.14666254818439 0.21712027490139
v -0.09794091433287 0.14740432798862 0.208376288414
v -0.04051994904876 0.14666254818439 0.21997617185116
v -0.09779521822929 0.15976846218109 0.19394218921661
v -0.09709773957729 0.17200556397438 0.18208636343479
v -0.09489084035158 0.19440117478371 0.16041344404221
v -0.08250051736832 0.21340630948544 0.14423112571239
v -0.06757325679064 0.21340630948544 0.14827761054039
v -0.04051994532347 0.21340630948544 0.15113350749016
v -0.04051994904876 0.15229806303978 0.21376952528954
v -0.0710660815239 0.15238206088543 0.21082112193108
v -0.08715700358152 0.15288607776165 0.20639842748642
v -0.09159194678068 0.15410412847996 0.20314112305641
v -0.0952040925622 0.15649820864201 0.19884464144707
v -0.09566610306501 0.15976846218109 0.19488230347633
v -0.09470007568598 0.17200556397438 0.18315088748932
v -0.0926174223423 0.19440115988255 0.16145013272762
v -0.09132715314627 0.20674011111259 0.14820535480976
v -0.08880706131458 0.2090921998024 0.14657053351402
v -0.0852789208293 0.21010023355484 0.14686946570873
v -0.08282262086868 0.21047601103783 0.14745047688484
v -0.06774895638227 0.2112010717392 0.15070034563541
v -0.04051994532347 0.21144424378872 0.15328910946846
v -0.09452720731497 0.0740085542202 -0.28425079584122
v -0.09452720731497 0.08190616220236 -0.28349956870079
v -0.09357391297817 0.06400819122791 -0.28425079584122
v -0.09255281090736 0.05070390924811 -0.28425079584122
v -0.09125868231058 0.04405488446355 -0.28124698996544
v -0.09452720731497 0.08664696663618 -0.28155586123466
v -0.07053773105145 0.04943117871881 -0.28478744626045
v -0.0681152716279 0.04425833746791 -0.28242942690849
v -0.09099302440882 0.05956211313605 -0.28430372476578
v -0.08586145192385 0.05716738849878 -0.28442347049713
v -0.07053773105145 0.05716738849878 -0.28478744626045
v -0.0681152716279 0.04943117871881 -0.29066115617752
v -0.0681152716279 0.05716738477349 -0.29066115617752
v -0.04073940962553 0.04943117871881 -0.29127913713455
v -0.04073940962553 0.05716738477349 -0.29127913713455
v -0.04073940962553 0.04425833746791 -0.28304743766785
v -0.09225014597178 0.0740085542202 -0.28100007772446
v -0.09225014597178 0.08190616220236 -0.28024885058403
v -0.0912968441844 0.06400819122791 -0.28100007772446
v -0.08868972957134 0.06138923019171 -0.28105300664902
v -0.08426670730114 0.06010054051876 -0.28117272257805
v -0.07001010328531 0.06012776121497 -0.28153669834137
v -0.07010502368212 0.0740085542202 -0.28163829445839
v -0.07010502368212 0.08190616220236 -0.28088706731796
v -0.07010502368212 0.06400819122791 -0.28163829445839
v -0.07010502368212 0.08664696663618 -0.27894333004951
v -0.04073940962553 0.0740085542202 -0.28163829445839
v -0.04073940962553 0.08190616220236 -0.28088706731796
v -0.04073940962553 0.06400819122791 -0.28163829445839
v -0.04073940962553 0.08664696663618 -0.27894333004951
v -0.04073940962553 0.06019929423928 -0.28163829445839
v -0.07010502368212 0.1286805421114 -0.27786988019943
v -0.09225014597178 0.1286805421114 -0.2772316634655
v -0.04073940962553 0.1286805421114 -0.27786988019943
v -0.07010502368212 0.15739540755749 -0.27562564611435
v -0.09126511216164 0.15739540755749 -0.27498742938042
v -0.04073940962553 0.15739540755749 -0.27562564611435
v -0.07010502368212 0.1794543415308 -0.27346247434616
v -0.09003353863955 0.1794543415308 -0.27282425761223
v -0.04073940962553 0.1794543415308 -0.27346247434616
v -0.07010502368212 0.20177325606346 -0.27067789435387
v -0.08778554201126 0.20177325606346 -0.27003970742226
v -0.04073940962553 0.20177325606346 -0.27067789435387
v -0.07010502368212 0.22503817081451 -0.26662927865982
v -0.0848466232419 0.22503817081451 -0.26599106192589
v -0.04073941335082 0.22503817081451 -0.26662927865982
v 0.06501942873001 0.09196231514215 -0.27858167886734
v 0.05718059465289 0.09195383638144 -0.27880781888962
v 0.02781498432159 0.09192205220461 -0.27880859375
v 0.00179842382204 0.09189388900995 -0.27880930900574
v -0.00039103796007 0.09408336132765 -0.27875342965126
v -0.00052787782624 0.11372011899948 -0.27825191617012
v -0.00052787782624 0.1202200949192 -0.27808591723442
v 0.00138790998608 0.12179376929998 -0.27804574370384
v 0.00439843302593 0.12268323451281 -0.27802303433418
v 0.02781498432159 0.12273857742548 -0.27802163362503
v 0.05718059465289 0.12280800193548 -0.27801984548569
v 0.06228257715702 0.12282005697489 -0.2778725028038
v 0.06542994827032 0.12199903279543 -0.27780276536942
v 0.06789311021566 0.11980956047773 -0.27778768539429
v 0.06796152889729 0.11406221985817 -0.27793249487877
v 0.06741415709257 0.09408336877823 -0.27845847606659
v 0.00432999571785 0.11522535979748 -0.27977594733238
v 0.02781498432159 0.11533614248037 -0.27977311611176
v 0.05718059465289 0.11547465622425 -0.27976959943771
v 0.06235098838806 0.11549904197454 -0.279619961977
v 0.06235099583864 0.11180431395769 -0.27684941887856
v 0.05718059465289 0.11179823428392 -0.27699860930443
v 0.02781498432159 0.11176364123821 -0.27699947357178
v 0.00426157424226 0.11173590272665 -0.27700018882751
v 0.00208588992245 0.09420958906412 -0.27744776010513
v 0.02781498432159 0.09424710273743 -0.27744680643082
v 0.05718059465289 0.09428991377354 -0.27744573354721
v 0.06533087790012 0.09430180490017 -0.27721053361893
v 0.0623025894165 0.12067872285843 -0.27948907017708
v 0.05718059465289 0.12065459042788 -0.27963730692863
v 0.02781498432159 0.12051618844271 -0.27964082360268
v 0.00437753414735 0.12040574103594 -0.2796436548233
v 0.08106508851051 0.09802161157131 0.27641838788986
v 0.08106508851051 0.10473341494799 0.27461540699005
v 0.08106508851051 0.11199956387281 0.27138084173203
v 0.08106508851051 0.11656024307013 0.26840451359749
v -0.09398951381445 0.09802161157131 0.27641838788986
v -0.09398951381445 0.10473341494799 0.27461540699005
v -0.09398951381445 0.11199956387281 0.27138084173203
v -0.09398951381445 0.11656024307013 0.26840451359749
v 0.07655219733715 0.22579076886177 -0.1722523868084
v 0.077168866992 0.22221893072128 0.06381016224623
v 0.0773099437356 0.22124065458775 0.12760035693645
v 0.07768107205629 0.21663156151772 0.13719728589058
v 0.07742697745562 0.21957303583622 0.13295848667622
v 0.07630421221256 0.22675468027592 -0.26011034846306
v 0.07543947547674 0.22675468027592 -0.2633413374424
v 0.07334544509649 0.22665151953697 -0.26503646373749
v 0.07474365085363 0.22669379413128 -0.1722523868084
v 0.07536032050848 0.22312195599079 0.06381016224623
v 0.07550139725208 0.22214367985725 0.12797789275646
v 0.07630204409361 0.2169206738472 0.13750852644444
v 0.07580355554819 0.22018605470657 0.13327497243881
v 0.07449565827847 0.22765770554543 -0.26011037826538
v 0.0741071999073 0.22743275761604 -0.26334136724472
v 0.06954090297222 0.22693531215191 -0.1722523868084
v 0.06954090297222 0.22336347401142 0.06381016224623
v 0.06954090297222 0.22238519787788 0.12890157103539
v 0.06954090297222 0.21716220676899 0.13990612328053
v 0.06954090297222 0.22057159245014 0.1348290592432
v 0.06954090297222 0.22789922356606 -0.2601709663868
v 0.06954090297222 0.22767427563667 -0.26345372200012
v 0.06954090297222 0.2267420142889 -0.26532828807831
v 0.05460331216455 0.22718235850334 -0.1722523868084
v 0.05460331216455 0.22361053526402 0.06381016224623
v 0.05460331216455 0.22263225913048 0.13130250573158
v 0.05460331216455 0.21740926802158 0.1429747492075
v 0.05460331216455 0.22081865370274 0.13743165135384
v 0.05460331216455 0.22814626991749 -0.26027554273605
v 0.05460331216455 0.22793623805046 -0.26365625858307
v 0.05460331216455 0.22687324881554 -0.26558881998062
v 0.02760410308838 0.22718235850334 -0.1722523868084
v 0.02760410308838 0.22361053526402 0.06381016224623
v 0.02760410308838 0.22263225913048 0.13401681184769
v 0.02760410308838 0.21740926802158 0.1456890553236
v 0.02760410308838 0.22081865370274 0.14014595746994
v 0.02760410308838 0.22814626991749 -0.26027554273605
v 0.02760410308838 0.22793623805046 -0.26365625858307
v 0.02760410308838 0.22687324881554 -0.26558881998062
v -0.00646221265197 0.22718235850334 -0.1722523868084
v -0.00646221265197 0.22361053526402 0.06381016224623
v -0.00646221265197 0.22263225913048 0.13401643931866
v -0.00646221265197 0.21740926802158 0.14568868279457
v -0.00646221265197 0.22081865370274 0.14014558494091
v -0.00646221265197 0.22814626991749 -0.26027554273605
v -0.00646221265197 0.22793623805046 -0.26365625858307
v -0.00646221265197 0.22687324881554 -0.26558881998062
v -0.08947662264109 0.22579076886177 -0.1722523868084
v -0.09009329229593 0.22221893072128 0.06381016224623
v -0.09023437649012 0.22124065458775 0.12760035693645
v -0.09060549736023 0.21663156151772 0.13719728589058
v -0.09035140275955 0.21957303583622 0.13295848667622
v -0.0892286375165 0.22675468027592 -0.26011034846306
v -0.08836390078068 0.22675468027592 -0.2633413374424
v -0.08626987040043 0.22665151953697 -0.26503646373749
v -0.08766807615757 0.22669379413128 -0.1722523868084
v -0.08828474581242 0.22312195599079 0.06381016224623
v -0.08842582255602 0.22214367985725 0.12797789275646
v -0.08922646939754 0.2169206738472 0.13750852644444
v -0.08872798085213 0.22018605470657 0.13327497243881
v -0.0874200835824 0.22765770554543 -0.26011037826538
v -0.08703163266182 0.22743275761604 -0.26334136724472
v -0.08246532827616 0.22693531215191 -0.1722523868084
v -0.08246532827616 0.22336347401142 0.06381016224623
v -0.08246532827616 0.22238519787788 0.12890157103539
v -0.08246532827616 0.21716220676899 0.13990612328053
v -0.08246532827616 0.22057159245014 0.1348290592432
v -0.08246532827616 0.22789922356606 -0.2601709663868
v -0.08246532827616 0.22767427563667 -0.26345372200012
v -0.08246532827616 0.2267420142889 -0.26532828807831
v -0.06752773374319 0.22718235850334 -0.1722523868084
v -0.06752773374319 0.22361053526402 0.06381016224623
v -0.06752773374319 0.22263225913048 0.13130250573158
v -0.06752773374319 0.21740926802158 0.1429747492075
v -0.06752773374319 0.22081865370274 0.13743165135384
v -0.06752773374319 0.22814626991749 -0.26027554273605
v -0.06752773374319 0.22793623805046 -0.26365625858307
v -0.06752773374319 0.22687324881554 -0.26558881998062
v -0.04052852839231 0.22718235850334 -0.1722523868084
v -0.04052852839231 0.22361053526402 0.06381016224623
v -0.04052852839231 0.22263225913048 0.13401681184769
v -0.04052852839231 0.21740926802158 0.1456890553236
v -0.04052852839231 0.22081865370274 0.14014595746994
v -0.04052852839231 0.22814626991749 -0.26027554273605
v -0.04052852839231 0.22793623805046 -0.26365625858307
v -0.04052852839231 0.22687324881554 -0.26558881998062
v -0.08985852450132 0.21349607408047 0.14163626730442
v 0.07679256051779 0.21349436044693 0.14169357717037
v -0.00472653377801 0.21907992660999 0.14226874709129
v -0.00472653377801 0.22147865593433 0.13652981817722
v -0.00472653377801 0.21983632445335 0.14246843755245
v -0.00472653377801 0.22211262583733 0.13717222213745
v -0.00581754837185 0.22178757190704 0.14141388237476
v -0.00581754837185 0.22287200391293 0.13933169841766
v -0.00581754837185 0.22296343743801 0.13775910437107
v -0.00819682143629 0.21907992660999 0.14226874709129
v -0.00819682143629 0.22147865593433 0.13652981817722
v -0.00819682143629 0.21983632445335 0.14246843755245
v -0.00819682143629 0.22211262583733 0.13717222213745
v -0.00710580637679 0.22178757190704 0.14141388237476
v -0.00710580637679 0.22287200391293 0.13933169841766
v -0.00710580637679 0.22296343743801 0.13775910437107
v -0.00646168040112 0.21846118569374 0.14385125041008
v -0.00646168086678 0.2221757620573 0.13540008664131
v -0.00646168086678 0.22271248698235 0.1360442340374
v -0.00646168040112 0.22060593962669 0.14290738105774
v -0.00646168040112 0.21912023425102 0.14394937455654
v -0.00627552298829 0.25315850973129 0.11913084983826
v -0.00627552298829 0.25331643223763 0.11870972812176
v -0.00664783082902 0.25315850973129 0.11913084983826
v -0.00664783082902 0.25331643223763 0.11870972812176
v -0.03733142092824 0.15524880588055 0.21195800602436
v -0.03716431930661 0.15635105967522 0.21118149161339
v -0.01858450658619 0.15421192348003 0.21501025557518
v -0.01875212229788 0.15310961008072 0.21578671038151
v -0.00127275893465 0.15280731022358 0.21726532280445
v -0.00149324466474 0.15118815004826 0.21835613250732
v 0.01641357317567 0.15135008096695 0.21804314851761
v 0.01623839326203 0.15063911676407 0.21903891861439
v 0.03538055717945 0.15101535618305 0.21781106293201
v 0.03521158546209 0.14991304278374 0.2185875326395
v -0.03698854893446 0.15552380681038 0.21255810558796
v -0.01883683167398 0.15365859866142 0.21680215001106
v -0.01866923831403 0.15476089715958 0.21602563560009
v -0.03682147338986 0.15662603080273 0.21178159117699
v -0.00147143530194 0.15215966105461 0.2188828587532
v -0.00130340142641 0.15326192975044 0.21810640394688
v 0.01619160361588 0.15095591545105 0.21971280872822
v 0.0163281224668 0.1518991291523 0.21905854344368
v 0.03485415503383 0.15021190047264 0.21906627714634
v 0.03502309694886 0.15131412446499 0.21828992664814
v 0.0311114359647 0.14941045641899 0.22179467976093
v 0.05081490054727 0.14885699748993 0.21738071739674
v 0.03145585209131 0.1507728099823 0.22039172053337
v 0.03105127066374 0.14843609929085 0.22083321213722
v 0.0504219904542 0.14764167368412 0.21594533324242
v 0.05083560198545 0.14977584779263 0.21357761323452
v 0.0313957631588 0.14979848265648 0.21943031251431
v -0.00835245475173 0.15271137654781 0.21764652431011
v -0.00853432435542 0.15174448490143 0.21829342842102
v -0.00857546180487 0.15206909179688 0.21954284608364
v -0.00839360523969 0.15303592383862 0.21889589726925
v 0.00238165305927 0.1509068608284 0.21885247528553
v 0.00236126687378 0.15201431512833 0.21806685626507
v 0.00233103008941 0.15106858313084 0.22005096077919
v 0.00231064716354 0.15217597782612 0.21926534175873
v 0.05305291712284 0.14820358157158 0.21788953244686
v -0.08649781346321 0.15357398986816 0.20686683058739
v -0.08639257401228 0.154680326581 0.20608581602573
v -0.07845728844404 0.15292248129845 0.20907132327557
v -0.07856322824955 0.15181611478329 0.20985244214535
v -0.06262530386448 0.15141668915749 0.21342499554157
v -0.06273175030947 0.15031032264233 0.21420606970787
v -0.04478584975004 0.15212860703468 0.21432216465473
v -0.04490886628628 0.15094177424908 0.21520337462425
v -0.02583114989102 0.1518065482378 0.21473835408688
v -0.02593845874071 0.15070016682148 0.21551948785782
v -0.08615974336863 0.15386290848255 0.20746104419231
v -0.07865954190493 0.15236358344555 0.21086750924587
v -0.07855360955 0.15346997976303 0.21008649468422
v -0.08605447411537 0.15496923029423 0.20667997002602
v -0.06274781376123 0.1512830555439 0.2147302031517
v -0.06264135241508 0.15238943696022 0.21394906938076
v -0.04496688768268 0.15172955393791 0.21599553525448
v -0.04488287493587 0.15267609059811 0.2153372913599
v -0.02630278281868 0.15098631381989 0.21600279211998
v -0.02619549445808 0.15209268033504 0.2152216732502
v -0.02165785431862 0.14997828006744 0.21909771859646
v -0.00222361064516 0.14934319257736 0.22036235034466
v -0.00169805891346 0.15147837996483 0.21801999211311
v -0.02124949917197 0.15134274959564 0.21771633625031
v -0.02162849903107 0.14900095760822 0.21813841164112
v -0.00248769507743 0.14811891317368 0.21890862286091
v -0.00199182331562 0.14885230362415 0.21589851379395
v -0.02122008427978 0.15036544203758 0.216756939888
v -0.06915903836489 0.15154586732388 0.21247953176498
v -0.06936247646809 0.15057766437531 0.21311631798744
v -0.06949751824141 0.150904327631 0.21435853838921
v -0.06929410248995 0.15187248587608 0.21372175216675
v -0.05854222923517 0.15005214512348 0.21531088650227
v -0.0585505515337 0.15071201324463 0.21426437795162
v -0.05867936834693 0.15021568536758 0.21650226414204
v -0.0586713925004 0.15132105350494 0.21571297943592
v -0.00001167603023 0.14872473478317 0.22102442383766
v 0.00224431953393 0.15175645053387 0.21744364500046
v 0.05948405712843 0.14946553111076 0.21536490321159
v 0.0586093403399 0.14718550443649 0.21800492703915
v 0.05821666494012 0.14597018063068 0.21656954288483
v 0.05909138917923 0.14825017750263 0.21392956376076
v 0.05512896925211 0.15121218562126 0.21417070925236
v 0.0547363050282 0.14999689161777 0.21273526549339
v 0.05122841894627 0.15099117159843 0.21501301229
v 0.05817870795727 0.15097467601299 0.21409845352173
v 0.05778603628278 0.14975932240486 0.21266306936741
v 0.05522824078798 0.14733450114727 0.21870982646942
v 0.00654565216973 0.15007819235325 0.21893751621246
v 0.00554498285055 0.1477907449007 0.22152076661587
v 0.00539046013728 0.14657750725746 0.22005251049995
v 0.00628179917112 0.14885388314724 0.21748377382755
v 0.00195382861421 0.14979869127274 0.21556650102139
v 0.00529587408528 0.15156480669975 0.21757951378822
v 0.0050319484435 0.15034052729607 0.21612578630447
v 0.00212125270627 0.14789022505283 0.22199395298958
v 0.05181106552482 0.08661593496799 0.20224677026272
v 0.05181106552482 0.07659849524498 0.17081664502621
v 0.05181106552482 0.0586704313755 0.15826673805714
v 0.05181106552482 0.03693401440978 0.15314608812332
v 0.05181106552482 0.03707644715905 0.14286926388741
v 0.05181106552482 0.07586392015219 0.23318909108639
v 0.05181106552482 0.05637310817838 0.245799228549
v 0.05181106552482 0.034139752388 0.24819481372833
v 0.05181106552482 0.0927125737071 -0.17227835953236
v 0.05181106552482 0.08429491519928 -0.20283472537994
v 0.05181106552482 0.05997378006577 -0.21885478496552
v 0.05181106552482 0.04087140411139 -0.22147972881794
v 0.05181106552482 0.08563310652971 -0.14799663424492
v 0.05181106552482 0.06700918078423 -0.13353380560875
v 0.05181106552482 0.04384930431843 -0.12824860215187
v 0.05181106552482 0.04189362004399 0.062560364604
v -0.00646221265197 0.03693401440978 0.15314608812332
v -0.00646221265197 0.03707644715905 0.14286926388741
v -0.00646221265197 0.04189362004399 0.062560364604
v -0.00646221265197 0.04384930431843 -0.12824860215187
v -0.00646221265197 0.04087140411139 -0.22147972881794
v -0.00646221265197 0.034139752388 0.24819481372833
v -0.06473548710346 0.08661593496799 0.20224677026272
v -0.06473548710346 0.07659849524498 0.17081664502621
v -0.06473548710346 0.0586704313755 0.15826673805714
v -0.06473548710346 0.03693401440978 0.15314608812332
v -0.06473548710346 0.03707644715905 0.14286926388741
v -0.06473548710346 0.07586392015219 0.23318909108639
v -0.06473548710346 0.05637310817838 0.245799228549
v -0.06473548710346 0.034139752388 0.24819481372833
v -0.06473548710346 0.0927125737071 -0.17227835953236
v -0.06473548710346 0.08429491519928 -0.20283472537994
v -0.06473548710346 0.05997378006577 -0.21885478496552
v -0.06473548710346 0.04087140411139 -0.22147972881794
v -0.06473548710346 0.08563310652971 -0.14799663424492
v -0.06473548710346 0.06700918078423 -0.13353380560875
v -0.06473548710346 0.04384930431843 -0.12824860215187
v -0.06473548710346 0.04189362004399 0.062560364604
v 0.06675957888365 0.02370405197144 0.19169227778912
v 0.06675958633423 0.02370405942202 0.21070073544979
v -0.0797101855278 0.02370406500995 0.21070079505444
v -0.0797101855278 0.02370405197144 0.1916923224926
v 0.06675957888365 0.0353666767478 0.23292222619057
v -0.0797101855278 0.03536668047309 0.23292222619057
v 0.06675955653191 0.03784032911062 0.16828772425652
v -0.0797101855278 0.03784033283591 0.16828772425652
v -0.0797101855278 0.03248883038759 -0.1659789532423
v -0.0797101855278 0.03259309381247 -0.18543137609959
v 0.06675957888365 0.03259309381247 -0.18543146550655
v 0.06675957143307 0.03248881921172 -0.16597899794579
v -0.0797101855278 0.0440044850111 -0.14221651852131
v 0.06675957888365 0.0440044850111 -0.14221651852131
v -0.0797101855278 0.04321894049644 -0.20783460140228
v 0.06675957143307 0.04321894049644 -0.20783463120461
v -0.00647531356663 0.02370405569673 0.19169227778912
v -0.0064753126353 0.02370405569673 0.21070079505444
v -0.00647531123832 0.03536668047309 0.23292222619057
v -0.00647531403229 0.03784032538533 0.16828772425652
v -0.00647530984133 0.03259309753776 -0.18543143570423
v -0.00647531589493 0.0324888266623 -0.1659789532423
v -0.00647531449795 0.04400448128581 -0.14221651852131
v -0.006475310307 0.04321894049644 -0.20783460140228
v 0.08941774070263 0.08663560450077 -0.27747252583504
v -0.09452720731497 0.0740085542202 -0.28107514977455
v -0.09452720731497 0.08190616220236 -0.28032392263412
v 0.08160278201103 0.0740085542202 -0.28107514977455
v 0.08160278201103 0.08190616220236 -0.28032392263412
v 0.09046757221222 0.11573805660009 -0.27297979593277
v 0.08978885412216 0.11573805660009 -0.27465999126434
v 0.08769482374191 0.11573805660009 -0.27673628926277
v 0.09151177108288 0.10625783354044 -0.27496743202209
v 0.08941774070263 0.10625783354044 -0.27704373002052
v -0.10339199751616 0.11573805660009 -0.27297979593277
v -0.1027132794261 0.11573805660009 -0.27465999126434
v -0.10061924904585 0.11573805660009 -0.27673628926277
v -0.10443619638681 0.10625783354044 -0.27496743202209
v -0.10234216600657 0.10625783354044 -0.27704373002052
v -0.10443619638681 0.08663560450077 -0.27539622783661
v -0.10234216600657 0.08663560450077 -0.27747252583504
v -0.09411081671715 0.16494517028332 -0.27500060200691
v -0.08749546855688 0.16506105661392 -0.27539494633675
v -0.09421738982201 0.17103937268257 -0.27443757653236
v -0.08760204166174 0.17115527391434 -0.2748319208622
v -0.09509341418743 0.16434237360954 -0.27303007245064
v -0.08615319430828 0.16449899971485 -0.2735630273819
v -0.095214150846 0.17124737799168 -0.27239218354225
v -0.08627393096685 0.17140400409698 -0.27292513847351
v -0.09583465754986 0.07508710771799 -0.28218638896942
v -0.08929243683815 0.07508710771799 -0.28225943446159
v -0.09583465754986 0.0812079012394 -0.28218638896942
v -0.08929243683815 0.0812079012394 -0.28225943446159
v -0.09675792604685 0.07467993348837 -0.28019848465919
v -0.08791656047106 0.07467993348837 -0.28029718995094
v -0.09675792604685 0.08161507546902 -0.28019848465919
v -0.08791656047106 0.08161507546902 -0.28029718995094
v 0.08118633925915 0.16494517028332 -0.27500060200691
v 0.07457099109888 0.16506105661392 -0.27539494633675
v 0.08129291236401 0.17103937268257 -0.27443757653236
v 0.07467756420374 0.17115527391434 -0.2748319208622
v 0.08216893672943 0.16434237360954 -0.27303007245064
v 0.0732287093997 0.16449899971485 -0.2735630273819
v 0.082289673388 0.17124737799168 -0.27239218354225
v 0.07334945350885 0.17140400409698 -0.27292513847351
v 0.08291018009186 0.07508710771799 -0.28218638896942
v 0.07636795938015 0.07508710771799 -0.28225943446159
v 0.08291018009186 0.0812079012394 -0.28218638896942
v 0.07636795938015 0.0812079012394 -0.28225943446159
v 0.08383344858885 0.07467993348837 -0.28019848465919
v 0.07499208301306 0.07467993348837 -0.28029718995094
v 0.08383344858885 0.08161507546902 -0.28019848465919
v 0.07499208301306 0.08161507546902 -0.28029718995094
v -0.02730032615364 0.09648241102695 -0.27869212627411
v -0.0290987752378 0.09768136590719 -0.27866151928902
v -0.02909877710044 0.11190541833639 -0.27829825878143
v -0.02784531190991 0.11343137174845 -0.27825930714607
v -0.01514717191458 0.11343137174845 -0.27825930714607
v -0.01334872376174 0.11217790842056 -0.27829131484032
v -0.01323972642422 0.09773586690426 -0.27866014838219
v -0.01492917817086 0.09642791002989 -0.27869355678558
v -0.02648285031319 0.11065195500851 -0.2770271897316
v -0.02659184485674 0.0990983247757 -0.27732223272324
v -0.01596464961767 0.09904382377863 -0.27732363343239
v -0.0158011559397 0.11065195500851 -0.2770271897316
v -0.12624968588352 0.1596542596817 0.1894523948431
v -0.12639972567558 0.15745738148689 0.19184362888336
v -0.12716281414032 0.1569606512785 0.18932074308395
v -0.10219644755125 0.14032815396786 0.19830353558064
v -0.10219644755125 0.13220737874508 0.19829900562763
v -0.11045183241367 0.13577444851398 0.1966946721077
v -0.10955605655909 0.14071910083294 0.19686976075172
v -0.11093977838755 0.13341084122658 0.19162221252918
v -0.11052696406841 0.13428169488907 0.19596709311008
v -0.10219644755125 0.13066865503788 0.19759327173233
v -0.10219644755125 0.12927296757698 0.19253452122211
v -0.125508710742 0.13745252788067 0.19233345985413
v -0.12523698806763 0.13582655787468 0.18959493935108
v -0.12700006365776 0.13723069429398 0.18934577703476
v -0.12682521343231 0.13861535489559 0.1921000033617
v -0.1281327009201 0.13952845335007 0.18917174637318
v -0.12740303575993 0.14016635715961 0.19200712442398
v -0.12480831891298 0.16155159473419 0.18963123857975
v -0.12521241605282 0.16044069826603 0.19176803529263
v -0.12238591909409 0.16269813477993 0.19003291428089
v -0.12300187349319 0.16154280304909 0.19219529628754
v -0.11137057840824 0.16268002986908 0.19143979251385
v -0.11202155053616 0.16151873767376 0.19356942176819
v -0.10863008350134 0.16131860017776 0.19170697033405
v -0.11062467098236 0.16014933586121 0.19425831735134
v -0.10758022964001 0.15896965563297 0.19173976778984
v -0.11013868451118 0.15836028754711 0.19449108839035
v -0.10751179605722 0.14360889792442 0.19175314903259
v -0.1102901622653 0.14472377300262 0.19447135925293
v -0.10652621090412 0.14262482523918 0.19168421626091
v -0.10849552601576 0.1422765403986 0.19570638239384
v -0.10982891172171 0.142901211977 0.19518946111202
v -0.10219644755125 0.14236404001713 0.19252626597881
v -0.10219644755125 0.14210613071918 0.19693173468113
v -0.12805499136448 0.14335411787033 0.18918366730213
v -0.12746027112007 0.14335411787033 0.19199307262897
v -0.11184579879045 0.15738938748837 0.19491164386272
v -0.12518583238125 0.15720097720623 0.19275580346584
v -0.12436001002789 0.16015832126141 0.19256274402142
v -0.11207331717014 0.16013613343239 0.1943306773901
v -0.12551446259022 0.13925704360008 0.19303900003433
v -0.12614496052265 0.14044997096062 0.19291578233242
v -0.12621496617794 0.14335411787033 0.19290211796761
v -0.11184583604336 0.14441573619843 0.19500413537025
v -0.11172423511744 0.14227779209614 0.19553828239441
v -0.1276062130928 0.13952845335007 0.18596088886261
v -0.10677295178175 0.13575819134712 0.19003322720528
v -0.12752966582775 0.14335411787033 0.18597583472729
v -0.12665139138699 0.1569606512785 0.18614754080772
v -0.10680989921093 0.15922054648399 0.19002597033978
v -0.12554958462715 0.16045443713665 0.18636292219162
v -0.10778846591711 0.16178844869137 0.18983471393585
v -0.12401309609413 0.1623517870903 0.18666324019432
v -0.11035498976707 0.16348023712635 0.18933300673962
v -0.12143912911415 0.16349826753139 0.18716636300087
v -0.10814394056797 0.13397382199764 0.19066576659679
v -0.10219644755125 0.13021682202816 0.19184103608131
v -0.10219644755125 0.13510185480118 0.19149422645569
v -0.10700386017561 0.13575819134712 0.19054688513279
v -0.12649121880531 0.13723069429398 0.18617887794971
v -0.12424587458372 0.13582655787468 0.18661776185036
v -0.11024387925863 0.13329184055328 0.18935473263264
v -0.10777185112238 0.13397382199764 0.18983794748783
v -0.10712442547083 0.14153778553009 0.19086509943008
v -0.10219644755125 0.14128878712654 0.19182704389095
v 0.09000369161367 0.13285008072853 0.04087333381176
v 0.09000369161367 0.13152576982975 0.04216087609529
v 0.09000369161367 0.13285008072853 0.03500230237842
v 0.09000369161367 0.13176840543747 0.03400367125869
v 0.09000369161367 0.11753357201815 0.03400367125869
v 0.09000369161367 0.1168367266655 0.03483065217733
v 0.09000369161367 0.1168367266655 0.04080462828279
v 0.09000369161367 0.11830193549395 0.04216087609529
v 0.08870611339808 0.13122208416462 0.03431601449847
v 0.08870611339808 0.13221879303455 0.03523619100451
v 0.08870611339808 0.13221879303455 0.0406460724771
v 0.08870611339808 0.13099850714207 0.04183246940374
v 0.08870611339808 0.11881333589554 0.04183246940374
v 0.08870611339808 0.11746321618557 0.04058277606964
v 0.08870611339808 0.11746321618557 0.03507805615664
v 0.08870611339808 0.11810534447432 0.03431601449847
v -0.10292811691761 0.13285008072853 0.03500230237842
v -0.10292811691761 0.13152576982975 0.04216087609529
v -0.10292811691761 0.13176840543747 0.03400367125869
v -0.10292811691761 0.13285008072853 0.04087333381176
v -0.10292811691761 0.1168367266655 0.04080462828279
v -0.10292811691761 0.11753357201815 0.03400367125869
v -0.10292811691761 0.11830193549395 0.04216087609529
v -0.10292811691761 0.1168367266655 0.03483065217733
v -0.10163053870201 0.13122208416462 0.03431601449847
v -0.10163053870201 0.13221879303455 0.03523619100451
v -0.10163053870201 0.13221879303455 0.0406460724771
v -0.10163053870201 0.13099850714207 0.04183246940374
v -0.10163053870201 0.11881333589554 0.04183246940374
v -0.10163053870201 0.11746321618557 0.04058277606964
v -0.10163053870201 0.11746321618557 0.03507805615664
v -0.10163053870201 0.11810534447432 0.03431601449847
v -0.02672774903476 0.11201063543558 -0.27823919057846
v -0.02048342116177 0.11082890629768 -0.27823919057846
v -0.02759884297848 0.11104542016983 -0.27823919057846
v -0.02160652913153 0.11201063543558 -0.27823919057846
v -0.02166645787656 0.09772126376629 -0.27823919057846
v -0.02759884297848 0.09834308922291 -0.27823919057846
v -0.02048342116177 0.09902873635292 -0.27823919057846
v -0.02687747962773 0.09772126376629 -0.27823919057846
v -0.02732639014721 0.11055790632963 -0.2769415974617
v -0.02652373351157 0.11144731938839 -0.2769415974617
v -0.02180476486683 0.11144731938839 -0.2769415974617
v -0.02076988480985 0.11035840958357 -0.2769415974617
v -0.02076988480985 0.0994850769639 -0.2769415974617
v -0.02185997739434 0.09828030318022 -0.2769415974617
v -0.02666167169809 0.09828030318022 -0.2769415974617
v -0.02732639014721 0.09885330498219 -0.2769415974617
v 0.06271236389875 0.0972370877862 -0.27732938528061
v 0.00495320744812 0.0972370877862 -0.27837777137756
v 0.06271236389875 0.11049815267324 -0.27715116739273
v 0.00495320744812 0.11049815267324 -0.27715116739273
v 0.06271236389875 0.09729188680649 -0.27802664041519
v 0.00495320744812 0.09729188680649 -0.27802664041519
v 0.06271236389875 0.11055295169353 -0.27784836292267
v 0.00495320744812 0.11055295169353 -0.27784836292267
v -0.03694245964289 0.05312981829047 0.2943711578846
v 0.02401800826192 0.05312981456518 0.2943711578846
v -0.03694245964289 0.06727347522974 0.2958636879921
v 0.02401800826192 0.06727347522974 0.2958636879921
v -0.03694245964289 0.05306523293257 0.29506504535675
v 0.02401800826192 0.05306522920728 0.29506504535675
v -0.03694245964289 0.06720889359713 0.29655757546425
v 0.02401800826192 0.06720889359713 0.29655757546425
v 0.03383277356625 0.09729188680649 -0.27802288532257
v 0.03383277356625 0.11055295169353 -0.27784457802773
v 0.03383277356625 0.0972370877862 -0.27837404608726
v 0.03383277356625 0.11049815267324 -0.27714741230011
v -0.00646221265197 0.14446911215782 0.23830534517765
v 0.02759552560747 0.14459677040577 0.23830534517765
v 0.03762969002128 0.14454080164433 0.23767338693142
v 0.03943529352546 0.14340327680111 0.23938870429993
v 0.03853249177337 0.14041036367416 0.24417354166508
v 0.02759552560747 0.14039576053619 0.24489580094814
v -0.00646221265197 0.14021055400372 0.24498610198498
v -0.04051994904876 0.14045330882072 0.24480552971363
v -0.04051994904876 0.14459677040577 0.23830534517765
v -0.05066426470876 0.1444246172905 0.23785394430161
v -0.05237958952785 0.14356933534145 0.23911787569523
v -0.05111566931009 0.14030213654041 0.24435409903526
v 0.0923650637269 0.08664696663618 -0.27253261208534
v 0.07932572066784 0.08664696663618 -0.27830511331558
v 0.09151177108288 0.08663560450077 -0.27539622783661
v -0.10442475229502 0.08664696663618 -0.27869588136673
v -0.10528948903084 0.08664696663618 -0.27253261208534
v -0.10210289806128 0.08664696663618 -0.28091096878052
v -0.09225014597178 0.08664696663618 -0.27830511331558
v -0.10783747583628 0.13397382199764 0.18998394906521
v -0.110436655581 0.13332480192184 0.1899828761816
v 0.07423256337643 0.15976846218109 0.19863975048065
v 0.05814164504409 0.15976846218109 0.20268622040749
v 0.0275955144316 0.15976846218109 0.20554211735725
v -0.0064622182399 0.15976846218109 0.20534183084965
v 0.07359325885773 0.17200556397438 0.18678392469883
v 0.05756488442421 0.17200556397438 0.19083039462566
v 0.0275955144316 0.17200556397438 0.19368629157543
v -0.0064622182399 0.17200556397438 0.19348601996899
v 0.07166516035795 0.19440117478371 0.16511099040508
v 0.05616307631135 0.19440117478371 0.16915747523308
v 0.0275955144316 0.19440117478371 0.17201335728168
v -0.0064622182399 0.19440117478371 0.17181308567524
v -0.0064622182399 0.15238204598427 0.21347683668137
v 0.0275955144316 0.15229806303978 0.21376955509186
v 0.05814164504409 0.15238206088543 0.21082116663456
v 0.07423256337643 0.15288607776165 0.20639845728874
v 0.07866751402617 0.15410412847996 0.2031411677599
v 0.0822796523571 0.15649820864201 0.19884468615055
v 0.08274166285992 0.15976846218109 0.19488233327866
v 0.08177563548088 0.17200556397438 0.1831509321928
v 0.0796929821372 0.19440115988255 0.16145017743111
v 0.07840272039175 0.20674011111259 0.14820539951324
v 0.07588262110949 0.2090921998024 0.14657056331635
v 0.0723544806242 0.21010023355484 0.14686949551106
v 0.06989818066359 0.21047601103783 0.14745050668716
v 0.05482451617718 0.2112010717392 0.1507003903389
v 0.02759551070631 0.21144424378872 0.15328915417194
v -0.0064622182399 0.21140223741531 0.15313504636288
v -0.08715700358152 0.15976846218109 0.19863975048065
v -0.0710660815239 0.15976846218109 0.20268622040749
v -0.04051995277405 0.15976846218109 0.20554211735725
v -0.08651769906282 0.17200556397438 0.18678392469883
v -0.07048932462931 0.17200556397438 0.19083039462566
v -0.04051995277405 0.17200556397438 0.19368629157543
v -0.08458960056305 0.19440117478371 0.16511099040508
v -0.06908751279116 0.19440117478371 0.16915747523308
v -0.04051995277405 0.19440117478371 0.17201335728168
v -0.04051995277405 0.15229806303978 0.21376955509186
v -0.0710660815239 0.15238206088543 0.21082116663456
v -0.08715700358152 0.15288607776165 0.20639845728874
v -0.09159194678068 0.15410412847996 0.2031411677599
v -0.0952040925622 0.15649820864201 0.19884468615055
v -0.09566610306501 0.15976846218109 0.19488233327866
v -0.09470007568598 0.17200556397438 0.1831509321928
v -0.0926174223423 0.19440115988255 0.16145017743111
v -0.09132715314627 0.20674011111259 0.14820539951324
v -0.08880706131458 0.2090921998024 0.14657056331635
v -0.0852789208293 0.21010023355484 0.14686949551106
v -0.08282262086868 0.21047601103783 0.14745050668716
v -0.06774895638227 0.2112010717392 0.1507003903389
v -0.04051994904876 0.21144424378872 0.15328915417194
v -0.01998368650675 0.04178724065423 0.16199678182602
v 0.00715628359467 0.04178724065423 0.16199678182602
v -0.01998368650675 0.04338915646076 0.06119146570563
v 0.00715628359467 0.04338915646076 0.06119146570563
v -0.01998368650675 0.1103367805481 0.16199678182602
v 0.00715628359467 0.1103367805481 0.16199678182602
v -0.01998368650675 0.11193868517876 0.06119146570563
v 0.00715628359467 0.11193868517876 0.06119146570563
v -0.09824441373348 0.13095326721668 0.16035720705986
v -0.09802348166704 0.15504543483257 0.18018706142902
v -0.09588831663132 0.14054849743843 0.16669715940952
v -0.0049684997648 0.13047717511654 0.16084057092667
v -0.0064622182399 0.15504543483257 0.18018706142902
v -0.00546640716493 0.14002822339535 0.16688537597656
v 0.08234395831823 0.13000105321407 0.16132391989231
v 0.07419279962778 0.13898767530918 0.16726170480251
v 0.09039104729891 0.1503408998251 0.18018706142902
v 0.09037411212921 0.13056191802025 0.18832260370255
v 0.08037028461695 0.2122904509306 0.12668852508068
v 0.08046218752861 0.21183690428734 0.13548314571381
v 0.08037028461695 0.2122904509306 0.12199807912111
v 0.09059245884418 0.11494113504887 0.06268189847469
v 0.08048833161592 0.21168553829193 0.07714545726776
v 0.08274166285992 0.15976846218109 0.19488231837749
v 0.0796929821372 0.19440117478371 0.16145017743111
v 0.07588262110949 0.20909218490124 0.14657056331635
v 0.08509904891253 0.15504543483257 0.18018706142902
v 0.08266155421734 0.16644547879696 0.18018917739391
v 0.07520025223494 0.2122904509306 0.12199807912111
v 0.07520023733377 0.2122904509306 0.12668852508068
v 0.08177525550127 0.17233794927597 0.17535769939423
v 0.07849583774805 0.19460116326809 0.1539548188448
v 0.07529216259718 0.21183690428734 0.13548314571381
v 0.0764223113656 0.20575672388077 0.14199933409691
v 0.09236503392458 0.10166652500629 0.06450457125902
v 0.09236504882574 0.06752363592386 0.06931417435408
v 0.09009393304586 0.15230397880077 0.06308262050152
v 0.08682235330343 0.17428633570671 0.06331831216812
v 0.08349833637476 0.19627676904202 0.06355421245098
v 0.02759551815689 0.15229806303978 0.21376955509186
v 0.07423256337643 0.15288609266281 0.20639845728874
v 0.07866751402617 0.15410414338112 0.20314115285873
v 0.08227964490652 0.15649819374084 0.19884467124939
v 0.08961897343397 0.04389703273773 0.07264240831137
v 0.08961898088455 0.04297180101275 0.14369271695614
v 0.09164606034756 0.05544845014811 0.14697001874447
v 0.09236504882574 0.06633275747299 0.15078909695148
v 0.09236504882574 0.07638595998287 0.15707516670227
v 0.09164606034756 0.05659116059542 0.07085420936346
v -0.00646223779768 0.13095326721668 0.16035720705986
v -0.0064622182399 0.19611325860024 0.06400453299284
v -0.0064622182399 0.17408393323421 0.06327973306179
v -0.0064622182399 0.14665758609772 0.06297567486763
v -0.0064622182399 0.11447577178478 0.06270799785852
v -0.0064622182399 0.15238204598427 0.21347683668137
v -0.0064622182399 0.04307460784912 0.14359174668789
v -0.09558598697186 0.16644547879696 0.18018917739391
v -0.10331547260284 0.1503408998251 0.18018706142902
v -0.09341277182102 0.21168553829193 0.07714545726776
v -0.08812468498945 0.2122904509306 0.12199807912111
v -0.09329471737146 0.2122904509306 0.12199807912111
v -0.10329854488373 0.13056191802025 0.18832260370255
v -0.09469968825579 0.17233794927597 0.17535769939423
v -0.09142027050257 0.19460116326809 0.1539548188448
v -0.08934674412012 0.20575672388077 0.14199933409691
v -0.0882165953517 0.21183690428734 0.13548314571381
v -0.09338662773371 0.21183690428734 0.13548314571381
v -0.08812467008829 0.2122904509306 0.12668852508068
v -0.09329471737146 0.2122904509306 0.12668852508068
v -0.09566609561443 0.15976846218109 0.19488231837749
v -0.0947000682354 0.17200556397438 0.1831509321928
v -0.09261741489172 0.19440117478371 0.16145017743111
v -0.09132715314627 0.20674011111259 0.14820539951324
v -0.088807053864 0.20909218490124 0.14657056331635
v -0.10351688414812 0.11494113504887 0.06268189847469
v -0.0064622182399 0.09241422265768 0.06580995768309
v -0.1052894666791 0.10166652500629 0.06450457125902
v -0.0064622182399 0.05646829307079 0.07077891379595
v -0.10528948158026 0.06752363592386 0.06931417435408
v -0.09642277657986 0.19627676904202 0.06355421245098
v -0.09974678605795 0.17428633570671 0.06331831216812
v -0.10301836580038 0.15230397880077 0.06308262050152
v -0.04051994904876 0.15229806303978 0.21376955509186
v -0.0710660815239 0.15238206088543 0.21082116663456
v -0.08715699613094 0.15288609266281 0.20639845728874
v -0.09159194678068 0.15410414338112 0.20314115285873
v -0.09520408511162 0.15649819374084 0.19884467124939
v -0.10457048565149 0.05659116059542 0.07085420936346
v -0.10254340618849 0.04389703273773 0.07264240831137
v -0.0064622182399 0.04402782395482 0.07251683622599
v -0.10254341363907 0.04297180101275 0.14369271695614
v -0.0064622182399 0.0556948594749 0.1469714641571
v -0.10457048565149 0.05544845014811 0.14697001874447
v -0.0064622182399 0.0665887221694 0.15061843395233
v -0.10528948158026 0.06633275747299 0.15078909695148
v -0.0064622182399 0.076495192945 0.15698866546154
v -0.10528948158026 0.07638595998287 0.15707516670227
v 0.07701297849417 0.14054849743843 0.16669714450836
v 0.08549874275923 0.13095326721668 0.16035720705986
v 0.09236501157284 0.07638595253229 0.1572151184082
v -0.00646223779768 0.07649514079094 0.15723824501038
v -0.1052894666791 0.07638595253229 0.1572151184082
v -0.00646223127842 0.14054849743843 0.16669715940952
v 0.09236504137516 0.09664388000965 0.18801425397396
v 0.09236504882574 0.08552026748657 0.16543027758598
v 0.09236505627632 0.09298466145992 0.17663434147835
v 0.09004986286163 0.1088412925601 0.18812517821789
v -0.10333058983088 0.1088412925601 0.18812517821789
v -0.10528948158026 0.08552026748657 0.16543027758598
v -0.10528949648142 0.09298466145992 0.17663434147835
v -0.10528947412968 0.09664388000965 0.18801425397396
v 0.08829232305288 0.10675941407681 0.15446570515633
v 0.09140983968973 0.09568231552839 0.16103373467922
v 0.09140983968973 0.09235299378634 0.16041466593742
v 0.09160210192204 0.08532477170229 0.1590551584959
v -0.10373588651419 0.08532476425171 0.1590551584959
v -0.10373588651419 0.09235299378634 0.16041466593742
v -0.10373588651419 0.09568231552839 0.16103373467922
v -0.09643633663654 0.10675941407681 0.15446570515633
v -0.00646223779768 0.09558346122503 0.1610157340765
v -0.00646223081276 0.10675941407681 0.15446570515633
v -0.00646223127842 0.08529407531023 0.15904903411865
v -0.00646222475916 0.09235299378634 0.16042251884937
v 0.08961897343397 0.04389702901244 0.06317961961031
v 0.08961898088455 0.04297179728746 0.13558107614517
v -0.0064622182399 0.04307460784912 0.13548010587692
v -0.10254340618849 0.04389702901244 0.06317961961031
v -0.10254341363907 0.04297179728746 0.13558107614517
v 0.07859379053116 0.21956865489483 0.12722092866898
v 0.07845270633698 0.2205469161272 0.06381020694971
v 0.08349835127592 0.19627676904202 0.06355421245098
v 0.07871081680059 0.21830074489117 0.13247475028038
v 0.08637218177319 0.17213881015778 0.18059258162975
v 0.08318296074867 0.19451233744621 0.15874508023262
v 0.07991161197424 0.212960511446 0.13867731392384
v 0.07951180636883 0.21488386392593 0.13636961579323
v 0.09037411212921 0.13056191802025 0.18832263350487
v 0.09000886976719 0.15020154416561 0.18850117921829
v 0.08892749249935 0.15821270644665 0.18857404589653
v -0.10293330252171 0.15020154416561 0.18850117921829
v -0.10329854488373 0.13056191802025 0.18832263350487
v -0.10185192525387 0.15821270644665 0.18857404589653
v -0.09929662197828 0.17213881015778 0.18059258162975
v -0.09610739350319 0.19451233744621 0.15874508023262
v -0.09283604472876 0.212960511446 0.13867731392384
v -0.09243623912334 0.21488386392593 0.13636961579323
v -0.09163524955511 0.21830074489117 0.13247475028038
v -0.09151822328568 0.21956865489483 0.12722092866898
v -0.09137713909149 0.2205469161272 0.06381020694971
v -0.09642278403044 0.19627676904202 0.06355421245098
v 0.08783776313066 0.16644547879696 0.18018914759159
v 0.08367205411196 0.19460116326809 0.15395480394363
v 0.0869514644146 0.17233794927597 0.17535769939423
v 0.08167527616024 0.20559477806091 0.0712823420763
v 0.08094172924757 0.20940646529198 0.07216183841228
v -0.10076219588518 0.16644547879696 0.18018914759159
v -0.09459971636534 0.20559477806091 0.0712823420763
v -0.09386616200209 0.20940646529198 0.07216183841228
v -0.09987590461969 0.17233794927597 0.17535769939423
v -0.09659648686647 0.19460116326809 0.15395480394363
v -0.0064622182399 0.20554409921169 0.0714089050889
v -0.0064622182399 0.20940646529198 0.07216185331345
v 0.07235448807478 0.21010023355484 0.14686949551106
v 0.06989818066359 0.21047599613667 0.14745050668716
v -0.0828226134181 0.21047599613667 0.14745050668716
v 0.02759551070631 0.21144422888756 0.15328915417194
v -0.0064622182399 0.21297636628151 0.13001246750355
v -0.06774894893169 0.2112010717392 0.1507003903389
v -0.04051994532347 0.21144422888756 0.15328915417194
v -0.0064622182399 0.21140222251415 0.15313504636288
v -0.0064622182399 0.20792800188065 0.07328054308891
v 0.08961898088455 0.09543722122908 0.13403323292732
v 0.08961897343397 0.09636246412992 0.06404162198305
v -0.0064622182399 0.09649323672056 0.06391604989767
v -0.10254340618849 0.09636246412992 0.06404162198305
v -0.10254341363907 0.09543722122908 0.13403323292732
v -0.0064622182399 0.09554003179073 0.13393226265907
v 0.07107338309288 0.09461108595133 0.06829156726599
v 0.01906964182854 0.09461108595133 0.06843219697475
v 0.0731445401907 0.16659282147884 0.06392569839954
v 0.01953862980008 0.16659282147884 0.06392569839954
v 0.07018204033375 0.11060416698456 0.08902487903833
v 0.0225011203438 0.11060418188572 0.08902486413717
v 0.07128165662289 0.16853338479996 0.08013694733381
v 0.02140153758228 0.16853341460228 0.08013694733381
v 0.03135828301311 0.18126520514488 0.06392569839954
v 0.06132490187883 0.18126517534256 0.0639257133007
v 0.03059208579361 0.1799990683794 0.07727344334126
v 0.06209110468626 0.17999903857708 0.07727345824242
v 0.07523613423109 0.09461107105017 0.13213928043842
v 0.01744701527059 0.09461108595133 0.13213928043842
v 0.07180709391832 0.11060417443514 0.12730154395103
v 0.02087610960007 0.11060418188572 0.12730154395103
v -0.03330343589187 0.09461108595133 0.06829156726599
v -0.08530717343092 0.09461108595133 0.06843219697475
v -0.03123227693141 0.16659282147884 0.06392569839954
v -0.08483816683292 0.16659282147884 0.06392569839954
v -0.03419478237629 0.11060418188572 0.08902487903833
v -0.08187571167946 0.11060419678688 0.08902486413717
v -0.03309515118599 0.16853338479996 0.08013694733381
v -0.08297527581453 0.16853341460228 0.08013694733381
v -0.07301852852106 0.18126520514488 0.06392569839954
v -0.04305190220475 0.18126517534256 0.0639257133007
v -0.07378470897675 0.1799990683794 0.07727344334126
v -0.04228570312262 0.17999903857708 0.07727345824242
v -0.02914068847895 0.09461107105017 0.13213928043842
v -0.0869297683239 0.09461110830307 0.13213928043842
v -0.03256973996758 0.11060417443514 0.12730154395103
v -0.08350069820881 0.11060419678688 0.12730154395103
v 0.08961898088455 0.04297179728746 0.14429003000259
v -0.0064622182399 0.04307460784912 0.14418905973434
v -0.10254341363907 0.04297179728746 0.14429003000259
v -0.00347476196475 0.13000105321407 0.16132391989231
v -0.00347475847229 0.13898767530918 0.16726171970367
v -0.00355839775875 0.15332913398743 0.1805248260498
v 0.0821952149272 0.15332913398743 0.1805248260498
v 0.07410915195942 0.1397517323494 0.16789063811302
v -0.00355840474367 0.1397517323494 0.16789063811302
# 1639 vertices

vn 0.9803159236908 0.19308179616928 0.04123222827911
vn 0.83999961614609 0.24396455287933 0.48464623093605
vn 0.89570397138596 0.43940421938896 0.06810563802719
vn 0 0 0
vn 0.16974523663521 0.34861743450165 0.92176592350006
vn 0.27140882611275 -0.20014272630215 0.94142454862595
vn 0.27096027135849 -0.20290559530258 0.94096219539642
vn 0.16745837032795 0.33257207274437 0.92809134721756
vn 0.37302094697952 -0.86091291904449 -0.34595417976379
vn 0.41839861869812 -0.69081860780716 0.58967131376266
vn 0.35298806428909 -0.69342547655106 0.62814050912857
vn 0.18032132089138 -0.98309850692749 -0.03164677321911
vn 0.66937333345413 -0.41574376821518 0.61570805311203
vn 0.78497135639191 -0.61272573471069 0.09158147126436
vn 0.41969758272171 -0.89617317914963 0.14397057890892
vn 0.43214306235313 -0.61984819173813 0.65501189231873
vn 0.80437731742859 -0.14644427597523 0.5757874250412
vn 0.97720569372177 -0.20620678365231 0.05047562345862
vn 0.62206488847733 0.57280778884888 0.53378510475159
vn 0.65831738710403 0.73453778028488 0.16453719139099
vn 0.28308263421059 0.72574490308762 0.62702357769012
vn 0.25557455420494 0.91610234975815 0.30893066525459
vn -0.06457576155663 0.66861325502396 0.74080115556717
vn -0.17598204314709 0.8733971118927 0.45410114526749
vn -0.32095476984978 0.45576992630959 0.830217897892
vn -0.59974235296249 0.57517665624619 0.55631017684937
vn -0.46806940436363 0.12613271176815 0.87464368343353
vn -0.80503982305527 0.16717801988125 0.56917697191238
vn -0.50112819671631 0.19539168477058 0.84302586317062
vn -0.84555917978287 0.42241105437279 0.3264944255352
vn -0.36174702644348 0.57310318946838 0.73531746864319
vn -0.09676000475883 0.82103341817856 0.56262028217316
vn -0.3409977555275 0.86340874433517 -0.37181431055069
vn 0.05296659097075 0.88460803031921 0.46331763267517
vn -0.12737110257149 0.8911651968956 -0.43543222546577
vn 0.83065170049667 0.03020008839667 0.55597275495529
vn 0.99846965074539 0.03972992673516 0.03846869617701
vn 0.03422245383263 0.31503763794899 0.94846194982529
vn 0.33531630039215 0.36660087108612 0.86785185337067
vn 0.38227209448814 0.11647337675095 0.91667985916138
vn -0.01883408427238 0.0898684039712 0.99577552080154
vn 0.36365395784378 0.07702339440584 0.92834430932999
vn 0.3836013674736 -0.22594465315342 0.89543229341507
vn 0.38699528574944 0.04459515959024 0.92100268602371
vn -0.02936495095491 0.11795501410961 0.99258464574814
vn 0.06945381313562 0.38266503810883 0.92127281427383
vn -0.19184263050556 -0.0000014684083 -0.98142570257187
vn -0.19184228777885 -0.00000067057658 -0.98142576217651
vn -0.1918421536684 -0.00000084211183 -0.98142582178116
vn -0.1918398141861 0.00000248724064 -0.98142623901367
vn -0.19184072315693 0.00000154899158 -0.98142606019974
vn -0.19184109568596 0.00000402127534 -0.98142600059509
vn -0.19184045493603 -0.00000937396999 -0.98142611980438
vn -0.19184094667435 -0.00001535236515 -0.98142606019974
vn -0.84015560150146 -0.21637907624245 -0.49731141328812
vn -0.17252404987812 -0.02369846217334 -0.98472017049789
vn 0.02320034243166 -0.34794750809669 -0.93722689151764
vn -0.36892160773277 -0.78905737400055 -0.49120804667473
vn -0.19184142351151 0.00000418579839 -0.98142594099045
vn -0.19184133410454 0.00000744651015 -0.98142594099045
vn 0.37094333767891 -0.92464220523834 -0.08624263107777
vn 0.74377363920212 -0.65213018655777 -0.14672063291073
vn 0.96312725543976 -0.21839833259583 -0.15712453424931
vn 0.98602706193924 0.04318587109447 -0.16089017689228
vn 0.96949446201324 0.19189669191837 -0.15249978005886
vn 0.8757067322731 0.47481548786163 -0.08768077939749
vn 0.62571978569031 0.7787754535675 0.04453765973449
vn 0.24401950836182 0.94650942087173 0.21112641692162
vn -0.18399140238762 0.90671807527542 0.37948578596115
vn -0.64270240068436 0.61051243543625 0.46282625198364
vn -0.90171176195145 0.12318790704012 0.41441595554352
vn -0.77551853656769 0.30280748009682 -0.55396622419357
vn -0.88945722579956 -0.2504263818264 0.38229894638062
vn -0.56068271398544 -0.78733092546463 0.25640770792961
vn -0.03514629229903 -0.99840211868286 0.04424822703004
vn -0.20014847815037 0.3015658557415 -0.93220096826553
vn 0.98745381832123 -0.15789249539375 -0.00221332907677
vn 0.99371242523193 -0.11195102334023 -0.00159556337167
vn 0.99945843219757 -0.03290223702788 -0.00048744742526
vn 1 0 0
vn 0.9952472448349 0.09736661612988 0.00161538028624
vn 0.99457544088364 0.10400313138962 0.00173585826997
vn 0.99991101026535 0.01334048900753 0.00024198976462
vn -0.98745381832123 -0.1578925549984 -0.00221332721412
vn -0.99371242523193 -0.11195106059313 -0.00159553915728
vn -0.99945843219757 -0.03290223330259 -0.0004874241713
vn -1 0 0
vn -0.99524730443954 0.09736655652523 0.0016156436177
vn -0.99457544088364 0.10400307178497 0.00173612579238
vn -0.99991101026535 0.01334048807621 0.00024199810287
vn 0.99768507480621 0.06799429655075 0.00112868554424
vn 0.99593585729599 0.08505687862635 0.02961518615484
vn 0.98743987083435 0.14299960434437 0.06718371808529
vn 0.97517198324203 0.20368899405003 0.0868929028511
vn 0.8766685128212 0.38576996326447 0.28746104240417
vn 0.75824636220932 0.49784287810326 0.42096900939941
vn 0.80555349588394 0.46237310767174 0.37053301930428
vn 0.86727941036224 0.39888581633568 0.29785320162773
vn 0.86078780889511 0.42344945669174 0.28237357735634
vn 0.88992059230804 0.40434139966965 0.21106718480587
vn 0.91004180908203 0.3824288547039 0.15991254150867
vn 0.99958378076553 0.01753247715533 0.02291049621999
vn 0.99449837207794 0.10473727434874 0.00174282304943
vn 0.9988979101181 0.04681295529008 0.00339068868198
vn 0.99997359514236 0.00726796640083 0.00020051958563
vn 0.9999908208847 0.00428128801286 -0.00004927611735
vn 0.99994736909866 0.00788109749556 0.00656493892893
vn 0.99974769353867 0.01560630463064 0.01615698076785
vn 0.994777739048 0.1020510867238 0.00169401825406
vn 0.91403186321259 0.37902021408081 0.14453175663948
vn -0.99768507480621 0.06799466907978 0.00112864444964
vn -0.98743981122971 0.14299988746643 0.06718409061432
vn -0.99593579769135 0.08505749702454 0.02961613610387
vn -0.97517186403275 0.20368953049183 0.08689320832491
vn -0.80555582046509 0.46237090229988 0.37053069472313
vn -0.75824934244156 0.49784064292908 0.4209663271904
vn -0.87666976451874 0.38576853275299 0.28745916485786
vn -0.86728078126907 0.39888420701027 0.2978512942791
vn -0.86078822612762 0.42344897985458 0.28237307071686
vn -0.88992100954056 0.40434113144875 0.21106605231762
vn -0.91004377603531 0.38242533802986 0.15990982949734
vn -0.99958378076553 0.01753237470984 0.02291074581444
vn -0.99889844655991 0.04680196195841 0.00339048728347
vn -0.99449932575226 0.10472850501537 0.0017425903352
vn -0.9999737739563 0.00723942928016 0.0001996376086
vn -0.99999094009399 0.00426319986582 -0.00004922305743
vn -0.99994736909866 0.00788163300604 0.00656537525356
vn -0.99974769353867 0.0156057337299 0.01615665853024
vn -0.99477767944336 0.10205163806677 0.00169395655394
vn -0.91403436660767 0.37901499867439 0.14452962577343
vn 0.97535371780396 0.22058875858784 0.00507298624143
vn 0.97675067186356 0.21022252738476 -0.04200756922364
vn 0.97700387239456 0.19292525947094 -0.09079251438379
vn 0.97505390644073 0.17060199379921 -0.14200289547443
vn 0.97451817989349 0.13494527339935 -0.17917619645596
vn 0.99932855367661 -0.03503120318055 -0.01073418464512
vn 0.97747510671616 0.05761186778545 -0.20303532481194
vn 0.99274486303329 -0.11769384890795 -0.02461205236614
vn 0.9752379655838 -0.0547682903707 -0.2142693400383
vn 0.98142999410629 -0.1906855404377 -0.02083774097264
vn 0.96702116727829 -0.14962783455849 -0.20611046254635
vn 0.97626447677612 -0.21613228321075 -0.01394699793309
vn 0.9618849158287 -0.18812368810177 -0.19846123456955
vn 0.97488605976105 0.21737630665302 0.04842199012637
vn 0.97369283437729 0.20798589289188 0.09308104217052
vn 0.98220586776733 0.17070287466049 0.07830792665482
vn 0.99539142847061 0.09239292144775 0.0256797131151
vn 0.99964940547943 0.00837858207524 0.02511625364423
vn 0.97942233085632 0.19701857864857 0.04376712441444
vn 0.99929308891296 -0.0363504588604 0.00959056615829
vn 0.99903035163879 -0.0297918766737 0.03241600841284
vn 0.99100679159164 -0.13186493515968 0.02274246700108
vn 0.99101364612579 -0.12721899151802 0.04131967574358
vn 0.95316642522812 -0.30182114243507 0.0194349270314
vn 0.95356291532516 -0.29837870597839 0.04108460992575
vn 0.91243022680283 -0.40904513001442 0.01237673591822
vn 0.91268491744995 -0.40693724155426 0.03752743825316
vn 0.95598393678665 0.2933414876461 0.00674611609429
vn 0.90797597169876 0.41089895367622 -0.08210759609938
vn 0.90894508361816 0.37723016738892 -0.17752821743488
vn 0.90130120515823 0.33294674754143 -0.27713277935982
vn 0.89925736188889 0.26315426826477 -0.34940814971924
vn 0.91042125225067 0.14779697358608 -0.38637965917587
vn 0.91842740774155 0.01041609700769 -0.39545235037804
vn 0.95063561201096 -0.1648138910532 -0.26292258501053
vn 0.95586097240448 -0.22023120522499 -0.19449430704117
vn 0.96792924404144 0.2363950163126 0.08503156155348
vn 0.97819948196411 0.20743501186371 0.00982428807765
vn 0.97650837898254 0.21327446401119 -0.03074802458286
vn 0.97366732358932 0.2120511084795 -0.08370335400105
vn 0.96803402900696 0.20636349916458 -0.14256301522255
vn 0.9985773563385 0.01028541382402 -0.052320394665
vn 0.95944494009018 0.23375651240349 -0.15755397081375
vn 0.99904632568359 0.01654731296003 -0.04040638357401
vn 0.99835681915283 0.0240017902106 -0.05203384906054
vn 0.96936750411987 0.23667494952679 -0.06566283106804
vn 0.99586856365204 -0.06091017276049 -0.06734763085842
vn 0.99719494581223 -0.06679258495569 -0.03377856314182
vn 0.96223193407059 -0.2611241042614 -0.07696663588285
vn 0.96250700950623 -0.26770144701004 -0.04377391561866
vn 0.92317008972168 -0.37743881344795 -0.07278034836054
vn 0.9204329252243 -0.38822928071022 -0.04562125355005
vn 0.97897046804428 0.19829417765141 0.04791898280382
vn 0.97969526052475 0.17888453602791 0.09054045379162
vn 0.98041635751724 0.14766784012318 0.13029953837395
vn 0.97994273900986 0.10850047320127 0.1671521961689
vn 0.99936425685883 -0.03452961146832 0.00887396931648
vn 0.97847533226013 0.03969188407063 0.20251066982746
vn 0.99188995361328 -0.12624622881413 0.01470220834017
vn 0.97697865962982 -0.06184716522694 0.20417547225952
vn 0.9803175330162 -0.19732993841171 0.00619527790695
vn 0.97151148319244 -0.16359747946262 0.17146816849709
vn 0.97736603021622 -0.21155385673046 0.00077005132334
vn 0.96553814411163 -0.210528627038 0.15301550924778
vn 0.97819942235947 0.20743514597416 0.00982426851988
vn 0.9765083193779 0.21327471733093 -0.0307480674237
vn 0.97366732358932 0.21205125749111 -0.08370339870453
vn 0.96803402900696 0.20636360347271 -0.14256303012371
vn 0.9358274936676 0.32944804430008 -0.12526343762875
vn 0.98661857843399 0.1584834754467 0.03829848393798
vn 0.97994273900986 0.10850047320127 0.16715221107006
vn 0.97938776016235 0.04049757495522 0.19788765907288
vn 0.97908329963684 -0.05459540337324 0.19599793851376
vn 0.96944856643677 -0.17949666082859 0.16718396544456
vn 0.9552395939827 -0.25447916984558 0.15085649490356
vn 0.99945467710495 -0.03301757201552 -0.00048911978956
vn 0.99372118711472 -0.11187246441841 -0.00166337902192
vn 0.96425592899323 -0.26494890451431 -0.00354750757106
vn 0.95250809192657 -0.30447939038277 -0.00453863572329
vn 0.99730062484741 0.07341992110014 0.00101133086719
vn 0.99560457468033 0.09364356100559 0.0015483268071
vn 0.99725669622421 0.07401280105114 0.0010717168916
vn 0.99784648418427 0.06558808684349 0.00076123257168
vn 0.98357957601547 0.18047502636909 0.00010808537627
vn 0.98389798402786 0.17873080074787 0.00026024246472
vn 0.8747735619545 0.48450398445129 0.00520616676658
vn 0.90882062911987 0.41717568039894 0.00308195827529
vn 0.99802547693253 0.06280633062124 -0.00070251704892
vn 0.99822777509689 0.05950114876032 -0.00097395072225
vn 0.98874229192734 0.14962826669216 0.00004242155774
vn 0.98861557245255 0.15046337246895 0.00002451161527
vn 0.95143282413483 -0.3078179359436 -0.00487075699493
vn 0.99594694375992 0.08993754535913 0.00098051386885
vn 0.99935448169708 0.03592260554433 0.00039159067092
vn 0.89770746231079 0.42477115988731 -0.11700744926929
vn 0.97169148921967 0.19896531105042 -0.12739105522633
vn 0.92566657066345 0.16525633633137 0.34034067392349
vn 0.98024135828018 0.18094825744629 0.079903870821
vn 0.9779971241951 0.1644661128521 -0.12834525108337
vn 0.97416764497757 0.20678626000881 -0.09075699746609
vn 0.99500793218613 0.01125727407634 -0.09915884584188
vn 0.99300312995911 -0.07030356675386 -0.09488017112017
vn 0.95698195695877 -0.27693638205528 -0.08655494451523
vn 0.90792524814606 -0.41150933504105 -0.07957299053669
vn 0.964823782444 0.25755453109741 -0.05273206904531
vn 0.99438178539276 0.10577653348446 0.00402602460235
vn 0.99811851978302 0.0584876537323 0.0184029173106
vn 0.96061480045319 0.27339658141136 -0.04973384737968
vn 0.99237388372421 0.12306086719036 0.00707665504888
vn 0.99616146087646 0.04847586527467 0.07288663089275
vn 0.99756973981857 0.06009563803673 0.03525774553418
vn 0.96196627616882 0.26106426119804 0.08041372150183
vn 0.96222293376923 0.26094841957092 0.07767210900784
vn 0.99663752317429 0.01201409287751 0.08105118572712
vn 0.9872060418129 -0.12648612260818 0.0970851033926
vn 0.99569946527481 -0.02869029156864 0.08808789402246
vn 0.94906771183014 -0.29750618338585 0.10373297333717
vn 0.90741807222366 -0.40702521800995 0.10451252013445
vn 0.91044038534164 0.29168772697449 0.29328584671021
vn 0.91763889789581 0.13040833175182 0.37540978193283
vn 0.85757368803024 0.26116487383842 0.44312560558319
vn 0.90270584821701 0.35280877351761 0.24626830220222
vn 0.97643667459488 0.21558931469917 0.00962776131928
vn 0.4766848385334 0.77214556932449 0.42019382119179
vn 0.57670271396637 0.73063784837723 0.36548906564713
vn 0.81551456451416 0.52667564153671 0.23989315330982
vn 0.82744717597961 0.50889557600021 0.23739512264729
vn 0.67321264743805 0.62081962823868 0.40170603990555
vn 0.85103875398636 0.4570124745369 0.25859755277634
vn 0.77940768003464 0.42961382865906 -0.4560215473175
vn 0.85050451755524 0.2267882078886 -0.47456204891205
vn 0.86790686845779 0.12225289642811 -0.48144775629044
vn 0.96805566549301 0.24810481071472 -0.03622467443347
vn 0.33680132031441 0.38569188117981 0.85895669460297
vn 0.85791325569153 0.18608941137791 -0.47891077399254
vn 0.85175728797913 0.19597147405148 -0.4859060049057
vn 0.86626970767975 0.01225910242647 -0.49942618608475
vn 0.87232166528702 -0.05735886469483 -0.48555624485016
vn 0.85579228401184 -0.27114281058311 -0.44056910276413
vn 0.81136894226074 -0.42955875396729 -0.39643368124962
vn 0.81668120622635 0.3503300845623 -0.45858550071716
vn 0.40841072797775 0.37159597873688 -0.83373683691025
vn 0.44559851288795 0.20727597177029 -0.87090677022934
vn 0.43917268514633 0.08144217729568 -0.89470356702805
vn 0.43514978885651 0.11679146438837 -0.89275103807449
vn 0.43736726045609 0.16534900665283 -0.88395112752914
vn 0.3331433236599 0.2041966766119 -0.92049944400787
vn 0.35120075941086 0.02698222734034 -0.93591129779816
vn 0.44308876991272 -0.02781804092228 -0.89604604244232
vn 0.45376995205879 -0.23362079262733 -0.85995006561279
vn 0.44047772884369 -0.41545793414116 -0.79584801197052
vn 0.39766523241997 0.3242095708847 -0.85834169387817
vn 0.72481417655945 0.214260622859 0.65477991104126
vn 0.91301745176315 0.08529012650251 0.39890444278717
vn 0.73708897829056 0.13462236523628 0.66225117444992
vn 0.87352377176285 0.3117161989212 0.37388390302658
vn 0.63275092840195 0.41153028607368 0.65594899654388
vn 0.50237894058228 0.71988588571548 0.47893607616425
vn 0.68916881084442 0.50022262334824 0.52423632144928
vn 0.70595788955688 0.35301288962364 0.61400759220123
vn 0.66899114847183 0.60012996196747 0.43851432204247
vn 0.99989771842957 0.01430021133274 -0.00006077747094
vn 0.99989759922028 0.01430503092706 -0.00036192176049
vn 0.99990034103394 0.01411499455571 -0.00028179949732
vn 0.99984806776047 0.0174299813807 0.00006087947258
vn 0.99980616569519 0.01968709751964 0.00025007221848
vn 0.99980318546295 0.01984057202935 -0.00000095566918
vn 0.99983233213425 0.01826715655625 -0.00127129629254
vn 0.99984973669052 0.01721307076514 -0.00204171077348
vn 0.99986535310745 0.01633880659938 -0.0015043556923
vn 0.99990773200989 0.01354916580021 -0.00096648244653
vn 0.92986184358597 -0.12953731417656 -0.34435018897057
vn 0.92826384305954 -0.34501415491104 -0.13889381289482
vn 0.96984934806824 -0.16782972216606 -0.1767070889473
vn 0.96151304244995 0.21953189373016 -0.16522222757339
vn 0.92545074224472 0.19341523945332 -0.3257782459259
vn 0.90483868122101 0.40982922911644 -0.11535584926605
vn 0.9495604634285 0.23154149949551 0.21147912740707
vn 0.88595575094223 0.21309316158295 0.41191476583481
vn 0.88586616516113 0.4348840713501 0.1616076529026
vn 0.96095651388168 -0.18735943734646 0.20361477136612
vn 0.90164583921432 -0.16560661792755 0.39951118826866
vn 0.91495019197464 -0.3754660487175 0.14795732498169
vn 0.98882007598877 0.14724020659924 0.02356197685003
vn 0.98833978176117 0.00135764782317 -0.1522586196661
vn 0.96706116199493 -0.12925015389919 -0.21928764879704
vn 0.97453504800797 -0.17651081085205 -0.13829439878464
vn 0.99855291843414 -0.05245829373598 -0.01184284500778
vn 0.99579358100891 -0.07426361739635 0.05366571247578
vn 0.99400901794434 0.09574738889933 0.05271126329899
vn 0.99732649326324 0.0720658749342 0.01209971308708
vn 0.98937863111496 -0.01212526019663 0.14485469460487
vn 0.98582273721695 0.09279557317495 0.13979460299015
vn 0.99772047996521 -0.00292373169214 -0.06741895526648
vn 0.99737983942032 0.04195777326822 -0.05893218144774
vn 0.96854418516159 0.24748721718788 -0.0259268488735
vn 0.97168189287186 0.21906639635563 -0.0885678306222
vn 0.74236172437668 0.6358950138092 -0.2110368013382
vn 0.9974393248558 -0.04980657249689 -0.05132321640849
vn 0.9916398525238 0.01564275100827 -0.12808455526829
vn 0.89819449186325 0.28790062665939 0.33220452070236
vn 0.65735852718353 0.33368250727654 0.67567425966263
vn 0.94901287555695 -0.04375945031643 0.31218534708023
vn 0.73354524374008 -0.06178972125053 0.67682594060898
vn 0.73121249675751 0.04291581735015 0.68079841136932
vn 0.94967871904373 0.01692188903689 0.31276828050613
vn 0.93466860055923 -0.14194928109646 0.32595244050026
vn 0.71737432479858 -0.15410602092743 0.6794301867485
vn 0.88859182596207 -0.30990496277809 0.33817675709724
vn 0.68459218740463 -0.29925286769867 0.66466629505157
vn 0.8432520031929 -0.41810837388039 0.33780390024185
vn 0.65805810689926 -0.390749335289 0.64364153146744
vn 0.52266657352448 0.37106093764305 0.76755028963089
vn 0.31227234005928 0.59568673372269 0.74002921581268
vn 0.38557511568069 0.38502052426338 0.83850526809692
vn 0.2926581799984 0.26979166269302 0.91736775636673
vn 0.4426383972168 0.05614177137613 0.89494097232819
vn 0.1875364035368 0.06714335083961 0.97996014356613
vn 0.18687270581722 -0.09308925271034 0.97796368598938
vn 0.44122639298439 -0.08110719919205 0.89372307062149
vn 0.42603403329849 -0.17905630171299 0.88681107759476
vn 0.17575061321259 -0.22342869639397 0.95874464511871
vn 0.40161371231079 -0.31928113102913 0.85835075378418
vn 0.14938868582249 -0.3914153277874 0.90800720453262
vn 0.38584166765213 -0.40163445472717 0.8305516242981
vn 0.13130082190037 -0.4787859916687 0.86805760860443
vn 0.43091297149658 0.18617741763592 0.8829790353775
vn 0.74558293819427 0.06911429017782 0.66281914710999
vn 0.3956606388092 0.26930311322212 0.87802535295486
vn 0.69445830583572 0.13423797488213 0.70690011978149
vn 0.32131537795067 0.39491379261017 0.86069715023041
vn 0.57603484392166 0.26034793257713 0.77485662698746
vn 0.21292136609554 0.63035583496094 0.74653601646423
vn 0.38910019397736 0.54581594467163 0.74208217859268
vn 0.13095945119858 0.79232490062714 0.59587818384171
vn 0.28118854761124 0.76031488180161 0.58553755283356
vn 0.0961646437645 0.83215183019638 0.54614627361298
vn 0.27741327881813 0.79586333036423 0.53818529844284
vn 0.07554268836975 0.84584337472916 0.52805519104004
vn 0.26701992750168 0.81431144475937 0.51536124944687
vn 0.0240087416023 0.08090552687645 0.99643260240555
vn 0.02245165407658 0.21635742485523 0.97605603933334
vn 0.02483639493585 -0.2412097454071 0.97015517950058
vn 0.02465584687889 -0.09141972661018 0.99550718069077
vn 0.02374076284468 -0.42976221442223 0.90262997150421
vn 0.02260069176555 -0.52483677864075 0.85090279579163
vn 0.02051512151957 0.27490231394768 0.96125328540802
vn 0.01868394203484 0.36908894777298 0.92920625209808
vn 0.01686398871243 0.49480208754539 0.86884206533432
vn 0.01362503692508 0.69092971086502 0.72279351949692
vn 0.0106895826757 0.81275194883347 0.58251184225082
vn 0.01136444602162 0.83402127027512 0.5516152381897
vn -0.00000000046864 0.08208424597979 0.9966254234314
vn -0.0000000002329 0.21761237084866 0.97603529691696
vn -0.00000000023383 -0.2403978407383 0.97067445516586
vn -0.00000000046651 -0.09031598269939 0.99591314792633
vn -0.00000000035133 -0.42948898673058 0.90307211875916
vn -0.00000000023283 -0.52497088909149 0.85112017393112
vn -0.00000000034948 0.2763703763485 0.96105122566223
vn -0.0000000004666 0.37045910954475 0.92884880304337
vn -0.00000000035026 0.49591484665871 0.86837112903595
vn -0.00000000023619 0.69157338142395 0.72230619192123
vn -0.0000000003493 0.8130812048912 0.58215028047562
vn 0.00000000005822 0.83320093154907 0.55297029018402
vn 0.0173838250339 0.84453094005585 0.53522455692291
vn -0.00000000064029 0.84325110912323 0.53751981258392
vn -0.00000000314323 0.84325069189072 0.53752052783966
vn 0.01819915883243 0.84513199329376 0.53424781560898
vn -0.87168675661087 0.34636348485947 0.34669092297554
vn -0.94190156459808 0.27231642603874 0.19663472473621
vn -0.82774770259857 0.3593921661377 0.43089556694031
vn -0.8106278181076 0.36541986465454 0.45754870772362
vn -0.8140019774437 0.3636502623558 0.45294505357742
vn -0.97505444288254 0.19971123337746 0.0968724489212
vn 0 0.74034816026688 0.67222362756729
vn 0.02940257266164 0.74002867937088 0.67193228006363
vn 0.10905834287405 0.73785585165024 0.66608929634094
vn 0.20508705079556 0.73339188098907 0.64813244342804
vn 0.25607135891914 0.7328377366066 0.6303778886795
vn 0.2565404176712 0.73228621482849 0.63082802295685
vn 0.2568644285202 0.73443084955215 0.62819737195969
vn 0.27765446901321 0.7039390206337 0.65374147891998
vn 0.30063045024872 0.67527478933334 0.67351704835892
vn 0.28696635365486 0.69745522737503 0.65666311979294
vn 0.27713400125504 0.70817047357559 0.64937764406204
vn 0.25974309444427 0.70122504234314 0.6639404296875
vn 0.26873162388802 0.69681471586227 0.66500574350357
vn 0.20937275886536 0.72307050228119 0.65827965736389
vn 0.24848200380802 0.70174986124039 0.66768538951874
vn 0.1238316744566 0.7382550239563 0.66305750608444
vn 0.03329736366868 0.73975116014481 0.67205613851547
vn 0 0.73952597379684 0.67312800884247
vn -0.14926269650459 0.33870261907578 -0.92897856235504
vn 0.17565278708935 -0.01118738111109 -0.98438858985901
vn -0.06536390632391 -0.02143935114145 -0.99763113260269
vn 0.11090971529484 -0.40948894619942 -0.9055483341217
vn 0.11356143653393 0.33018895983696 -0.93705874681473
vn 0.3195538520813 -0.67543828487396 -0.66458147764206
vn 0.5405045747757 -0.28627875447273 -0.79113799333572
vn -0.66324526071548 0.74819356203079 -0.01766468957067
vn -0.45168533921242 0.5282541513443 -0.7189769744873
vn 0.56617867946625 -0.00041662840522 -0.82428240776062
vn 0.56554859876633 0 -0.82471495866776
vn 0.55493944883347 -0.43311330676079 -0.71024996042252
vn 0.01128516066819 0 -0.99993634223938
vn 0.00987747590989 -0.48369786143303 -0.87517929077148
vn 0 0 -1
vn 0 -0.48369935154915 -0.87523418664932
vn 0.00600530812517 -0.84668523073196 -0.53206026554108
vn 0 -0.84670048952103 -0.53206986188889
vn 0.02796843275428 0.239521920681 -0.97048801183701
vn 0.01398563850671 0.23959019780159 -0.97077339887619
vn 0.01455112267286 0.04703694954515 -0.99878716468811
vn 0.02909964881837 0.04666391015053 -0.9984866976738
vn 0.01731798425317 -0.01021663751453 -0.99979782104492
vn 0.02970702201128 -0.00558606861159 -0.99954301118851
vn 0.02861497923732 0.11536574363708 -0.99291086196899
vn 0.01409662980586 0.2058138102293 -0.97848963737488
vn 0 0.23961161077023 -0.97086882591248
vn 0 0.04740001633763 -0.99887597560883
vn 0.00042561104055 -0.00328134954907 -0.99999451637268
vn -0.00000011144424 0.20583264529705 -0.97858721017838
vn 0 0.23961164057255 -0.97086882591248
vn 0 0.04740001261234 -0.99887597560883
vn 0.00000003040191 0.11540860682726 -0.9933180809021
vn 0.01358349062502 -0.01995391771197 -0.99970859289169
vn 0.02771169319749 -0.01825881376863 -0.99944919347763
vn 0.02995922230184 -0.00973730348051 -0.99950367212296
vn 0.00085122673772 -0.00656273495406 -0.99997812509537
vn -0.81656128168106 0.07783961296082 -0.57198655605316
vn -0.75210577249527 0.30557477474213 -0.58391863107681
vn -0.79728591442108 0.22897766530514 -0.55848401784897
vn -0.45857778191566 0.63131511211395 -0.62541794776916
vn -0.11638878285885 0.73523110151291 -0.66774916648865
vn 0.30567035079002 0.81935828924179 -0.48499238491058
vn 0.45475992560387 0.69557559490204 -0.55620855093002
vn 0.45142856240273 0.81815880537033 -0.35612973570824
vn 0.00254239398055 0.95320534706116 -0.30231299996376
vn 0 0.95393931865692 -0.29999959468842
vn 0.05578941479325 -0.59948545694351 -0.79843896627426
vn 0.08666245639324 -0.59766912460327 -0.79704535007477
vn 0.01336261536926 -0.60420489311218 -0.79671692848206
vn 0.05978471785784 0.09055019170046 -0.99409580230713
vn 0.01508070714772 0.08808069676161 -0.99599915742874
vn 0.01455257926136 0.05185903608799 -0.99854838848114
vn -0.14728891849518 -0.01437417417765 -0.98898905515671
vn 0 0.08776090294123 -0.99614155292511
vn -0.00000000580348 0.05174209922552 -0.99866050481796
vn 0.12077844887972 0.00971279852092 -0.99263197183609
vn 0.07020208984613 0.11823837459087 -0.99050056934357
vn 0.01617851480842 0.11129489541054 -0.99365574121475
vn 0 0.11070822179317 -0.99385297298431
vn 0 0.11070821434259 -0.99385297298431
vn 0.08568455278873 0.1568236798048 -0.9839026927948
vn 0.01821741275489 0.14858046174049 -0.98873251676559
vn 0 0.14766728878021 -0.9890370965004
vn 0.08684553205967 0.34191426634789 -0.93570959568024
vn 0.01737763360143 0.32957714796066 -0.94396871328354
vn 0 0.33729594945908 -0.94139868021011
vn -0.97675067186356 0.21022252738476 -0.04200756922364
vn -0.97535371780396 0.22058874368668 0.00507298577577
vn -0.97700387239456 0.1929252743721 -0.09079252183437
vn -0.97505390644073 0.17060199379921 -0.14200289547443
vn -0.97451817989349 0.13494528830051 -0.17917622625828
vn -0.99932855367661 -0.03503120318055 -0.01073418464512
vn -0.97747510671616 0.05761186406016 -0.20303532481194
vn -0.99274486303329 -0.11769384890795 -0.02461205236614
vn -0.9752379655838 -0.05476829409599 -0.21426935493946
vn -0.98142999410629 -0.1906855404377 -0.02083774097264
vn -0.96702122688293 -0.14962780475616 -0.20611043274403
vn -0.97626447677612 -0.21613228321075 -0.01394699793309
vn -0.9618849158287 -0.18812368810177 -0.19846123456955
vn -0.97488605976105 0.2173762768507 0.04842198640108
vn -0.97369283437729 0.20798589289188 0.09308104217052
vn -0.98220586776733 0.17070287466049 0.07830792665482
vn -0.99539142847061 0.09239292144775 0.0256797131151
vn -0.99964940547943 0.00837858207524 0.02511625364423
vn -0.97942233085632 0.19701857864857 0.04376712441444
vn -0.99903035163879 -0.0297918766737 0.03241600841284
vn -0.99929308891296 -0.0363504588604 0.00959056615829
vn -0.99101364612579 -0.12721899151802 0.04131967574358
vn -0.99100679159164 -0.13186493515968 0.02274246700108
vn -0.95356291532516 -0.29837873578072 0.04108460992575
vn -0.95316642522812 -0.30182114243507 0.0194349270314
vn -0.91268491744995 -0.40693724155426 0.03752743825316
vn -0.91243022680283 -0.40904513001442 0.01237673591822
vn -0.95848792791367 0.27960553765297 -0.05587198212743
vn -0.97535371780396 0.22058875858784 0.00507298624143
vn -0.90894508361816 0.37723016738892 -0.17752821743488
vn -0.90130120515823 0.33294674754143 -0.27713277935982
vn -0.89925736188889 0.26315426826477 -0.34940814971924
vn -0.91042125225067 0.14779697358608 -0.38637965917587
vn -0.91842740774155 0.01041609700769 -0.39545235037804
vn -0.95063561201096 -0.16481393575668 -0.26292258501053
vn -0.95586097240448 -0.2202312797308 -0.19449430704117
vn -0.96792924404144 0.23639498651028 0.0850315541029
vn -0.97650837898254 0.21327446401119 -0.03074802458286
vn -0.97819948196411 0.20743501186371 0.00982428807765
vn -0.97366732358932 0.2120511084795 -0.08370335400105
vn -0.96803402900696 0.20636349916458 -0.14256301522255
vn -0.9985773563385 0.01028541382402 -0.05232040211558
vn -0.95944494009018 0.23375649750233 -0.15755400061607
vn -0.99904632568359 0.01654729433358 -0.04040630534291
vn -0.99835681915283 0.0240017902106 -0.05203385278583
vn -0.96936744451523 0.2366750985384 -0.06566275656223
vn -0.99586862325668 -0.06090991199017 -0.06734779477119
vn -0.99719494581223 -0.06679257005453 -0.03377856686711
vn -0.96223193407059 -0.26112401485443 -0.07696701586246
vn -0.96250700950623 -0.26770147681236 -0.04377407580614
vn -0.92316991090775 -0.37743911147118 -0.07278075814247
vn -0.92043280601501 -0.38822942972183 -0.04562145844102
vn -0.97897046804428 0.19829417765141 0.04791898280382
vn -0.97969526052475 0.17888453602791 0.09054045379162
vn -0.98041635751724 0.14766784012318 0.13029953837395
vn -0.97994273900986 0.10850047320127 0.1671521961689
vn -0.97847533226013 0.03969188407063 0.2025106549263
vn -0.99936425685883 -0.03452961146832 0.00887396931648
vn -0.97697865962982 -0.06184716522694 0.20417545735836
vn -0.99188995361328 -0.12624622881413 0.01470220834017
vn -0.97151160240173 -0.16359649598598 0.17146833240986
vn -0.98031783103943 -0.19732867181301 0.00619527325034
vn -0.96553856134415 -0.21052668988705 0.15301579236984
vn -0.97736656665802 -0.21155133843422 0.00077004160266
vn -0.9765083193779 0.21327471733093 -0.0307480674237
vn -0.97819942235947 0.20743514597416 0.00982426851988
vn -0.97366732358932 0.21205124258995 -0.08370340615511
vn -0.96803402900696 0.20636360347271 -0.14256303012371
vn -0.93582743406296 0.32944825291634 -0.12526342272758
vn -0.98661857843399 0.1584834754467 0.03829848393798
vn -0.97938776016235 0.04049757495522 0.19788765907288
vn -0.97908329963684 -0.05459539964795 0.19599792361259
vn -0.96944856643677 -0.17949631810188 0.16718411445618
vn -0.95523971319199 -0.25447854399681 0.15085680782795
vn -0.99945467710495 -0.03301757201552 -0.00048911978956
vn -0.99372118711472 -0.11187246441841 -0.00166337902192
vn -0.96950632333756 -0.2450357824564 -0.00386388902552
vn -0.95759880542755 -0.28806808590889 -0.00461154291406
vn -0.99751007556915 0.07047333568335 0.00268232822418
vn -0.99730062484741 0.07341992110014 0.00101133086719
vn -0.99560457468033 0.09364356100559 0.0015483268071
vn -0.99725669622421 0.07401280105114 0.00107171677519
vn -0.99784654378891 0.06558748334646 0.00076122808969
vn -0.98357951641083 0.18047511577606 0.00010807072977
vn -0.90882074832916 0.41717538237572 0.00308194127865
vn -0.87477397918701 0.48450320959091 0.00520615978166
vn -0.98389792442322 0.17873094975948 0.00026025029365
vn -0.99802541732788 0.06280703097582 -0.00070245435927
vn -0.98861557245255 0.15046341717243 0.00002448200757
vn -0.98874229192734 0.14962837100029 0.00004241316128
vn -0.99822777509689 0.05950086563826 -0.00097420008387
vn -0.99935448169708 0.03592261299491 0.00039159067092
vn -0.99594694375992 0.08993754535913 0.00098051386885
vn -0.97169148921967 0.1989653557539 -0.12739107012749
vn -0.89770746231079 0.42477113008499 -0.11700746417046
vn -0.92566657066345 0.16525633633137 0.34034067392349
vn -0.98024135828018 0.18094821274281 0.079903870821
vn -0.9779971241951 0.1644661128521 -0.12834526598454
vn -0.99500787258148 0.01125737465918 -0.09915923327208
vn -0.97416752576828 0.20678661763668 -0.09075738489628
vn -0.99300312995911 -0.07030366361141 -0.0948800817132
vn -0.95698189735413 -0.27693668007851 -0.0865545719862
vn -0.90792512893677 -0.4115095436573 -0.07957267016172
vn -0.96482366323471 0.25755500793457 -0.05273220688105
vn -0.99237388372421 0.12306086719036 0.00707665504888
vn -0.96061491966248 0.27339631319046 -0.04973404854536
vn -0.99811851978302 0.05848753452301 0.01840287446976
vn -0.99756973981857 0.0600955709815 0.03525822609663
vn -0.99616146087646 0.04847556352615 0.07288674265146
vn -0.96196621656418 0.26106438040733 0.08041359484196
vn -0.96222293376923 0.26094841957092 0.07767183333635
vn -0.99663752317429 0.01201392710209 0.08105104416609
vn -0.99569946527481 -0.02869029156864 0.08808789402246
vn -0.9872060418129 -0.12648612260818 0.09708511084318
vn -0.94906771183014 -0.29750618338585 0.10373297333717
vn -0.90741807222366 -0.40702521800995 0.10451252013445
vn -0.91044008731842 0.29168778657913 0.29328668117523
vn -0.85757356882095 0.26116496324539 0.44312578439713
vn -0.91763877868652 0.13040825724602 0.37541007995605
vn -0.97643661499023 0.21558944880962 0.00962747447193
vn -0.90270572900772 0.35280883312225 0.24626865983009
vn -0.4766848385334 0.77214556932449 0.42019382119179
vn -0.82744717597961 0.50889563560486 0.23739512264729
vn -0.81551456451416 0.52667564153671 0.23989313840866
vn -0.57670271396637 0.73063784837723 0.36548906564713
vn -0.85103875398636 0.4570124745369 0.25859755277634
vn -0.67321264743805 0.62081962823868 0.40170603990555
vn -0.85050469636917 0.22678823769093 -0.47456175088882
vn -0.77940773963928 0.42961367964745 -0.45602148771286
vn -0.96805566549301 0.24810481071472 -0.03622467443347
vn -0.86790698766708 0.12225282937288 -0.48144745826721
vn -0.33680132031441 0.38569188117981 0.85895669460297
vn -0.85791355371475 0.18608939647675 -0.47891023755074
vn -0.86626940965652 0.01225931476802 -0.49942672252655
vn -0.85175704956055 0.19597163796425 -0.48590642213821
vn -0.87232136726379 -0.057358764112 -0.48555675148964
vn -0.85579210519791 -0.27114319801331 -0.4405691921711
vn -0.81136882305145 -0.42955914139748 -0.39643353223801
vn -0.81668096780777 0.35033038258553 -0.45858573913574
vn -0.44559872150421 0.20727604627609 -0.87090665102005
vn -0.40841084718704 0.37159579992294 -0.83373683691025
vn -0.43917271494865 0.0814421698451 -0.89470356702805
vn -0.43515008687973 0.11679144203663 -0.89275085926056
vn -0.43736779689789 0.16534903645515 -0.88395082950592
vn -0.3512005507946 0.02698231302202 -0.93591141700745
vn -0.3331433236599 0.2041966766119 -0.92049944400787
vn -0.44308832287788 -0.02781793288887 -0.8960462808609
vn -0.45376947522163 -0.23362082242966 -0.85995030403137
vn -0.44047746062279 -0.41545805335045 -0.79584813117981
vn -0.39766523241997 0.3242095708847 -0.85834169387817
vn -0.72481417655945 0.214260622859 0.65477991104126
vn -0.73708897829056 0.13462236523628 0.66225117444992
vn -0.91301739215851 0.08528998494148 0.39890459179878
vn -0.6327508687973 0.41153061389923 0.65594887733459
vn -0.8735237121582 0.31171661615372 0.37388372421265
vn -0.50237888097763 0.71988600492477 0.47893595695496
vn -0.68916881084442 0.50022226572037 0.52423655986786
vn -0.70595788955688 0.35301288962364 0.61400759220123
vn -0.66899108886719 0.60012996196747 0.43851441144943
vn -0.99990552663803 0.01373960915953 -0.00042290907004
vn -0.99984806776047 0.01742998324335 0.00006087950896
vn -0.99980622529984 0.01968499273062 0.00025007975637
vn -0.99980318546295 0.01983846724033 -0.00000097145801
vn -0.9998322725296 0.01826961152256 -0.00127105764113
vn -0.99984973669052 0.01721539907157 -0.0020414609462
vn -0.9998654127121 0.01633848622441 -0.00150471727829
vn -0.99990773200989 0.01354883797467 -0.00096704170574
vn -0.92826384305954 -0.34501412510872 -0.13889381289482
vn -0.92986184358597 -0.1295372992754 -0.34435018897057
vn -0.96984934806824 -0.16782972216606 -0.1767070889473
vn -0.92545074224472 0.19341523945332 -0.3257782459259
vn -0.96151304244995 0.21953192353249 -0.16522224247456
vn -0.90483868122101 0.40982922911644 -0.11535584926605
vn -0.88595467805862 0.21309286355972 0.41191709041595
vn -0.94956022500992 0.23154143989086 0.21148039400578
vn -0.8858659863472 0.43488392233849 0.16160896420479
vn -0.9609562754631 -0.18735918402672 0.20361620187759
vn -0.90164482593536 -0.1656060218811 0.39951378107071
vn -0.91495013237 -0.37546557188034 0.14795899391174
vn -0.98882007598877 0.1472402215004 0.02356197685003
vn -0.98833978176117 0.00135763315484 -0.1522586196661
vn -0.97453528642654 -0.17650969326496 -0.13829423487186
vn -0.96706116199493 -0.12925013899803 -0.21928763389587
vn -0.99855291843414 -0.05245769396424 -0.01184354070574
vn -0.99732649326324 0.0720661431551 0.01209936197847
vn -0.99400895833969 0.0957478582859 0.05271183699369
vn -0.99579375982285 -0.07426173985004 0.05366583913565
vn -0.98582255840302 0.09279582649469 0.13979582488537
vn -0.98937845230103 -0.01212380640209 0.14485609531403
vn -0.99772047996521 -0.00292372796685 -0.06741896271706
vn -0.99737983942032 0.04195776954293 -0.05893218144774
vn -0.96854376792908 0.24748888611794 -0.02592691220343
vn -0.74236160516739 0.63589519262314 -0.21103692054749
vn -0.97168159484863 0.21906740963459 -0.08856847137213
vn -0.9974393248558 -0.04980624839664 -0.0513235591352
vn -0.9916398525238 0.01564275100827 -0.12808455526829
vn -0.89819461107254 0.28790062665939 0.33220422267914
vn -0.65735846757889 0.33368238806725 0.67567437887192
vn -0.94901287555695 -0.04375945031643 0.31218534708023
vn -0.94967877864838 0.01692143082619 0.31276813149452
vn -0.73121249675751 0.04291554540396 0.68079841136932
vn -0.73354542255402 -0.06178967282176 0.67682576179504
vn -0.93466866016388 -0.14194919168949 0.32595229148865
vn -0.71737450361252 -0.1541059166193 0.67943000793457
vn -0.88859206438065 -0.30990481376648 0.3381761610508
vn -0.68459248542786 -0.29925280809402 0.66466593742371
vn -0.84325230121613 -0.41810834407806 0.33780309557915
vn -0.65805840492249 -0.3907496035099 0.64364117383957
vn -0.52266675233841 0.37106075882912 0.76755023002625
vn -0.29265826940536 0.2697916328907 0.91736775636673
vn -0.38557505607605 0.38502043485641 0.83850526809692
vn -0.3122723698616 0.59568667411804 0.74002927541733
vn -0.18753641843796 0.06714345514774 0.97996014356613
vn -0.44263833761215 0.05614187940955 0.89494097232819
vn -0.18687270581722 -0.0930892676115 0.97796368598938
vn -0.17575058341026 -0.22342877089977 0.95874464511871
vn -0.42603409290314 -0.17905631661415 0.88681101799011
vn -0.441226541996 -0.08110717684031 0.89372301101685
vn -0.14938865602016 -0.3914153277874 0.90800720453262
vn -0.40161353349686 -0.31928107142448 0.85835087299347
vn -0.13130080699921 -0.47878605127335 0.86805760860443
vn -0.38584128022194 -0.40163463354111 0.83055168390274
vn -0.43091306090355 0.18617741763592 0.88297897577286
vn -0.74558311700821 0.06911431998014 0.66281896829605
vn -0.39566072821617 0.2693030834198 0.87802529335022
vn -0.69445842504501 0.13423784077168 0.70690011978149
vn -0.32131543755531 0.39491361379623 0.86069715023041
vn -0.57603490352631 0.26034766435623 0.7748566865921
vn -0.2129213809967 0.63035589456558 0.74653595685959
vn -0.38910016417503 0.54581606388092 0.74208211898804
vn -0.13095945119858 0.79232496023178 0.59587818384171
vn -0.28118851780891 0.76031494140625 0.58553749322891
vn -0.09623525291681 0.83216100931168 0.5461198091507
vn -0.27741327881813 0.79586333036423 0.53818529844284
vn -0.07551533728838 0.84578686952591 0.52814960479736
vn -0.26701992750168 0.81431144475937 0.51536124944687
vn -0.02245165780187 0.21635743975639 0.97605603933334
vn -0.02400874532759 0.08090554177761 0.99643260240555
vn -0.02465585060418 -0.0914197191596 0.99550718069077
vn -0.02483640052378 -0.2412097454071 0.97015517950058
vn -0.02374076843262 -0.42976221442223 0.90262991189957
vn -0.02260069735348 -0.52483677864075 0.85090279579163
vn -0.02051512524486 0.27490231394768 0.96125328540802
vn -0.01868394389749 0.36908891797066 0.92920625209808
vn -0.01686399057508 0.49480208754539 0.86884206533432
vn -0.0136250378564 0.69092971086502 0.72279351949692
vn -0.01068958453834 0.81275194883347 0.58251184225082
vn -0.01148098055273 0.8340984582901 0.55149614810944
vn -0.03295163437724 0.84572297334671 0.53260380029678
vn -0.03487990051508 0.84753453731537 0.52959287166595
vn -0.03542242944241 0.84657043218613 0.53109675645828
vn -0.01743396930397 0.84443795681 0.5353696346283
vn -0.01465679798275 0.84450274705887 0.53535062074661
vn 0.00000000110595 0.84325122833252 0.53751969337463
vn 0.87168663740158 0.34636378288269 0.34669089317322
vn 0.94190156459808 0.27231642603874 0.19663472473621
vn 0.82774764299393 0.35939234495163 0.43089556694031
vn 0.81062787771225 0.36541974544525 0.45754879713058
vn 0.8140019774437 0.3636502623558 0.45294505357742
vn 0.97505444288254 0.19971123337746 0.0968724489212
vn -0.02940258011222 0.74002867937088 0.67193228006363
vn -0.10905835032463 0.73785585165024 0.66608929634094
vn -0.20508705079556 0.73339188098907 0.64813244342804
vn -0.25607135891914 0.7328377366066 0.6303778886795
vn -0.2565404176712 0.73228615522385 0.63082802295685
vn -0.2568644285202 0.73443084955215 0.62819737195969
vn -0.27765452861786 0.70393890142441 0.65374147891998
vn -0.30063062906265 0.6752747297287 0.67351704835892
vn -0.2869665324688 0.69745522737503 0.65666311979294
vn -0.27869984507561 0.70789247751236 0.64901053905487
vn -0.26090210676193 0.70108330249786 0.66363561153412
vn -0.2486472427845 0.70179527997971 0.66757613420486
vn -0.27031373977661 0.69661086797714 0.66457790136337
vn -0.2095272988081 0.72305679321289 0.65824556350708
vn -0.12383168190718 0.7382550239563 0.6630574464798
vn -0.03329735994339 0.73975121974945 0.67205613851547
vn 0.14926269650459 0.33870261907578 -0.92897856235504
vn -0.17565278708935 -0.01118738111109 -0.98438858985901
vn 0.06536390632391 -0.02143936790526 -0.99763113260269
vn -0.11090972274542 -0.40948897600174 -0.9055483341217
vn -0.11356143653393 0.33018895983696 -0.93705874681473
vn -0.31955406069756 -0.67543816566467 -0.66458141803741
vn -0.54050487279892 -0.28627863526344 -0.79113781452179
vn 0.45168533921242 0.5282541513443 -0.7189769744873
vn 0.66324526071548 0.74819356203079 -0.01766468957067
vn -0.56617903709412 -0.00041662852163 -0.82428222894669
vn -0.55493986606598 -0.43311321735382 -0.71024978160858
vn -0.56554889678955 0 -0.82471477985382
vn -0.00987747404724 -0.48369786143303 -0.87517929077148
vn -0.01128515880555 0 -0.99993634223938
vn -0.00600530672818 -0.84668523073196 -0.53206020593643
vn -0.02796843275428 0.239521920681 -0.97048801183701
vn -0.02909965068102 0.04666390642524 -0.9984866976738
vn -0.0145511245355 0.04703694954515 -0.99878716468811
vn -0.01398563850671 0.23959021270275 -0.97077339887619
vn -0.0297070350498 -0.00558607606217 -0.99954301118851
vn -0.0173179898411 -0.01021664123982 -0.99979782104492
vn -0.0281906016171 0.20575594902039 -0.97819721698761
vn -0.01409678906202 0.20581465959549 -0.97848945856094
vn -0.00042561095324 -0.00328134931624 -0.99999451637268
vn 0.00000048599145 0.14560116827488 -0.98934334516525
vn -0.01358349155635 -0.01995391957462 -0.99970859289169
vn -0.027711706236 -0.01825881749392 -0.99944919347763
vn -0.02995924651623 -0.00973731093109 -0.99950367212296
vn -0.0008512265631 -0.0065627344884 -0.99997812509537
vn 0.81656157970428 0.07783983647823 -0.57198619842529
vn 0.75210589170456 0.30557489395142 -0.58391839265823
vn 0.79728651046753 0.22897733747959 -0.55848330259323
vn 0.45857784152031 0.63131511211395 -0.62541788816452
vn 0.11638884991407 0.73523110151291 -0.667749106884
vn -0.45476061105728 0.69557511806488 -0.55620867013931
vn -0.30567082762718 0.81935811042786 -0.48499244451523
vn -0.45142930746078 0.81815838813782 -0.35612973570824
vn -0.00254239374772 0.95320534706116 -0.30231299996376
vn -0.04871440306306 0.05965427681804 -0.99702972173691
vn -0.01455255039036 0.05185897648335 -0.99854838848114
vn -0.05978472530842 0.0905501767993 -0.99409580230713
vn -0.01508070714772 0.08808069676161 -0.99599915742874
vn 0.00000006553423 0.04300549253821 -0.9990748167038
vn -0.07020207494497 0.11823838204145 -0.99050056934357
vn -0.01617851480842 0.11129488050938 -0.99365574121475
vn 0 0.11070822179317 -0.99385297298431
vn -0.08568455278873 0.15682370960712 -0.9839026927948
vn -0.01821741834283 0.14858046174049 -0.98873251676559
vn 0 0.14766730368137 -0.9890370965004
vn -0.08684553205967 0.34191411733627 -0.93570965528488
vn -0.01737763918936 0.32957717776299 -0.94396871328354
vn 0 0.33729591965675 -0.94139868021011
vn 0.00187464733608 -0.61277014017105 -0.79025894403458
vn -0.02551754191518 -0.61970806121826 -0.78441745042801
vn -0.35344153642654 0.01287883799523 -0.93536794185638
vn -0.16546048223972 0.01957074739039 -0.98602223396301
vn -0.18670980632305 0.27616232633591 -0.94280105829239
vn -0.39284694194794 0.26654458045959 -0.88012796640396
vn -0.1952441483736 0.51524472236633 -0.8345074057579
vn 0.02879867702723 0.02551980502903 -0.99925941228867
vn 0.014399969019 0.02552537433803 -0.9995704293251
vn -0.00000021921598 0.02553019672632 -0.99967402219772
vn 0.00000130030605 0.02552971988916 -0.99967408180237
vn 0.00000009061353 0.025530109182 -0.99967408180237
vn -0.00000001160296 0.02553002536297 -0.99967408180237
vn 0.68842935562134 -0.14521552622318 -0.71061766147614
vn 0.68842923641205 -0.14521598815918 -0.71061772108078
vn 0.97299665212631 -0.23077170550823 -0.00468274857849
vn 0.00000139356132 0.02552875503898 -0.99967408180237
vn 0.01440034620464 0.02552720718086 -0.9995704293251
vn 0.02879850752652 0.02552125789225 -0.99925935268402
vn 0.02879732847214 0.02552007511258 -0.99925947189331
vn -0.65176165103912 -0.19580352306366 -0.73271256685257
vn -0.65176159143448 -0.19580459594727 -0.73271238803864
vn -0.95221817493439 -0.3029371201992 -0.03885365650058
vn -0.1168043538928 0.24538607895374 -0.9623629450798
vn -0.00105774286203 0.32216149568558 -0.94668412208557
vn -0.00201933062635 0.58954578638077 -0.80773240327835
vn -0.07322175055742 0.45294800400734 -0.88852500915527
vn 0.01252065971494 0.32722315192223 -0.944864153862
vn 0.00946162734181 0.59814816713333 -0.80132967233658
vn 0.10429111123085 0.4667429625988 -0.8782222867012
vn 0.13748145103455 0.25262841582298 -0.95774614810944
vn -0.14237447082996 0.30876019597054 -0.94042366743088
vn -0.22680263221264 0.16951811313629 -0.95907461643219
vn 0.24243900179863 0.17441409826279 -0.95436000823975
vn 0.18434306979179 0.31734296679497 -0.93022096157074
vn 0.0135434679687 0.27333873510361 -0.96182250976562
vn 0.01183489337564 0.5039684176445 -0.86364102363586
vn -0.00031716295052 0.27410617470741 -0.96169936656952
vn -0.00061430031201 0.5053499341011 -0.86291426420212
vn -0.05290464684367 -0.62102454900742 -0.7820035815239
vn 0.39634904265404 0.21601289510727 -0.89232611656189
vn 0.20290154218674 0.25042617321014 -0.94663494825363
vn 0.18713980913162 0.01068873330951 -0.98227512836456
vn 0.36762762069702 -0.00453218864277 -0.92996203899384
vn 0.20668323338032 0.47632125020027 -0.85463446378708
vn 0.00000002922512 0.02553005516529 -0.99967408180237
vn 0.01440108381212 0.02552783116698 -0.99957036972046
vn 0.16320064663887 0.02661759033799 -0.98623377084732
vn 0.29462268948555 0.02723187953234 -0.95522558689117
vn 0.01440263725817 0.02552624233067 -0.99957036972046
vn -0.00000013191497 0.02553050965071 -0.99967402219772
vn -0.15442109107971 0.02593806572258 -0.98766458034515
vn -0.30513790249825 0.02572207152843 -0.9519607424736
vn 0.52072674036026 0.16259144246578 0.83809769153595
vn 0.38712021708488 0.17021781206131 0.90618091821671
vn 0.38638615608215 0.1915158778429 0.90223467350006
vn 0.51232689619064 0.18316036462784 0.83903127908707
vn 0.38272407650948 0.27897500991821 0.88073563575745
vn 0.48584207892418 0.28166392445564 0.82741940021515
vn 0.38248348236084 0.40286043286324 0.83151060342789
vn 0.44900995492935 0.43085643649101 0.78278529644012
vn 0.37053266167641 0.5664923787117 0.73606514930725
vn 0.40460848808289 0.60794961452484 0.68314653635025
vn 0.34719604253769 0.70434671640396 0.6191531419754
vn 0.35548144578934 0.74233460426331 0.5679544210434
vn 0.33776706457138 0.77780175209045 0.53003567457199
vn 0.25273990631104 0.19605547189713 0.94746226072311
vn 0.24478639662266 0.17400676012039 0.95383501052856
vn 0.27461463212967 0.27253738045692 0.92212265729904
vn 0.31315821409225 0.37185603380203 0.87387359142303
vn 0.33438873291016 0.52186286449432 0.78475683927536
vn -0.52072727680206 0.16259138286114 0.83809733390808
vn -0.51232743263245 0.18316030502319 0.8390309214592
vn -0.38638636469841 0.1915158778429 0.90223455429077
vn -0.38712048530579 0.17021781206131 0.90618079900742
vn -0.48584261536598 0.281663864851 0.82741916179657
vn -0.38272431492805 0.27897500991821 0.88073551654816
vn -0.44901043176651 0.43085634708405 0.78278505802155
vn -0.38248372077942 0.40286037325859 0.83151054382324
vn -0.40460875630379 0.60794973373413 0.68314629793167
vn -0.37053281068802 0.56649255752563 0.73606497049332
vn -0.35548129677773 0.74233484268188 0.56795424222946
vn -0.34719583392143 0.70434701442718 0.61915290355682
vn -0.33776667714119 0.77780205011368 0.53003549575806
vn -0.25273981690407 0.19605548679829 0.94746232032776
vn -0.24478630721569 0.17400677502155 0.95383507013321
vn -0.2746145427227 0.27253732085228 0.92212271690369
vn -0.31315815448761 0.37185603380203 0.87387359142303
vn -0.33438861370087 0.52186298370361 0.78475683927536
vn 0.63650816679001 0.77120238542557 0.01020905375481
vn 0.63615423440933 0.77151679992676 0.0083403531462
vn 0.62736821174622 0.77007800340652 0.11571070551872
vn 0.78067970275879 0.61960589885712 0.08141066879034
vn 0.49547681212425 0.72779959440231 0.47414189577103
vn 0.38499945402145 0.7342963218689 0.55909240245819
vn 0.30179119110107 0.74916142225266 0.58964335918427
vn 0.40675929188728 0.75091314315796 0.52026563882828
vn 0.54689711332321 0.76268553733826 0.34527429938316
vn 0.6871629357338 0.67436951398849 0.2702459692955
vn 0.63419383764267 0.76899075508118 -0.08032055199146
vn 0.56705158948898 0.72896683216095 -0.38348385691643
vn 0.25867861509323 0.65019547939301 -0.71437466144562
vn 0.25064525008202 0.96797621250153 0.01410798821598
vn 0.25165128707886 0.96774387359619 0.0119781717658
vn 0.26582345366478 0.95090299844742 0.15849719941616
vn 0.26693284511566 0.77198213338852 0.57687991857529
vn 0.27763223648071 0.85953414440155 0.42909362912178
vn 0.25410199165344 0.96620362997055 -0.04339081421494
vn 0.24546629190445 0.92155754566193 -0.30079558491707
vn 0.03008529730141 0.99943470954895 0.0150064136833
vn 0.03110416792333 0.99943149089813 0.01300930045545
vn 0.05972895026207 0.98536288738251 0.15966364741325
vn 0.19145414233208 0.76013690233231 0.62091636657715
vn 0.17740614712238 0.79034125804901 0.58641940355301
vn 0.12691193819046 0.89372861385345 0.43028193712234
vn 0.03341474384069 0.99902641773224 -0.02880399115384
vn 0.03707691282034 0.96325010061264 -0.2660348713398
vn 0.04835835471749 0.7089176774025 -0.70363140106201
vn 0.00875186547637 0.99985206127167 0.0148072168231
vn 0.00825808756053 0.99988085031509 0.01304078754038
vn 0.02801848575473 0.9880576133728 0.15151603519917
vn 0.10851135104895 0.78543692827225 0.60935544967651
vn 0.09655442088842 0.81552284955978 0.57061350345612
vn 0.06592334806919 0.90885722637177 0.41186490654945
vn 0.00854494795203 0.99961656332016 -0.02633946016431
vn 0.0093599576503 0.96154242753983 -0.27449694275856
vn 0.01263912208378 0.70915001630783 -0.70494431257248
vn 0.00018210647977 0.9998933672905 0.01460090000182
vn 0 0.99991500377655 0.01303959451616
vn 0.00737919472158 0.98861396312714 0.15029299259186
vn 0.02986532449722 0.80081862211227 0.59816181659698
vn 0.02811325713992 0.82699316740036 0.56150859594345
vn 0.02045766450465 0.91309088468552 0.40724262595177
vn 0 0.99967366456985 -0.02554637752473
vn 0 0.96037250757217 -0.27871963381767
vn 0 0.71165835857391 -0.70252567529678
vn 0 0.9998944401741 0.01453088503331
vn 0 0.98864930868149 0.15024174749851
vn 0 0.80032598972321 0.59956508874893
vn 0 0.82691830396652 0.56232208013535
vn -0.00000000000011 0.91326880455017 0.4073574244976
vn 0 0.99967366456985 -0.02554637566209
vn -0.63650864362717 0.77120196819305 0.01020904723555
vn -0.63615441322327 0.77151668071747 0.00834033638239
vn -0.62736868858337 0.77007764577866 0.11571073532104
vn -0.78068023920059 0.61960530281067 0.08141066133976
vn -0.49634951353073 0.72835034132004 0.47238004207611
vn -0.40721029043198 0.75148814916611 0.51908123493195
vn -0.30257967114449 0.74994146823883 0.58824598789215
vn -0.386967420578 0.73573708534241 0.55583018064499
vn -0.54689705371857 0.76268553733826 0.34527432918549
vn -0.68716257810593 0.67436987161636 0.27024602890015
vn -0.63419395685196 0.76899063587189 -0.0803204998374
vn -0.56705212593079 0.72896641492844 -0.38348379731178
vn -0.2586789727211 0.65019524097443 -0.71437478065491
vn -0.25064525008202 0.96797621250153 0.01410798821598
vn -0.25165128707886 0.96774387359619 0.01197816524655
vn -0.26582366228104 0.95090293884277 0.15849728882313
vn -0.27763241529465 0.85953402519226 0.42909374833107
vn -0.2541022002697 0.96620357036591 -0.04339074715972
vn -0.2670111656189 0.77215611934662 0.57661074399948
vn -0.24546678364277 0.92155742645264 -0.30079561471939
vn -0.0300853010267 0.99943470954895 0.0150064136833
vn -0.03110417351127 0.99943149089813 0.01300930045545
vn -0.05972895026207 0.98536288738251 0.15966367721558
vn -0.1775074005127 0.79027080535889 0.58648377656937
vn -0.19165435433388 0.75998669862747 0.62103849649429
vn -0.12691196799278 0.89372861385345 0.43028193712234
vn -0.03341475874186 0.99902641773224 -0.02880397811532
vn -0.03707692027092 0.96325010061264 -0.2660348713398
vn -0.04835835471749 0.70891761779785 -0.70363146066666
vn -0.00875186547637 0.99985206127167 0.01480721775442
vn -0.00825808849186 0.99988085031509 0.01304078660905
vn -0.02801848575473 0.9880576133728 0.15151603519917
vn -0.10851135104895 0.7854368686676 0.60935562849045
vn -0.09655440598726 0.81552278995514 0.57061350345612
vn -0.06592334061861 0.90885722637177 0.41186490654945
vn -0.00854494795203 0.99961656332016 -0.02633946016431
vn -0.0093599576503 0.96154242753983 -0.27449697256088
vn -0.01263912394643 0.70915001630783 -0.70494437217712
vn -0.00018210646522 0.9998933672905 0.01460090000182
vn 0 0.99991500377655 0.01303959358484
vn -0.00737919239327 0.98861396312714 0.15029299259186
vn -0.02986532449722 0.80081862211227 0.59816181659698
vn -0.02811325341463 0.826993227005 0.56150859594345
vn -0.02045765705407 0.91309082508087 0.40724265575409
vn 0 0.99967366456985 -0.02554637379944
vn 0 0.96037250757217 -0.27871966362
vn 0.88892614841461 0.33944573998451 -0.30754977464676
vn 0.91782742738724 -0.07965426892042 0.38890609145164
vn 0.84859430789948 0.25520551204681 0.46341967582703
vn 0.78242117166519 0.61034768819809 -0.12366393953562
vn 0.36444693803787 0.74889194965363 0.55347925424576
vn 0.52789574861526 0.80283868312836 0.27708497643471
vn 0.33754128217697 0.90225321054459 -0.26833745837212
vn -0.84859490394592 0.25520533323288 0.46341878175735
vn -0.91782778501511 -0.07965409755707 0.38890534639359
vn -0.88922083377838 0.33876404166222 -0.30744966864586
vn -0.74686431884766 0.64308828115463 -0.16920721530914
vn -0.36444759368896 0.74889183044434 0.55347895622253
vn -0.52789562940598 0.80283880233765 0.27708500623703
vn -0.43609338998795 0.87027651071548 -0.22900074720383
vn -0.00064359093085 0.74078464508057 -0.67174226045609
vn 0.08382038772106 0.83652365207672 -0.54148155450821
vn -0.83903789520264 0.35468357801437 -0.41257122159004
vn 0.83906084299088 0.35454061627388 -0.41264739632607
vn 0.46187463402748 0.69705677032471 0.54843747615814
vn -0.46183723211288 0.69708621501923 0.54843157529831
vn -0.00000090604954 0.67847234010696 0.73462599515915
vn -0.00000129992281 0.26077577471733 0.9653993844986
vn -0.00000085883664 -0.20065079629421 0.97966283559799
vn 0.71161037683487 -0.36572128534317 -0.59988212585449
vn 0.70233601331711 0.40223571658134 0.58730792999268
vn -0.70227599143982 0.40232956409454 0.58731532096863
vn -0.71166664361954 -0.36562299728394 -0.59987539052963
vn 0.09903824329376 -0.58306759595871 -0.80636441707611
vn 0.07900776714087 -0.57770550251007 -0.81241255998611
vn 0.02284837886691 -0.63637048006058 -0.77104514837265
vn -0.02320194989443 -0.69855463504791 -0.71518045663834
vn -0.03298285976052 -0.70123159885406 -0.7121701836586
vn -0.08746291697025 0.58253973722458 0.80808275938034
vn -0.12741395831108 0.58406960964203 0.80164104700088
vn -0.02356328442693 0.57664829492569 0.81665259599686
vn 0.025784233585 0.57014274597168 0.82114094495773
vn 0.05129563808441 0.56700652837753 0.82211458683014
vn -0.18161472678185 -0.78581416606903 0.59119558334351
vn -0.19783928990364 -0.85621863603592 0.47723087668419
vn -0.11538303643465 -0.71469283103943 0.68985575437546
vn -0.04475092887878 -0.81084632873535 0.5835457444191
vn -0.02030300348997 -0.88077384233475 0.47310173511505
vn 0.84238189458847 0.21800264716148 0.49281603097916
vn 0.05076121166348 0.87296211719513 -0.4851396381855
vn 0.00830467231572 0.86592328548431 -0.50010788440704
vn 0.11232106387615 0.8769183754921 -0.46733084321022
vn 0.16522786021233 0.86599493026733 -0.47196662425995
vn 0.19875819981098 0.85557019710541 -0.47801128029823
vn -0.87058842182159 0.36466091871262 0.33030024170876
vn 0.13288444280624 0.7222226858139 0.67877548933029
vn 0.08773692697287 0.6786817908287 0.72917300462723
vn 0.03855375945568 0.94682812690735 0.31942149996758
vn 0.13299210369587 -0.73754465579987 0.66207319498062
vn 0.02082272619009 -0.82674193382263 0.56219583749771
vn -0.0577948205173 0.82829511165619 -0.55730324983597
vn -0.18905863165855 0.73593258857727 -0.65012311935425
vn -0.98779207468033 0.13974563777447 -0.06883256137371
vn -0.09252630919218 -0.94290900230408 0.31993985176086
vn 0.00659381365404 0.60949075222015 0.79276579618454
vn 0.07762180268764 0.94411945343018 -0.32033309340477
vn 0.00833753403276 0.9998242855072 0.01678980328143
vn 0.07849080860615 0.75094038248062 0.65568876266479
vn 0.12112626433372 0.95063054561615 0.28570970892906
vn 0.12067255377769 0.73902750015259 0.66277933120728
vn 0.81308871507645 0.27939760684967 0.51070910692215
vn -0.00287744426169 -0.5674142241478 -0.82342749834061
vn -0.09136755019426 -0.97775065898895 0.18882705271244
vn 0.0154434768483 0.56643784046173 0.82395970821381
vn 0.0783654153347 0.97875416278839 -0.18947070837021
vn 0.17159762978554 -0.57906651496887 -0.79701709747314
vn 0.16801135241985 -0.57922774553299 -0.79766374826431
vn 0.1148653998971 -0.5851674079895 -0.80273598432541
vn 0.03599973767996 -0.5884570479393 -0.80772662162781
vn 0.00694910204038 -0.58692854642868 -0.80960893630981
vn -0.19773283600807 0.57788956165314 0.79179883003235
vn -0.24024471640587 0.57502925395966 0.78206384181976
vn -0.1138551980257 0.57874315977097 0.80752295255661
vn -0.02502066269517 0.57522040605545 0.81761574745178
vn 0.02268533222377 0.57228910923004 0.8197380900383
vn -0.30237627029419 -0.74697160720825 0.59211653470993
vn -0.36797106266022 -0.78687328100204 0.49540668725967
vn -0.13349394500256 -0.65240454673767 0.74602121114731
vn -0.0306873396039 -0.70519214868546 0.70835185050964
vn -0.02808542177081 -0.79772651195526 0.60236501693726
vn 0.83872890472412 0.25743940472603 0.47985285520554
vn 0.02580812014639 0.79864943027496 -0.60124295949936
vn 0.02510174736381 0.87478691339493 -0.48385715484619
vn 0.13012254238129 0.70553350448608 -0.69662803411484
vn 0.30662822723389 0.74365556240082 -0.59410059452057
vn 0.37589311599731 0.77980422973633 -0.50060933828354
vn -0.88105243444443 0.32587271928787 0.34286081790924
vn 0.0066312472336 0.73696970939636 0.67589324712753
vn -0.03156975284219 0.69069516658783 0.72245657444
vn -0.06401530653238 -0.72928184270859 0.68121218681335
vn -0.05640586093068 -0.81988418102264 0.56974405050278
vn 0.02376300282776 0.75218594074249 -0.65852230787277
vn -0.08665528148413 0.66698116064072 -0.74001824855804
vn -0.98365694284439 0.11623728275299 -0.13750614225864
vn -0.07036580890417 -0.94522112607956 0.31875652074814
vn -0.08403512835503 0.61220079660416 0.78622406721115
vn 0.07795058190823 0.89502793550491 -0.43914538621902
vn 0.03212143853307 0.74558424949646 0.66563677787781
vn 0.08225800096989 -0.72050082683563 -0.68855804204941
vn -0.09172987192869 -0.97848415374756 0.18480890989304
vn -0.12355168163776 0.57031428813934 0.81208163499832
vn 0.11755530536175 0.94364410638809 -0.30938091874123
vn 0.94249266386032 -0.33333507180214 0.02439820580184
vn -0.06625258922577 0.77038192749023 -0.63413113355637
vn -0.17514592409134 0.77450942993164 -0.6078314781189
vn 0.04347329586744 0.75657343864441 -0.65246200561523
vn 0.8209393620491 0.30493655800819 -0.48277559876442
vn 0.95399487018585 -0.28277868032455 0.09964939951897
vn -0.0704193264246 0.69876909255981 -0.71187275648117
vn 0.04307445138693 0.72480058670044 -0.68761092424393
vn 0.06427457928658 0.74259299039841 0.6666516661644
vn 0.01296345423907 0.76163047552109 0.64788192510605
vn 0.84567707777023 0.32257923483849 -0.42517393827438
vn 0.11537054181099 0.72106963396072 0.68318974971771
vn 0.09212551265955 -0.99574685096741 -0.00106717797462
vn 0.05665760859847 -0.99837046861649 -0.00680606625974
vn 0.08509711921215 -0.9711138010025 0.22292704880238
vn 0.08964005857706 -0.92518383264542 0.36878111958504
vn 0.04343694075942 -0.73637008666992 0.67518317699432
vn 0.04565116390586 -0.81926262378693 0.57159835100174
vn 0.03009953722358 -0.61870753765106 0.78504455089569
vn 0.01771384105086 -0.36765691637993 0.92979276180267
vn 0.0185689907521 -0.42783802747726 0.90366464853287
vn 0.00790074467659 -0.27863270044327 0.96036523580551
vn 0.00791465304792 -0.17556573450565 0.98443591594696
vn 0 -0.10673723369837 0.99428725242615
vn -0.00025217980146 -0.99948018789291 -0.03223711997271
vn -0.00042020640103 -0.99984800815582 -0.01742778532207
vn -0.00126057153102 -0.99995839595795 -0.00903725530952
vn -0.00063029292505 -0.99990504980087 -0.01376730389893
vn 0.08150329440832 -0.97120994329453 -0.22384911775589
vn 0.11691484600306 -0.92358887195587 -0.36512261629105
vn 0.08506724238396 -0.64355248212814 -0.76066011190414
vn 0.08750536292791 -0.8065260052681 -0.58468675613403
vn 0.06618019193411 -0.57032835483551 -0.81874644756317
vn 0.07794337719679 -0.44820562005043 -0.89052599668503
vn 0.04368214309216 -0.21085619926453 -0.97654062509537
vn 0.04660385474563 -0.29164201021194 -0.95539152622223
vn 0.03034545481205 -0.09143414348364 -0.99534863233566
vn 0.03701672330499 -0.04705723002553 -0.9982060790062
vn 0.0122485589236 -0.99992424249649 0.00121716386639
vn -0.00316733843647 -0.99998760223389 0.00383861246519
vn 0.00619532167912 -0.99998062849045 0.00063391763251
vn 0 -0.99923157691956 -0.0391946323216
vn 0.04042946174741 -0.9980143904686 -0.0482984893024
vn 0.01357257086784 -0.99767518043518 -0.0667837485671
vn 0.04993360117078 -0.99026012420654 0.12996734678745
vn 0.05361154675484 -0.80030417442322 0.59719264507294
vn 0.0571679584682 -0.93221247196198 0.3573676943779
vn 0.02912307530642 -0.7962948679924 0.60420715808868
vn 0.0460590980947 -0.60891515016556 0.79189699888229
vn 0.02517081983387 -0.28712230920792 0.95756316184998
vn 0.03820967674255 -0.43620622158051 0.89903509616852
vn 0.0133285773918 -0.2584573328495 0.96593070030212
vn 0.01154488138855 -0.13134311139584 0.99126976728439
vn 0.01028367690742 -0.09268122911453 0.99564272165298
vn 0.03078423812985 -0.99891436100006 -0.03496259823442
vn 0 -0.99980795383453 -0.01959828101099
vn 0.1066190674901 -0.99334919452667 -0.04347150400281
vn 0.02968155220151 -0.97406846284866 -0.22429817914963
vn 0.02984066307545 -0.83056670427322 -0.55611914396286
vn 0.02323994413018 -0.9001916050911 -0.43487346172333
vn 0.02077513188124 -0.74267715215683 -0.66932731866837
vn 0.02371004968882 -0.4008027613163 -0.91585749387741
vn 0.02693433873355 -0.55088633298874 -0.83414554595947
vn 0.01226026751101 -0.37468105554581 -0.92707270383835
vn 0.01981526240706 -0.23988032341003 -0.97060024738312
vn 0.01373232994229 -0.16401718556881 -0.98636192083359
vn 0 -0.14626426994801 -0.98924553394318
vn 0.0004460302589 -0.99999803304672 0.00194489222486
vn 0.00051855866332 -0.99999958276749 -0.00073612097185
vn 0 -0.9999874830246 0.00500235939398
vn 0.00111493456643 -0.99996346235275 -0.0084775229916
vn 0.00029828274273 -0.99938267469406 -0.03513082489371
vn 0.00059656472877 -0.99938052892685 -0.03518867865205
vn 0.00078409234993 -0.99921721220016 -0.03955190628767
vn -0.00233736610971 -0.99844968318939 -0.0556127615273
vn 0.21196091175079 -0.97499084472656 -0.06682396680117
vn 0.11034015566111 -0.99286079406738 -0.04530426114798
vn -0.01447552163154 -0.99986058473587 0.00832555815578
vn 0.00014185522741 -1 0.00005064794095
vn -0.0141131458804 -0.99962055683136 0.02365579456091
vn -0.02908881381154 -0.99943900108337 0.01659811846912
vn 0.00749360537156 -0.99970084428787 -0.02328125201166
vn 0 -0.99931979179382 -0.03687678277493
vn 0 -0.99976623058319 -0.02162271365523
vn 0 -0.99994122982025 0.01084034424275
vn 0 -0.99938476085663 -0.03507296741009
vn 0.00062548118876 -0.99847668409348 -0.05517149344087
vn 0 -0.99849027395248 -0.05492845550179
vn 0 -0.99993371963501 -0.01151270512491
vn -0.00000000004853 -0.99994158744812 0.01080714631826
vn 0.00034178583883 -0.9995225071907 0.03089693933725
vn -0.00000000001455 -0.99951666593552 0.03108688257635
vn -0.05665760859847 -0.99837046861649 -0.00680607371032
vn -0.09212551265955 -0.99574685096741 -0.00106718321331
vn -0.08509711921215 -0.9711138010025 0.22292703390121
vn -0.08964005857706 -0.92518383264542 0.36878111958504
vn -0.04343694075942 -0.73637008666992 0.67518317699432
vn -0.04565116390586 -0.81926262378693 0.57159835100174
vn -0.03009953722358 -0.61870753765106 0.78504455089569
vn -0.01771384105086 -0.36765691637993 0.92979276180267
vn -0.0185689907521 -0.42783802747726 0.90366464853287
vn -0.00790074467659 -0.27863270044327 0.96036523580551
vn -0.00791465304792 -0.17556573450565 0.98443591594696
vn 0.00025217980146 -0.99948018789291 -0.03223711997271
vn 0.00063029292505 -0.99990504980087 -0.01376730576158
vn 0.00126057153102 -0.99995839595795 -0.00903725530952
vn 0.00042020640103 -0.99984800815582 -0.01742778532207
vn -0.08150329440832 -0.97120994329453 -0.22384913265705
vn -0.11691484600306 -0.92358887195587 -0.36512261629105
vn -0.08750536292791 -0.8065260052681 -0.58468675613403
vn -0.08506724238396 -0.64355248212814 -0.76066011190414
vn -0.06618019193411 -0.57032835483551 -0.81874644756317
vn -0.07794337719679 -0.44820567965508 -0.89052599668503
vn -0.04660385474563 -0.29164201021194 -0.95539152622223
vn -0.04368214309216 -0.21085619926453 -0.97654062509537
vn -0.0303454566747 -0.09143415093422 -0.99534863233566
vn -0.03701672330499 -0.04705723002553 -0.9982060790062
vn -0.0122485589236 -0.99992424249649 0.00121716386639
vn -0.00619532167912 -0.99998062849045 0.00063391757431
vn 0.00316734099761 -0.99998760223389 0.00383859919384
vn 0 -0.99923157691956 -0.03919463604689
vn -0.01357257179916 -0.99767518043518 -0.0667837485671
vn -0.04042946174741 -0.9980143904686 -0.0482984893024
vn -0.04993360117078 -0.99026012420654 0.12996734678745
vn -0.05361154675484 -0.80030417442322 0.59719264507294
vn -0.05716795474291 -0.93221253156662 0.3573676943779
vn -0.02912307344377 -0.79629492759705 0.60420715808868
vn -0.0460590980947 -0.60891515016556 0.79189699888229
vn -0.02517081797123 -0.28712230920792 0.95756316184998
vn -0.03820967674255 -0.43620622158051 0.89903509616852
vn -0.01332857646048 -0.25845730304718 0.96593070030212
vn -0.01154487859458 -0.13134311139584 0.99126976728439
vn -0.01028367411345 -0.09268122911453 0.99564272165298
vn -0.03078423812985 -0.99891436100006 -0.03496259823442
vn -0.1066190674901 -0.99334919452667 -0.04347150400281
vn -0.02968155406415 -0.97406846284866 -0.22429817914963
vn -0.02323994599283 -0.9001916050911 -0.43487346172333
vn -0.02984066307545 -0.83056670427322 -0.55611914396286
vn -0.02077513560653 -0.74267715215683 -0.66932731866837
vn -0.02693433873355 -0.55088639259338 -0.83414548635483
vn -0.02371004968882 -0.4008027613163 -0.91585749387741
vn -0.01226026751101 -0.37468108534813 -0.92707270383835
vn -0.01981526054442 -0.23988032341003 -0.97060024738312
vn -0.01373232994229 -0.16401718556881 -0.98636192083359
vn -0.00051855843049 -0.99999958276749 -0.00073612073902
vn -0.00044603014248 -0.99999803304672 0.00194489234127
vn 0 -0.9999874830246 0.00500235892832
vn -0.0011149343336 -0.99996346235275 -0.0084775229916
vn -0.00059656472877 -0.99938052892685 -0.03518867865205
vn -0.00029828274273 -0.99938267469406 -0.03513082489371
vn 0.00233736680821 -0.99844968318939 -0.05561275780201
vn -0.00078409165144 -0.99921721220016 -0.03955190256238
vn -0.11034015566111 -0.99286079406738 -0.04530426114798
vn -0.21196091175079 -0.97499084472656 -0.06682396680117
vn -0.00014185528562 -1 0.0000506478209
vn 0.0144755281508 -0.99986058473587 0.00832552462816
vn 0.01411315239966 -0.99962055683136 0.0236557610333
vn 0.02908882685006 -0.99943900108337 0.01659805141389
vn -0.00749360537156 -0.99970084428787 -0.02328125201166
vn -0.00062548113056 -0.99847668409348 -0.05517149344087
vn -0.00034178598435 -0.9995225071907 0.03089693933725
vn -0.00000004682589 -0.97094219923019 0.23931419849396
vn 0.00000000059045 -0.97094219923019 0.23931403458118
vn -0.00000007278157 -0.9633224606514 -0.26834654808044
vn -0.00000012889654 -0.96332252025604 -0.26834636926651
vn -0.00000005837543 -0.88545763492584 0.46472012996674
vn 0.00000002556293 -0.88545769453049 0.4647199511528
vn -0.00000011580789 -0.85598009824753 -0.51700878143311
vn -0.0000002157828 -0.85598027706146 -0.51700854301453
vn -0.0000000371249 -0.9752488732338 0.22110988199711
vn -0.0000000051505 -0.97524893283844 0.22110974788666
vn -0.00000011244989 -0.97499030828476 -0.22224740684032
vn -0.00000008762702 -0.9749903678894 -0.22224721312523
vn -0.00000005395419 -0.89989626407623 0.43610405921936
vn 0.00000004124035 -0.89989626407623 0.43610396981239
vn -0.00000016826586 -0.9035222530365 -0.42854124307632
vn -0.00000015270849 -0.90352231264114 -0.42854106426239
vn 0.00000004800678 -0.97094225883484 0.23931393027306
vn -0.00000001666661 -0.96332240104675 -0.26834669709206
vn 0.00000010950129 -0.88545781373978 0.46471983194351
vn -0.00000001583297 -0.85597997903824 -0.51700896024704
vn 0.0000000268239 -0.97524893283844 0.22110962867737
vn -0.00000013727278 -0.97499024868011 -0.22224754095078
vn 0.00000013643488 -0.89989632368088 0.43610388040543
vn -0.0000001838232 -0.90352213382721 -0.42854136228561
vn 0.21036630868912 0.07655408233404 -0.97462069988251
vn 0.03279525414109 0.09464253485203 -0.99497097730637
vn -0.21036630868912 0.07655408233404 -0.97462069988251
vn -0.03279518336058 0.09464254230261 -0.99497097730637
vn 0 1 0
vn 0 -1 0
vn 0 -1 0
vn 0.95733141899109 0.09118807315826 -0.27422857284546
vn 0.98045974969864 0.08417457342148 -0.17780119180679
vn 0.98946195840836 0.00846368074417 -0.14454561471939
vn 0.96649974584579 0.01240096520633 -0.2563678920269
vn 0.83142566680908 0.09404228627682 -0.54761976003647
vn 0.83756524324417 0.02063676156104 -0.54594743251801
vn 0.43107423186302 0.06553010642529 -0.8999337553978
vn 0.43308666348457 0.02937089279294 -0.90087360143662
vn 0.10983298718929 0.03676621243358 -0.99326986074448
vn 0.87642657756805 0.1052406206727 -0.46989446878433
vn 0.96559327840805 0.08338744193316 -0.24632525444031
vn 0.42382204532623 0.06084220483899 -0.903699696064
vn 0.09748278558254 0.03209536150098 -0.9947195649147
vn 0.85904997587204 0.01156420633197 -0.51176112890244
vn 0.95966082811356 0.00688009848818 -0.2810760140419
vn 0.41839116811752 0.01984300278127 -0.90805017948151
vn -0.95733141899109 0.09118808060884 -0.27422857284546
vn -0.96649974584579 0.01240096520633 -0.2563678920269
vn -0.98946195840836 0.00846368074417 -0.14454561471939
vn -0.98045974969864 0.08417457342148 -0.17780119180679
vn -0.83142572641373 0.09404228627682 -0.54761970043182
vn -0.83756524324417 0.02063676156104 -0.54594743251801
vn -0.43107429146767 0.06553010642529 -0.8999337553978
vn -0.4330866932869 0.02937089279294 -0.90087360143662
vn -0.10983305424452 0.03676621615887 -0.99326980113983
vn -0.87642657756805 0.1052406206727 -0.46989446878433
vn -0.96559327840805 0.08338744193316 -0.24632525444031
vn -0.42382204532623 0.06084221228957 -0.903699696064
vn -0.09748283773661 0.03209536895156 -0.9947195649147
vn -0.85904997587204 0.01156420633197 -0.51176112890244
vn -0.95966082811356 0.00688009848818 -0.2810760140419
vn -0.41839116811752 0.01984300278127 -0.90805017948151
vn 0.34828180074692 -0.36905598640442 -0.86168295145035
vn 0.3368673324585 0.53170639276505 -0.77705132961273
vn -0.45874840021133 0.51776885986328 -0.72212553024292
vn -0.44682556390762 -0.39149835705757 -0.80441027879715
vn -0.60413366556168 -0.6262212395668 -0.49281784892082
vn 0.54779350757599 -0.59816652536392 -0.58490949869156
vn 0.52994406223297 0.71120965480804 -0.4618875682354
vn -0.62258100509644 0.68775582313538 -0.37334284186363
vn 0.36909574270248 -0.44888082146645 -0.81380236148834
vn 0.36909520626068 0.44887977838516 -0.81380319595337
vn -0.43678843975067 0.46482720971107 -0.7701632976532
vn -0.43678903579712 -0.464828312397 -0.77016234397888
vn -0.61664372682571 -0.66428738832474 -0.42246031761169
vn 0.54704970121384 -0.6562043428421 -0.51974272727966
vn 0.54704904556274 0.65620303153992 -0.51974505186081
vn -0.6166433095932 0.66428625583649 -0.4224628508091
vn -0.34828212857246 -0.36905598640442 -0.86168283224106
vn 0.44682669639587 -0.39149886369705 -0.80440944433212
vn 0.45874956250191 0.51776915788651 -0.7221245765686
vn -0.33686766028404 0.53170651197433 -0.77705109119415
vn 0.60413497686386 -0.62622165679932 -0.49281576275826
vn -0.54779386520386 -0.59816652536392 -0.58490914106369
vn -0.52994441986084 0.71120971441269 -0.46188706159592
vn 0.62258231639862 0.68775582313538 -0.37334063649178
vn -0.36909514665604 -0.44888067245483 -0.81380271911621
vn 0.43678903579712 -0.46482834219933 -0.77016228437424
vn 0.43678843975067 0.46482720971107 -0.7701632976532
vn -0.36909464001656 0.44887962937355 -0.81380355358124
vn 0.61664372682571 -0.66428744792938 -0.42246031761169
vn -0.5470489859581 -0.65620428323746 -0.51974356174469
vn -0.54704833030701 0.65620297193527 -0.51974588632584
vn 0.6166433095932 0.66428625583649 -0.4224628508091
vn 0.20300121605396 -0.15701904892921 -0.96650683879852
vn 0.16594241559505 -0.33052140474319 -0.92909562587738
vn 0.39472833275795 -0.11334421485662 -0.91177994012833
vn -0.00000075278274 0.02552898786962 -0.99967408180237
vn -0.00000262319486 0.02553101442754 -0.99967402219772
vn -0.00000279345591 0.02553061954677 -0.99967402219772
vn -0.000000387022 0.02552870474756 -0.99967408180237
vn 0.00000019654254 0.02552905678749 -0.99967408180237
vn 0.00000182682106 0.02552903816104 -0.99967408180237
vn 0.00000085307613 0.02553007379174 -0.99967408180237
vn -0.00000131322417 0.02552998065948 -0.99967408180237
vn 0.35990217328072 0.21302266418934 -0.90834563970566
vn 0.18385176360607 0.23610638082027 -0.9541762471199
vn -0.36121556162834 -0.16201259195805 -0.9183002114296
vn -0.12812927365303 -0.37657049298286 -0.91748434305191
vn -0.18398021161556 -0.18139170110226 -0.96604776382446
vn -0.18594966828823 0.22845588624477 -0.95563101768494
vn -0.36508849263191 0.19773383438587 -0.90973168611526
vn -0.13216698169708 0.41797930002213 -0.89879095554352
vn 0.12644019722939 0.43336233496666 -0.89230597019196
vn -0.02489143237472 0.99674814939499 -0.07663914561272
vn -0.06834278255701 0.99422973394394 -0.08268284797668
vn -0.09355936199427 0.99146562814713 -0.09078839421272
vn -0.0031121596694 0.99682658910751 -0.07954278588295
vn 0.0000000000291 0.99676668643951 -0.08035057783127
vn 0.02489143237472 0.99674814939499 -0.07663914561272
vn 0.06834278255701 0.99422973394394 -0.08268284797668
vn 0.09355936199427 0.99146562814713 -0.09078839421272
vn 0.00311216013506 0.99682658910751 -0.07954278588295
vn -0.84000033140182 0.24396435916424 0.4846450984478
vn -0.98031610250473 0.19308041036129 0.04123399779201
vn -0.89570313692093 0.43940544128418 0.06810834258795
vn -0.2709609568119 -0.2029075473547 0.94096159934998
vn -0.27140954136848 -0.20014268159866 0.94142431020737
vn -0.1697454303503 0.34861943125725 0.92176514863968
vn -0.16745814681053 0.33257299661636 0.92809104919434
vn -0.35298842191696 -0.69342678785324 0.62813884019852
vn -0.41839918494225 -0.69081991910934 0.58966940641403
vn -0.37302082777023 -0.86091101169586 -0.34595903754234
vn -0.18014793097973 -0.98313224315643 -0.03158582374454
vn -0.41942331194878 -0.8962836265564 0.14408229291439
vn -0.78497087955475 -0.61272621154785 0.09158230572939
vn -0.66937255859375 -0.41574338078499 0.61570924520493
vn -0.43214258551598 -0.61984902620316 0.65501147508621
vn -0.97720539569855 -0.20620809495449 0.05047561228275
vn -0.80437690019608 -0.14644551277161 0.57578772306442
vn -0.62206280231476 0.57281112670898 0.53378385305405
vn -0.65831571817398 0.73453903198242 0.16453820466995
vn -0.28308019042015 0.72574764490128 0.62702149152756
vn -0.255575299263 0.91610205173492 0.30893087387085
vn 0.17598186433315 0.87339729070663 0.45410084724426
vn 0.06457503885031 0.66861402988434 0.74080049991608
vn 0.59974306821823 0.57517582178116 0.55631023645401
vn 0.3209556043148 0.45576900243759 0.83021813631058
vn 0.46807056665421 0.12613192200661 0.87464320659637
vn 0.80504006147385 0.16717670857906 0.56917703151703
vn 0.84555995464325 0.42240986227989 0.32649382948875
vn 0.50112855434418 0.19539262354374 0.84302544593811
vn 0.34099796414375 0.8634073138237 -0.37181735038757
vn 0.0967620909214 0.8210329413414 0.56262063980103
vn 0.36174899339676 0.57310211658478 0.73531740903854
vn 0.12737157940865 0.89116442203522 -0.4354335963726
vn -0.05296670645475 0.88460868597031 0.46331629157066
vn -0.99846965074539 0.0397300645709 0.03846868500113
vn -0.83065319061279 0.03019860759377 0.55597060918808
vn -0.38227424025536 0.11647395789623 0.91667890548706
vn -0.33531561493874 0.36660587787628 0.86785000562668
vn -0.03422244265676 0.31503981351852 0.94846123456955
vn 0.01883444935083 0.08986856043339 0.99577552080154
vn -0.36365303397179 0.07702343910933 0.92834466695786
vn -0.38360074162483 -0.22594249248505 0.8954331278801
vn -0.38699635863304 0.04459207877517 0.92100238800049
vn 0.02936550974846 0.11795370280743 0.99258482456207
vn -0.06945409625769 0.38266360759735 0.92127341032028
vn 0.19184140861034 -0.00000219508615 -0.98142594099045
vn 0.19184197485447 -0.00000123442908 -0.98142582178116
vn 0.19184109568596 -0.000003374568 -0.98142600059509
vn 0.19184052944183 0.00000153439748 -0.98142611980438
vn 0.19183979928494 0.00000221965752 -0.98142623901367
vn 0.19184082746506 0.00000402075557 -0.98142606019974
vn 0.19184039533138 -0.00000942222687 -0.98142611980438
vn 0.1918408125639 -0.00001540613448 -0.98142606019974
vn -0.0231999065727 -0.34794399142265 -0.93722820281982
vn 0.17252220213413 -0.02369886822999 -0.98472046852112
vn 0.84015285968781 -0.21638010442257 -0.49731567502022
vn 0.36876568198204 -0.78909945487976 -0.49125742912292
vn 0.19184236228466 0.00001718301246 -0.98142576217651
vn 0.19184128940105 0.00000653330562 -0.98142594099045
vn -0.30670785903931 -0.95002400875092 -0.05817779898643
vn -0.74377369880676 -0.65213060379028 -0.14671862125397
vn -0.96312737464905 -0.21839931607246 -0.15712243318558
vn -0.98602735996246 0.04318613559008 -0.16088803112507
vn -0.96949499845505 0.19189558923244 -0.15249769389629
vn -0.87570548057556 0.4748183786869 -0.08767776936293
vn -0.62571847438812 0.77877634763718 0.04453926533461
vn -0.24402122199535 0.94650948047638 0.21112410724163
vn 0.18399193882942 0.90671938657761 0.37948244810104
vn 0.642702460289 0.61051243543625 0.46282625198364
vn 0.90171229839325 0.12318713963032 0.41441509127617
vn 0.77551597356796 0.30280667543411 -0.55397027730942
vn 0.86435574293137 -0.33294689655304 0.37687599658966
vn 0.56283992528915 -0.78548687696457 0.25733560323715
vn 0.5616757273674 -0.78647863864899 0.25684976577759
vn 0.03248664364219 -0.99777901172638 0.0581521242857
vn 0.03400033339858 -0.99810630083084 0.05126139894128
vn 0.20014828443527 0.30156564712524 -0.93220108747482
vn -0.45988431572914 0.81271523237228 -0.35777145624161
vn -0.34979808330536 0.32941740751266 -0.87699800729752
vn -0.458740234375 0.81789934635162 0.34727230668068
vn -0.35808163881302 0.33948242664337 0.86978685855865
vn -0.45488876104355 -0.81514698266983 0.35862463712692
vn -0.35196927189827 -0.33075454831123 0.87562495470047
vn -0.37014693021774 -0.37595000863075 -0.8495015501976
vn -0.46059665083885 -0.83396655321121 -0.30389231443405
vn 0.4598816037178 0.81271648406982 -0.35777196288109
vn 0.34979584813118 0.3294178545475 -0.87699872255325
vn 0.45873755216599 0.81790059804916 0.34727284312248
vn 0.35807937383652 0.33948287367821 0.86978763341904
vn 0.45488607883453 -0.81514823436737 0.35862511396408
vn 0.35196703672409 -0.33075499534607 0.87562566995621
vn 0.37014463543892 -0.37595057487488 -0.84950226545334
vn 0.46059399843216 -0.83396780490875 -0.30389279127121
vn -0.37072262167931 0.82921969890594 0.41828146576881
vn -0.89049273729324 0.33159580826759 0.31155559420586
vn 0.35998651385307 0.83444905281067 0.41725838184357
vn 0.88383543491364 0.34203115105629 0.31913891434669
vn 0.37135365605354 -0.83131170272827 0.41354233026505
vn 0.88940268754959 -0.33279359340668 0.31338673830032
vn -0.86365514993668 -0.38029339909554 0.3308727145195
vn -0.31594416499138 -0.85112702846527 0.41923981904984
vn -0.00013009671238 0.01344408467412 -0.99990963935852
vn 0.00000000005821 0.01344408467412 -0.99990963935852
vn 0.02391624636948 -0.03823997080326 -0.99898236989975
vn 0.01601969823241 0.63566720485687 -0.77179700136185
vn -0.00001022088327 0.99692529439926 0.07835760712624
vn -0.00000000000364 0.99692529439926 0.07835760712624
vn -0.00000000410441 -0.10494432598352 0.99447810649872
vn -0.00000007788839 -0.99569666385651 -0.09267258644104
vn 0 0.99569666385651 0.09267258644104
vn 0.0001300968288 0.01344408560544 -0.99990963935852
vn 0.00001996305218 0.988037109375 -0.15421643853188
vn 0.00001022087599 0.99692529439926 0.07835760712624
vn 0.01449019834399 0.84452098608017 0.53532636165619
vn 0.03481444716454 0.84674727916718 0.53085500001907
vn 0.03417336568236 0.84772098064423 0.52934044599533
vn 0.03225572034717 0.84588241577148 0.53239315748215
vn -0.01819921843708 0.84513181447983 0.53424805402756
vn -0.85876631736755 0.00149407645222 0.51236528158188
vn -0.38474115729332 0.89358937740326 0.23124063014984
vn -0.60774350166321 0.70596772432327 0.36367216706276
vn -0.00149247096851 0.99999499320984 0.00278616463766
vn 0.00039055739762 0.99999785423279 0.00203414587304
vn 0.38474044203758 0.89358979463577 0.23124019801617
vn 0.85876631736755 0.00149889593013 0.51236528158188
vn 0.60774201154709 0.70596939325333 0.36367130279541
vn 0.0014924708521 0.99999499320984 0.00278616393916
vn -0.00039055768866 0.99999785423279 0.00203414494172
vn 0.11755782365799 0.71578353643417 0.68835604190826
vn 0.2447525113821 0.71174448728561 0.65841937065125
vn 0.21704299747944 0.72835409641266 0.64991742372513
vn 0.11253252625465 0.73756659030914 0.66583174467087
vn 0.27416199445724 0.72068250179291 0.63675111532211
vn 0.27768832445145 0.72295254468918 0.63263636827469
vn 0.28928086161613 0.69882929325104 0.65418213605881
vn 0.03056182153523 0.71832370758057 0.69503748416901
vn 0.02940275333822 0.74002826213837 0.67193281650543
vn 0 0.71845716238022 0.69557118415833
vn 0 0.74034857749939 0.67222315073013
vn 0.12373783439398 0.69363391399384 0.70962023735046
vn 0.24011942744255 0.68374121189117 0.68908679485321
vn 0.30090084671974 0.67457407712936 0.67409825325012
vn 0.03226877003908 0.69575703144073 0.71755200624466
vn 0 0.69562357664108 0.71840643882751
vn 0.12325958162546 0.71657431125641 0.68653351068497
vn 0.24535201489925 0.71282565593719 0.65702503919601
vn 0.29634261131287 0.69576984643936 0.65428239107132
vn 0.03262699767947 0.71805757284164 0.69521850347519
vn -0.00000000011647 0.71783185005188 0.69621652364731
vn 0.12138432264328 0.73842203617096 0.66332405805588
vn 0.2178241610527 0.73194181919098 0.64561122655869
vn 0.26175335049629 0.72582387924194 0.63613277673721
vn 0.27629539370537 0.71960890293121 0.63704305887222
vn 0.26206421852112 0.72496426105499 0.63698446750641
vn 0.03237381204963 0.73977196216583 0.67207837104797
vn -0.00000000023283 0.73952579498291 0.67312824726105
vn -0.11755783855915 0.71578353643417 0.68835604190826
vn -0.11253252625465 0.73756659030914 0.66583174467087
vn -0.21704299747944 0.72835409641266 0.64991742372513
vn -0.24475254118443 0.71174442768097 0.65841937065125
vn -0.27416205406189 0.72068250179291 0.63675105571747
vn -0.27768844366074 0.72295236587524 0.63263648748398
vn -0.28928074240685 0.69882923364639 0.6541822552681
vn -0.03056181780994 0.71832370758057 0.69503748416901
vn -0.02940275333822 0.74002826213837 0.67193281650543
vn -0.12373785674572 0.69363397359848 0.70962017774582
vn -0.24011930823326 0.68374121189117 0.68908679485321
vn -0.30090060830116 0.67457419633865 0.67409831285477
vn -0.03226877376437 0.69575709104538 0.71755194664001
vn -0.12325961142778 0.71657425165176 0.68653357028961
vn -0.24535185098648 0.71282565593719 0.65702509880066
vn -0.29634243249893 0.69576984643936 0.65428245067596
vn -0.03262699767947 0.71805763244629 0.69521850347519
vn -0.12138436734676 0.73842203617096 0.66332405805588
vn -0.21782386302948 0.73194187879562 0.64561122655869
vn -0.26175302267075 0.7258238196373 0.63613295555115
vn -0.27629536390305 0.71960884332657 0.63704317808151
vn -0.26206427812576 0.72496402263641 0.63698464632034
vn -0.03237381577492 0.73977202177048 0.67207837104797
vn 0 0.99987375736237 0.01588907837868
vn 0.00605027889833 0.58895897865295 -0.80814027786255
vn 0.00770559255034 0.5447444319725 -0.83856672048569
vn 0.00940406136215 0.54672849178314 -0.83725714683533
vn 0.00600705621764 0.54275572299957 -0.83986914157867
vn 0.00436174077913 0.60955893993378 -0.79272878170013
vn 0.00268725538626 0.6722856760025 -0.74028694629669
vn 0 -0.99997729063034 0.00674291094765
vn 0 -0.99990904331207 0.01348551455885
vn -0.3201639354229 -0.36014264822006 -0.87623757123947
vn 0 -0.99867284297943 -0.05150266736746
vn 0 -0.99966818094254 -0.02575988322496
vn -0.99112975597382 -0.13082468509674 0.02338180877268
vn -0.98136240243912 -0.19216468930244 -0.00078816397581
vn -0.98489832878113 -0.17309530079365 -0.00365390605293
vn -0.99436920881271 -0.09986345469952 0.03545637056231
vn -0.98829221725464 0.02628112025559 0.15029244124889
vn -0.96697843074799 -0.15035730600357 0.20578008890152
vn -0.90404611825943 -0.38901299238205 0.17711447179317
vn -0.00023917086946 0.13790893554688 0.99044489860535
vn 0.00000000001455 0.13790895044804 0.99044489860535
vn 0.00000000005821 0.13760684430599 0.99048691987991
vn -0.00017038754595 0.13760684430599 0.99048691987991
vn -0.00062132783933 0.13888081908226 0.99030888080597
vn 0.00000000003881 0.13892388343811 0.99030303955078
vn 0.00233649997972 -0.02183603309095 0.99975883960724
vn 0.00095179356867 -0.0163877364248 0.99986523389816
vn -0.00000000010914 -0.01638774387538 0.99986571073532
vn -0.00000000023283 -0.02183609455824 0.9997615814209
vn -0.00029168519541 -0.0102288229391 0.99994766712189
vn -0.00000000002547 -0.01022882200778 0.99994766712189
vn -0.00015042741143 -0.00951871741563 0.99995470046997
vn -0.00000000005093 -0.00951871741563 0.99995470046997
vn 0.00015884172171 0.99703377485275 0.07696474343538
vn 0.00265781651251 0.99790382385254 0.06465993821621
vn 0 0.99790734052658 0.06466016173363
vn 0.00000000029106 0.9970338344574 0.0769647359848
vn -0.5122926235199 0.85250842571259 0.10385417193174
vn -0.0782498717308 0.97852331399918 0.19070667028427
vn -0.77910178899765 0.61929422616959 0.09733989089727
vn -0.15287943184376 0.94503229856491 0.28903606534004
vn -0.98849910497665 -0.03777072951198 -0.14643383026123
vn -0.00097670569085 0.13928020000458 0.99025255441666
vn 0.00130112143233 0.29044842720032 -0.9568897485733
vn 0.00000000043683 0.29044869542122 -0.95689058303833
vn 0.00000000066939 0.25627312064171 -0.96660441160202
vn 0.00096183991991 0.25627300143242 -0.96660393476486
vn 0.00187516561709 0.43287453055382 -0.90145224332809
vn -0.00000000005861 0.43287527561188 -0.9014538526535
vn 0.00182080641389 0.87624973058701 -0.48185384273529
vn 0.00000002760276 0.87625116109848 -0.481854647398
vn -0.00101871020161 0.13900983333588 0.99029046297073
vn 0.00000000005821 0.13900990784168 0.99029099941254
vn 0.3201639354229 -0.36014264822006 -0.87623757123947
vn 0.98136240243912 -0.19216467440128 -0.00078814523295
vn 0.99112975597382 -0.13082464039326 0.02338192425668
vn 0.98489832878113 -0.17309528589249 -0.00365389673971
vn 0.99436920881271 -0.09986335784197 0.0354565307498
vn 0.98829215764999 0.02628147602081 0.15029272437096
vn 0.9669783115387 -0.15035760402679 0.20578019320965
vn 0.90404570102692 -0.38901397585869 0.17711429297924
vn 0.00023917089857 0.13790893554688 0.99044489860535
vn 0.00017038766237 0.13760684430599 0.99048691987991
vn 0.00062132783933 0.13888081908226 0.99030888080597
vn -0.00095179380151 -0.01638773828745 0.99986523389816
vn -0.00233650044538 -0.02183603681624 0.99975883960724
vn 0.0002916851372 -0.0102288229391 0.99994766712189
vn 0.00015042730956 -0.00951871741563 0.99995470046997
vn -0.00265781651251 0.99790382385254 0.06465993821621
vn -0.00015884113964 0.99703377485275 0.0769647359848
vn 0.07824928313494 0.97852331399918 0.19070711731911
vn 0.5122926235199 0.8525083065033 0.10385495424271
vn 0.15287826955318 0.94503223896027 0.28903692960739
vn 0.77910214662552 0.61929357051849 0.09734106063843
vn 0.9884991645813 -0.03777281567454 -0.14643317461014
vn 0.00097670580726 0.13928020000458 0.99025255441666
vn -0.00130112061743 0.29044842720032 -0.9568897485733
vn -0.00096183858113 0.25627300143242 -0.96660393476486
vn -0.00187516584992 0.43287456035614 -0.90145224332809
vn -0.00182075111661 0.87624973058701 -0.48185387253761
vn 0.00101871031802 0.13900983333588 0.99029046297073
vn 0.00110502040479 0.99999940395355 0.00012226951367
vn 0.00000004866163 1 0.0001221922721
vn -0.00110492308158 0.99999940395355 0.00012211487046
vn 0 0.68122071027756 -0.73207813501358
vn 0.85332328081131 0.38835567235947 -0.34787824749947
vn 0.94412958621979 0.22847053408623 -0.23753015697002
vn 0.98678576946259 0.13800053298473 -0.08491006493568
vn 0.98848229646683 0.14236596226692 -0.05132881179452
vn 0.99510109424591 0.06946161389351 -0.07034841924906
vn 0.63788396120071 0.19627103209496 -0.74470245838165
vn -0.0802688151598 0.20902995765209 -0.974609375
vn 0.1617870926857 0.65989774465561 -0.73373007774353
vn -0.54641729593277 0.57359278202057 -0.61026173830032
vn -0.97633522748947 0.17703957855701 -0.12420350313187
vn -0.96488606929779 0.23895753920078 -0.10906013846397
vn -0.97480607032776 0.14997769892216 -0.16510550677776
vn -0.91904044151306 0.19694000482559 -0.34143710136414
vn -0.79081237316132 0.39327099919319 -0.46899217367172
vn 0 0.23659855127335 -0.97160750627518
vn -0.00000055602129 -0.14637410640717 -0.9892293214798
vn 0.00018063737662 -0.14637410640717 -0.98922926187515
vn -0.0000213442454 0.19602774083614 -0.98059833049774
vn 0.00000005582477 0.19602766633034 -0.98059839010239
vn -0.00000000100181 0.20159704983234 -0.97946852445602
vn -0.00000420398101 0.20159712433815 -0.97946852445602
vn -0.00003993241626 0.18608540296555 -0.98253357410431
vn 0.00000011996627 0.18608535826206 -0.98253357410431
vn 0.00015658327902 -0.17407712340355 -0.9847320318222
vn -0.00000048203447 -0.17407713830471 -0.9847320318222
vn -0.00018174941943 -0.14637410640717 -0.98922926187515
vn 0.00002145589497 0.19602759182453 -0.98059839010239
vn 0.00000420197784 0.20159697532654 -0.97946858406067
vn 0.0000401723446 0.18608532845974 -0.98253357410431
vn -0.00015754734341 -0.17407712340355 -0.9847320318222
vn 0.0011996520916 0.99990928173065 0.01341558247805
vn -0.00000000011642 0.99990999698639 0.01341559179127
vn -0.00119965232443 0.99990928173065 0.01341558247805
vn 0.99673110246658 0.07706782221794 0.02424155175686
vn 0.99969536066055 0.00865266472101 0.0231145080179
vn 0.97431993484497 0.20888157188892 0.08407809585333
vn 0.97879749536514 0.19316950440407 0.06812454015017
vn 0.96379899978638 0.24197138845921 0.11198788881302
vn 0.96092522144318 0.25827890634537 0.09957272559404
vn 0.96352624893188 0.2427586466074 0.11262940615416
vn 0.95995199680328 0.27445307374001 0.05628181621432
vn 0.95821803808212 0.27512559294701 0.07825652509928
vn 0.96030861139297 0.27611902356148 0.03956820815802
vn 0.96858161687851 0.248197093606 0.0157451108098
vn 0.96699446439743 0.25370046496391 0.02361745946109
vn 0.97220689058304 0.23382419347763 0.01183060184121
vn 0.97237884998322 0.23340789973736 0.00025881789043
vn 0.97680157423019 0.21390582621098 -0.01014549750835
vn 0.9752744436264 0.22096432745457 -0.00381517107598
vn 0.97958552837372 0.1997304558754 -0.02280271798372
vn 0.97843313217163 0.20598337054253 -0.01547588501126
vn -0.99969536066055 0.00865198858082 0.02311450615525
vn -0.99673116207123 0.07706747949123 0.02424154989421
vn -0.97432023286819 0.20888067781925 0.08407701551914
vn -0.97879773378372 0.19316878914833 0.06812380999327
vn -0.96379947662354 0.24197028577328 0.11198654025793
vn -0.96092528104782 0.25827872753143 0.09957255423069
vn -0.9635266661644 0.24275769293308 0.11262810230255
vn -0.95995140075684 0.27445513010025 0.05628188326955
vn -0.95821744203568 0.27512773871422 0.07825666666031
vn -0.96030777692795 0.27612206339836 0.03956804051995
vn -0.96858131885529 0.24819813668728 0.01574484817684
vn -0.96699410676956 0.2537017762661 0.02361706458032
vn -0.97220677137375 0.2338248193264 0.01183042023331
vn -0.97237873077393 0.23340854048729 0.00025890563847
vn -0.97527450323105 0.22096401453018 -0.00381570262834
vn -0.97680163383484 0.21390561759472 -0.01014575362206
vn -0.97958552837372 0.19973032176495 -0.02280242368579
vn -0.97843325138092 0.20598268508911 -0.01547635626048
vn 0 -0.62793028354645 0.7782695889473
vn 0.00326636340469 -0.62792694568634 0.77826541662216
vn -0.00326636340469 -0.62792694568634 0.77826547622681
vn 0.00075991597259 -0.20811612904072 0.97810381650925
vn -0.00075991556514 -0.20811611413956 0.97810381650925
vn -0.23961049318314 -0.9486517906189 -0.20651045441628
vn -0.28511625528336 -0.93383955955505 -0.21599172055721
vn -0.19353440403938 -0.96120619773865 -0.1965376585722
vn 0.23961064219475 -0.9486517906189 -0.20651036500931
vn 0.28511661291122 -0.93383944034576 -0.21599163115025
vn 0.19353438913822 -0.96120625734329 -0.19653756916523
vn 0.02797910571098 -0.99483519792557 -0.09757125377655
vn 0.03936456143856 -0.96906691789627 -0.24363847076893
vn 0 -0.99522477388382 -0.09760946780443
vn 0.00000172422199 -0.99985885620117 -0.01679923012853
vn 0.43327814340591 -0.90116339921951 0.01321244984865
vn -0.02376614138484 -0.99881106615067 -0.04256319254637
vn -0.04482556506991 -0.9937926530838 -0.10181748121977
vn 0.40545949339867 -0.91128867864609 -0.07180216163397
vn -0.00000000011642 -0.99985784292221 0.01686054840684
vn -0.0026121342089 -0.99985444545746 0.01686049066484
vn 0.77040976285934 -0.63699078559875 -0.02667502686381
vn -0.03936456143856 -0.96906691789627 -0.24363848567009
vn -0.02797910571098 -0.99483519792557 -0.09757125377655
vn -0.43326929211617 -0.90116763114929 0.01321230921894
vn -0.40545052289963 -0.91129267215729 -0.07180187851191
vn 0.04482556134462 -0.9937926530838 -0.10181745141745
vn 0.02376613765955 -0.99881106615067 -0.04256317764521
vn 0.00261213397607 -0.99985444545746 0.01686049066484
vn -0.77039730548859 -0.63700586557388 -0.02667517587543
vn -0.00000142472618 -0.6340497136116 -0.77329224348068
vn -0.00000108607617 -0.66406232118607 -0.74767726659775
vn -0.00000100956743 -0.71235466003418 -0.70181965827942
vn -0.00000063632763 -0.73114341497421 -0.68222373723984
vn 0 -0.73114365339279 -0.68222349882126
vn 0.0000010506717 -0.66406232118607 -0.74767726659775
vn 0.00000143560976 -0.6340497136116 -0.77329224348068
vn 0.00000092864781 -0.71235466003418 -0.70181965827942
vn 0 -0.73114365339279 -0.6822235584259
vn 0.00000059625677 -0.73114341497421 -0.68222373723984
vn 0.00010008076788 0.0001794975833 -1
vn -0.0001000807606 0.0001794975833 -1
vn -1 -0.00000000092884 -0.00000013400069
vn 0.0010188735323 0.02948919869959 0.99956458806992
vn -0.00101887341589 0.02948920242488 0.99956458806992
vn 0.00000004188957 0.18204294145107 0.98329055309296
vn 0.63369786739349 0.44616261124611 0.63195407390594
vn 0.00000009148564 0.90870296955109 0.41744324564934
vn 0.63768064975739 0.28344890475273 0.71625417470932
vn 0.99759805202484 0.06748227775097 0.01563039980829
vn 0.89904648065567 0.43482503294945 0.05140643939376
vn 0.65423160791397 0.62903207540512 0.41988044977188
vn 0.7786620259285 0.62726891040802 0.01480254437774
vn -0.00000012916159 0.24230314791203 0.9702005982399
vn 0.0000001179358 0.6363200545311 0.77142518758774
vn 0.0000000527081 0.28953257203102 0.95716816186905
vn 0.00000004938324 0.28953257203102 0.95716816186905
vn 0.58616751432419 0.76970052719116 0.25292035937309
vn 0.00000088539264 0.99553120136261 0.09443307667971
vn 0.00000122389281 0.99553126096725 0.09443230181932
vn 0.00000054689241 0.99553114175797 0.09443385154009
vn 0.97956711053848 0.19070754945278 -0.06386597454548
vn -0.00090018991614 -0.04099941253662 -0.99915874004364
vn 0.00000015919179 -0.02083680406213 -0.99978291988373
vn -0.00134971761145 -0.06147377192974 -0.99810779094696
vn -0.0026994314976 -0.06046351417899 -0.99816673994064
vn 0.00000023868395 0.00000029520879 -1
vn 0.00000047736791 -0.00000038455423 -1
vn -0.9686490893364 0.2271044254303 0.10071028023958
vn -0.98906821012497 0.1345626115799 0.06030755117536
vn -0.99120634794235 0.12159842997789 0.0521904155612
vn -0.89430010318756 0.44470143318176 0.0496788918972
vn -0.77855116128922 0.62741208076477 0.01456761639565
vn -0.77866226434708 0.6272686123848 0.01480381190777
vn -0.97235596179962 0.23116512596607 -0.03296311944723
vn -0.97899281978607 0.20236420631409 -0.02493508160114
vn 0.00000004188956 0.18204294145107 0.98329055309296
vn 0.63369768857956 0.44616252183914 0.63195425271988
vn 0.0000001705659 0.90870296955109 0.4174433350563
vn 0.63768070936203 0.28344881534576 0.71625417470932
vn 0.9975979924202 0.06748249381781 0.01563059724867
vn 0.89904659986496 0.43482485413551 0.05140624195337
vn 0.65423178672791 0.62903195619583 0.41988036036491
vn 0.77866220474243 0.62726867198944 0.01480250060558
vn -0.00000012916168 0.24230317771435 0.9702005982399
vn 0.00000027036202 0.63632017374039 0.77142506837845
vn 0.00000014821113 0.28953275084496 0.9571681022644
vn 0.00000019136039 0.28953287005424 0.95716804265976
vn 0.58616727590561 0.76970064640045 0.2529205083847
vn 0.00000088539247 0.99553120136261 0.09443306922913
vn 0.00000122389247 0.99553126096725 0.09443229436874
vn 0.00000054689247 0.99553114175797 0.09443384408951
vn 0.97956693172455 0.19070856273174 -0.06386589258909
vn -0.00090019009076 -0.04099940881133 -0.99915874004364
vn 0.00000015919176 -0.02083680219948 -0.99978291988373
vn -0.00134971796069 -0.06147376820445 -0.99810779094696
vn -0.00269943196326 -0.0604635104537 -0.99816673994064
vn 0.00000023868392 0.00000029520902 -1
vn 0.00000047736785 -0.00000038455377 -1
vn -0.9686490893364 0.22710464894772 0.10070947557688
vn -0.9890683889389 0.13456152379513 0.06030717119575
vn -0.99120646715164 0.12159760296345 0.05219016969204
vn -0.89430010318756 0.44470137357712 0.0496787764132
vn -0.77855122089386 0.62741202116013 0.01456770766526
vn -0.77866262197494 0.62726819515228 0.01480446010828
vn -0.97235637903214 0.23116335272789 -0.03296265006065
vn -0.9789931178093 0.20236301422119 -0.02493475936353
vn 0.00107004086021 0.99999940395355 0
vn -0.00107004097663 0.99999940395355 0
vn 0 0.71243500709534 0.70173811912537
vn 0.40708476305008 0.50352537631989 -0.76206570863724
vn 0 -0.34013620018959 -0.94037616252899
vn -0.34769284725189 0.2797729074955 -0.89489483833313
vn 0 -0.1930987983942 -0.98117929697037
vn -0.45270738005638 0.73294621706009 -0.50778526067734
vn 0 0.83169329166412 0.55523532629013
vn 0.43841773271561 0.61226212978363 -0.65797030925751
# 1846 normals

vt 0.96834534406662 0.51269698143005 0
vt 0.95428818464279 0.51382076740265 0
vt 0.96312952041626 0.52369230985641 0
vt 0 1 0
vt 0.8951621055603 0.4688915014267 0
vt 0.89804071187973 0.46061038970947 0
vt 0.87238872051239 0.45769989490509 0
vt 0.87249219417572 0.46802163124084 0
vt 0.87171596288681 0.43575859069824 0
vt 0.87244892120361 0.45265710353851 0
vt 0.8982458114624 0.45580840110779 0
vt 0.90214657783508 0.44279026985168 0
vt 0.95990115404129 0.46573555469513 0
vt 0.96766042709351 0.45622169971466 0
vt 0.95649653673172 0.44930350780487 0
vt 0.95523804426193 0.46188950538635 0
vt 0.96016979217529 0.47160601615906 0
vt 0.96936309337616 0.46757161617279 0
vt 0.9506248831749 0.52354604005814 0
vt 0.95632147789001 0.53143864870071 0
vt 0.94360429048538 0.52708381414413 0
vt 0.94331657886505 0.53445613384247 0
vt 0.90673315525055 0.52666306495666 0
vt 0.9043778181076 0.53405392169952 0
vt 0.90178924798965 0.52213859558105 0
vt 0.89417833089828 0.52882993221283 0
vt 0.90010666847229 0.51626920700073 0
vt 0.89115679264069 0.52012592554092 0
vt 0.9010157585144 0.48234069347382 0
vt 0.89504444599152 0.48444473743439 0
vt 0.89942240715027 0.47604060173035 0
vt 0.89323431253433 0.47315275669098 0
vt 0.8914407491684 0.48656868934631 0
vt 0.87239623069763 0.47328245639801 0
vt 0.87222099304199 0.48659729957581 0
vt 0.95950585603714 0.48203897476196 0
vt 0.97023040056229 0.48205757141113 0
vt 0.90695738792419 0.52214044332504 0
vt 0.94759219884872 0.52259558439255 0
vt 0.95151919126511 0.512943983078 0
vt 0.90622413158417 0.51314520835876 0
vt 0.95567381381989 0.47249472141266 0
vt 0.955206990242 0.46779477596283 0
vt 0.95584058761597 0.48200023174286 0
vt 0.90657407045364 0.48230051994324 0
vt 0.90597146749496 0.47440433502197 0
vt 0.20312112569809 0.31677138805389 0
vt 0.13268327713013 0.29198944568634 0
vt 0.20358657836914 0.30492162704468 0
vt 0.19537454843521 0.36275243759155 0
vt 0.13227528333664 0.35823261737823 0
vt 0.1992854475975 0.3519914150238 0
vt 0.1900817155838 0.36854112148285 0
vt 0.13544201850891 0.36624729633331 0
vt 0.18132489919662 0.37194180488586 0
vt 0.14402014017105 0.37164080142975 0
vt 0.8814645409584 0.52120411396027 0
vt 0.86922937631607 0.51762759685516 0
vt 0.8696174621582 0.506187915802 0
vt 0.88379389047623 0.51378166675568 0
vt 0.13615417480469 0.28651928901672 0
vt 0.14454138278961 0.28455185890198 0
vt 0.19243574142456 0.29325258731842 0
vt 0.19994449615479 0.29773592948914 0
vt 0.95774233341217 0.43319499492645 0
vt 0.98006385564804 0.44238758087158 0
vt 0.98556607961655 0.4630092382431 0
vt 0.98650330305099 0.48204112052917 0
vt 0.98665452003479 0.5129354596138 0
vt 0.97613686323166 0.53920435905457 0
vt 0.96599870920181 0.54674315452576 0
vt 0.94454824924469 0.55098229646683 0
vt 0.90073215961456 0.55042892694473 0
vt 0.88106763362885 0.54243320226669 0
vt 0.8716613650322 0.52604132890701 0
vt 0.87269860506058 0.48501765727997 0
vt 0.86629891395569 0.4867490530014 0
vt 0.86159020662308 0.48898315429688 0
vt 0.85360449552536 0.54179018735886 0
vt 0.86930197477341 0.54368650913239 0
vt 0.87275797128677 0.52434861660004 0
vt 0.85807532072067 0.52432352304459 0
vt 0.8830543756485 0.5032576918602 0
vt 0.85870659351349 0.50953131914139 0
vt 0.90426504611969 0.42680728435516 0
vt 0.88145858049393 0.53513807058334 0
vt 0.88220685720444 0.54382091760635 0
vt 0.88023394346237 0.53966361284256 0
vt 0.87022393941879 0.50224936008453 0
vt 0.88944458961487 0.51153683662415 0
vt 0.86916530132294 0.53326493501663 0
vt 0.86970454454422 0.5377761721611 0
vt 0.31324005126953 0.01763510704041 0
vt 0.31593671441078 0.03792953491211 0
vt 0.32843115925789 0.03808522224426 0
vt 0.32845041155815 0.01770269870758 0
vt 0.31825959682465 0.05447137355804 0
vt 0.32841458916664 0.05459499359131 0
vt 0.32047468423843 0.07024538516998 0
vt 0.32839864492416 0.0703661441803 0
vt 0.32239359617233 0.08390593528748 0
vt 0.32838499546051 0.08398163318634 0
vt 0.32395812869072 0.09515988826752 0
vt 0.32837373018265 0.09520816802979 0
vt 0.32479220628738 0.10106337070465 0
vt 0.32836773991585 0.10110557079315 0
vt 0.32550871372223 0.10613024234772 0
vt 0.32836258411407 0.10617303848267 0
vt 0.3273648917675 0.11927342414856 0
vt 0.3283494412899 0.11929130554199 0
vt 0.32828003168106 0.12575280666351 0
vt 0.11675915122032 0.10299909114838 0
vt 0.13807278871536 0.09885776042938 0
vt 0.11675910651684 0.10026454925537 0
vt 0.13748200237751 0.17960059642792 0
vt 0.12462474405766 0.17938804626465 0
vt 0.13737031817436 0.19172751903534 0
vt 0.12499474734068 0.18910753726959 0
vt 0.12517391145229 0.19381403923035 0
vt 0.14481942355633 0.21289360523224 0
vt 0.14774237573147 0.21162748336792 0
vt 0.17818607389927 0.24659669399261 0
vt 0.18249243497849 0.24667632579803 0
vt 0.21050138771534 0.27479255199432 0
vt 0.2132428586483 0.27440273761749 0
vt 0.215885207057 0.27869725227356 0
vt 0.21670988202095 0.27720010280609 0
vt 0.13777935504913 0.14987099170685 0
vt 0.12032660096884 0.14445447921753 0
vt 0.13791508972645 0.1158435344696 0
vt 0.11675925552845 0.11546051502228 0
vt 0.13791759312153 0.11661851406097 0
vt 0.13791820406914 0.1169912815094 0
vt 0.13792911171913 0.13017964363098 0
vt 0.13784882426262 0.14102232456207 0
vt 0.11882773041725 0.13227224349976 0
vt 0.13802917301655 0.10331809520721 0
vt 0.22236017882824 0.28197801113129 0
vt 0.13343666493893 0.0855485200882 0
vt 0.11653918772936 0.0870748758316 0
vt 0.11653923988342 0.09133958816528 0
vt 0.13481630384922 0.08999586105347 0
vt 0.14871166646481 0.08012223243713 0
vt 0.15098890662193 0.08476173877716 0
vt 0.16367007791996 0.07188725471497 0
vt 0.16680331528187 0.07577419281006 0
vt 0.17430920898914 0.06092381477356 0
vt 0.17834667861462 0.06370830535889 0
vt 0.18161141872406 0.04822516441345 0
vt 0.18612840771675 0.05002379417419 0
vt 0.18614313006401 0.03452527523041 0
vt 0.1910757124424 0.03557670116425 0
vt 0.19070948660374 0.01673948764801 0
vt 0.19564610719681 0.01734006404877 0
vt 0.19164791703224 0.0080189704895 0
vt 0.19671420753002 0.00804018974304 0
vt 0.09960592538118 0.08498084545135 0
vt 0.09866549819708 0.08896458148956 0
vt 0.08357890695333 0.08000266551971 0
vt 0.08140363544226 0.08407628536224 0
vt 0.06983222067356 0.07167172431946 0
vt 0.0672462284565 0.07565903663635 0
vt 0.05964778736234 0.06056153774261 0
vt 0.05841329693794 0.07175362110138 0
vt 0.04555581137538 0.06043016910553 0
vt 0.05053114145994 0.07102501392365 0
vt 0.0529087074101 0.04751598834991 0
vt 0.04117691144347 0.05110538005829 0
vt 0.04837230220437 0.03419506549835 0
vt 0.03759776428342 0.03660666942596 0
vt 0.04611698165536 0.01715409755707 0
vt 0.03607407957315 0.01775276660919 0
vt 0.04674294963479 0.00391149520874 0
vt 0.03656308725476 0.00392925739288 0
vt 0.15534268319607 0.09331858158112 0
vt 0.17300647497177 0.08201932907104 0
vt 0.18568585813046 0.06819224357605 0
vt 0.19522531330585 0.05297410488129 0
vt 0.20102092623711 0.03649795055389 0
vt 0.20599427819252 0.01715862751007 0
vt 0.20724378526211 0.00823450088501 0
vt 0.09631797671318 0.09760546684265 0
vt 0.07718772441149 0.09193634986877 0
vt 0.05942187458277 0.08030474185944 0
vt 0.70076280832291 0.0937647819519 0
vt 0.68502748012543 0.09402573108673 0
vt 0.68503278493881 0.09911358356476 0
vt 0.70168763399124 0.09855401515961 0
vt 0.71649771928787 0.09021532535553 0
vt 0.71867161989212 0.09484422206879 0
vt 0.73257422447205 0.08166837692261 0
vt 0.73574435710907 0.0856522321701 0
vt 0.74457943439484 0.06896889209747 0
vt 0.74919384717941 0.07553267478943 0
vt 0.76651626825333 0.0634765625 0
vt 0.75151973962784 0.05680549144745 0
vt 0.76014667749405 0.07467484474182 0
vt 0.75628513097763 0.04378497600555 0
vt 0.77211773395538 0.04739582538605 0
vt 0.75878018140793 0.02905559539795 0
vt 0.77524453401566 0.03047049045563 0
vt 0.7593509554863 0.01506447792053 0
vt 0.77582496404648 0.0153888463974 0
vt 0.66874605417252 0.09155130386353 0
vt 0.66749197244644 0.09648668766022 0
vt 0.65455794334412 0.08680713176727 0
vt 0.65231072902679 0.0912698507309 0
vt 0.6414338350296 0.07784068584442 0
vt 0.63847661018372 0.08138036727905 0
vt 0.63185799121857 0.06734538078308 0
vt 0.62807351350784 0.0699450969696 0
vt 0.62533378601074 0.05432975292206 0
vt 0.62152278423309 0.05588412284851 0
vt 0.62094938755035 0.04014039039612 0
vt 0.61695295572281 0.0406551361084 0
vt 0.6188188791275 0.02368342876434 0
vt 0.61328786611557 0.02369618415833 0
vt 0.61802595853806 0.0182980298996 0
vt 0.61255794763565 0.01832544803619 0
vt 0.68480604887009 0.10871040821075 0
vt 0.70328295230865 0.1079478263855 0
vt 0.72169905900955 0.10280060768127 0
vt 0.74035829305649 0.09239339828491 0
vt 0.75165975093842 0.08192145824432 0
vt 0.66497910022736 0.10629427433014 0
vt 0.64762103557587 0.09988844394684 0
vt 0.63101577758789 0.08893799781799 0
vt 0.61998504400253 0.07588016986847 0
vt 0.61224973201752 0.05903899669647 0
vt 0.60773831605911 0.04246068000793 0
vt 0.60009658336639 0.02260041236877 0
vt 0.60013711452484 0.01824033260345 0
vt 0.32845816016197 0.01447141170502 0
vt 0.68480604887009 0.11218762397766 0
vt 0.68480622768402 0.12574481964111 0
vt 0.68480753898621 0.25596284866333 0
vt 0.32695230841637 0.24934709072113 0
vt 0.32656410336494 0.28548097610474 0
vt 0.68480783700943 0.29130756855011 0
vt 0.68480688333511 0.18875432014465 0
vt 0.32766735553741 0.18278288841248 0
vt 0.32730987668037 0.21605885028839 0
vt 0.68480718135834 0.22225975990295 0
vt 0.83578127622604 0.12738883495331 0
vt 0.83618324995041 0.11316335201263 0
vt 0.81813949346542 0.29222679138184 0
vt 0.82351899147034 0.25705373287201 0
vt 0.8353978395462 0.13319218158722 0
vt 0.83062642812729 0.19017148017883 0
vt 0.82737636566162 0.2235141992569 0
vt 0.83698922395706 0.07557487487793 0
vt 0.83698898553848 0.06388795375824 0
vt 0.83698892593384 0.04908931255341 0
vt 0.83698868751526 0.03265619277954 0
vt 0.83698862791061 0.01956212520599 0
vt 0.83698922395706 0.08259046077728 0
vt 0.05703542008996 0.10112714767456 0
vt 0.05703556910157 0.1127712726593 0
vt 0.02574310451746 0.10051417350769 0
vt 0.02790248766541 0.11072957515717 0
vt 0.02190957032144 0.07971560955048 0
vt 0.02100720070302 0.07102501392365 0
vt 0.02100709080696 0.0603438615799 0
vt 0.02100685797632 0.03660678863525 0
vt 0.02100699581206 0.05110538005829 0
vt 0.02036031708121 0.01775276660919 0
vt 0.01940705627203 0.00392925739288 0
vt 0.02514478936791 0.12696802616119 0
vt 0.01665768772364 0.11046946048737 0
vt 0.02121388725936 0.12158071994781 0
vt 0.03410960361362 0.13450658321381 0
vt 0.04794547706842 0.14383256435394 0
vt 0.09526427835226 0.17755091190338 0
vt 0.11505478620529 0.18594205379486 0
vt 0.11761827766895 0.18418645858765 0
vt 0.1004054248333 0.17762720584869 0
vt 0.82268190383911 0.29222667217255 0
vt 0.82806146144867 0.25705373287201 0
vt 0.83516877889633 0.19017136096954 0
vt 0.83802759647369 0.14228487014771 0
vt 0.83705794811249 0.13940382003784 0
vt 0.83191871643066 0.2235141992569 0
vt 0.8402191400528 0.07557487487793 0
vt 0.84021890163422 0.06388795375824 0
vt 0.84021884202957 0.04908931255341 0
vt 0.84021866321564 0.03265619277954 0
vt 0.84021860361099 0.01956212520599 0
vt 0.8402191400528 0.08259046077728 0
vt 0.8257959485054 0.29222667217255 0
vt 0.83117550611496 0.25705373287201 0
vt 0.84108018875122 0.14579057693481 0
vt 0.83828294277191 0.19017136096954 0
vt 0.83503293991089 0.2235141992569 0
vt 0.84344989061356 0.07557487487793 0
vt 0.84344977140427 0.06388795375824 0
vt 0.84344959259033 0.04908931255341 0
vt 0.84344947338104 0.03265619277954 0
vt 0.84344935417175 0.01956212520599 0
vt 0.84345000982285 0.08259046077728 0
vt 0.01296944916248 0.11090397834778 0
vt 0.01438539847732 0.10039746761322 0
vt 0.01069715898484 0.10072338581085 0
vt 0.01034010946751 0.07954835891724 0
vt 0.0066518811509 0.0792224407196 0
vt 0.04273731634021 0.14383256435394 0
vt 0.0221759788692 0.12863397598267 0
vt 0.01789413578808 0.12229406833649 0
vt 0.03184194490314 0.1364438533783 0
vt 0.32827496528625 0.12622475624084 0
vt 0.34742531180382 0.12911367416382 0
vt 0.35093858838081 0.12677717208862 0
vt 0.37084713578224 0.12686705589294 0
vt 0.37508106231689 0.13028168678284 0
vt 0.37490114569664 0.15310573577881 0
vt 0.37183830142021 0.1557115316391 0
vt 0.35030832886696 0.15589153766632 0
vt 0.34706524014473 0.15283644199371 0
vt 0.3279869556427 0.15303480625153 0
vt 0.35293236374855 0.15006363391876 0
vt 0.35320231318474 0.13200187683105 0
vt 0.37040841579437 0.1321816444397 0
vt 0.37031856179237 0.15033292770386 0
vt 0.10524504631758 0.15558397769928 0
vt 0.09675451368093 0.14351558685303 0
vt 0.09559328854084 0.13961827754974 0
vt 0.10928183794022 0.13720464706421 0
vt 0.10428188741207 0.13702166080475 0
vt 0.1045985892415 0.14378154277802 0
vt 0.10879422724247 0.14384317398071 0
vt 0.10162311792374 0.13908493518829 0
vt 0.10149824619293 0.14175713062286 0
vt 0.11184239387512 0.13934028148651 0
vt 0.1114476621151 0.14205920696259 0
vt 0.09580399096012 0.13558375835419 0
vt 0.10629513859749 0.13180339336395 0
vt 0.09930404275656 0.13260650634766 0
vt 0.32140204310417 0.76618319749832 0
vt 0.31728535890579 0.76621145009994 0
vt 0.31724441051483 0.77451926469803 0
vt 0.32140022516251 0.77451926469803 0
vt 0.32140204310417 0.7457674741745 0
vt 0.31728562712669 0.74549174308777 0
vt 0.3172855079174 0.75534492731094 0
vt 0.32140204310417 0.75551015138626 0
vt 0.32140162587166 0.73236215114594 0
vt 0.31727528572083 0.73236215114594 0
vt 0.3214003443718 0.70935118198395 0
vt 0.31724175810814 0.70935118198395 0
vt 0.32139810919762 0.70222193002701 0
vt 0.31718412041664 0.70222187042236 0
vt 0.27000367641449 0.77224904298782 0
vt 0.30492201447487 0.77371323108673 0
vt 0.3080969452858 0.76590263843536 0
vt 0.26009035110474 0.76127475500107 0
vt 0.308917760849 0.75493234395981 0
vt 0.25931403040886 0.75134205818176 0
vt 0.25836211442947 0.74067014455795 0
vt 0.30874884128571 0.74502819776535 0
vt 0.30791202187538 0.73163652420044 0
vt 0.25717678666115 0.72720062732697 0
vt 0.30594721436501 0.70867890119553 0
vt 0.25596395134926 0.70538133382797 0
vt 0.3049733042717 0.70106118917465 0
vt 0.25596395134926 0.69687724113464 0
vt 0.00866861455142 0.07102501392365 0
vt 0.00871122162789 0.06016707420349 0
vt 0.00874677952379 0.05110538005829 0
vt 0.00874662958086 0.03660678863525 0
vt 0.00874643027782 0.01775276660919 0
vt 0.00874628033489 0.00392925739288 0
vt 0.26464936137199 0.79851794242859 0
vt 0.27276468276978 0.79851794242859 0
vt 0.26615300774574 0.80958259105682 0
vt 0.27426832914352 0.80958259105682 0
vt 0.26765468716621 0.82048112154007 0
vt 0.2763629257679 0.82048112154007 0
vt 0.26900175213814 0.83027017116547 0
vt 0.28163948655128 0.82957452535629 0
vt 0.26996406912804 0.83725219964981 0
vt 0.29248428344727 0.83693087100983 0
vt 0.27094939351082 0.84556889533997 0
vt 0.29344037175179 0.84524750709534 0
vt 0.3162884414196 0.84614509344101 0
vt 0.27417212724686 0.88016724586487 0
vt 0.29669234156609 0.88126200437546 0
vt 0.31463062763214 0.88216173648834 0
vt 0.21986196935177 0.75099396705627 0
vt 0.21986196935177 0.76127475500107 0
vt 0.21986196935177 0.72720062732697 0
vt 0.21986196935177 0.74067014455795 0
vt 0.21986196935177 0.70538133382797 0
vt 0.21986196935177 0.69687724113464 0
vt 0.21986196935177 0.79851794242859 0
vt 0.21986196935177 0.80958259105682 0
vt 0.21986196935177 0.82048112154007 0
vt 0.21986198425293 0.83027017116547 0
vt 0.21986198425293 0.83725219964981 0
vt 0.21986198425293 0.84556889533997 0
vt 0.16442665457726 0.75099396705627 0
vt 0.16442665457726 0.76127475500107 0
vt 0.16442665457726 0.72720062732697 0
vt 0.16442665457726 0.74067014455795 0
vt 0.16442665457726 0.70538133382797 0
vt 0.16442665457726 0.69687724113464 0
vt 0.16442665457726 0.79851794242859 0
vt 0.16442665457726 0.80958259105682 0
vt 0.16442665457726 0.82048112154007 0
vt 0.16442665457726 0.83027017116547 0
vt 0.16442665457726 0.83725219964981 0
vt 0.16442665457726 0.84556889533997 0
vt 0.21986199915409 0.87481653690338 0
vt 0.16442665457726 0.87461125850677 0
vt 0.16442665457726 0.87987321615219 0
vt 0.21986199915409 0.87987321615219 0
vt 0.31118100881577 0.9023756980896 0
vt 0.31111815571785 0.89437264204025 0
vt 0.31214353442192 0.88349962234497 0
vt 0.31190964579582 0.90265047550201 0
vt 0.30998364090919 0.92171740531921 0
vt 0.31079009175301 0.92160451412201 0
vt 0.30686277151108 0.95602244138718 0
vt 0.30724754929543 0.95629322528839 0
vt 0.30298632383347 0.9802473783493 0
vt 0.31032261252403 0.88490092754364 0
vt 0.16442665457726 0.89120960235596 0
vt 0.21997141838074 0.89107948541641 0
vt 0.21997141838074 0.88235062360764 0
vt 0.16442665457726 0.88235062360764 0
vt 0.26900404691696 0.89120960235596 0
vt 0.26900404691696 0.88235062360764 0
vt 0.29483324289322 0.89199030399323 0
vt 0.2948332130909 0.88281857967377 0
vt 0.30193224549294 0.89382368326187 0
vt 0.30774202942848 0.89756280183792 0
vt 0.30849200487137 0.90265041589737 0
vt 0.30694136023521 0.92160451412201 0
vt 0.30359828472137 0.95629322528839 0
vt 0.30154591798782 0.97178763151169 0
vt 0.29894250631332 0.98086631298065 0
vt 0.29749408364296 0.97546118497849 0
vt 0.28787571191788 0.97857707738876 0
vt 0.28735867142677 0.98263919353485 0
vt 0.29182261228561 0.97757232189178 0
vt 0.26367944478989 0.98034113645554 0
vt 0.26339739561081 0.98349779844284 0
vt 0.2199714332819 0.98222923278809 0
vt 0.2199714332819 0.98521506786346 0
vt 0.16442665457726 0.982626080513 0
vt 0.16442665457726 0.98573023080826 0
vt 0.34721487760544 0.72798562049866 0
vt 0.33186629414558 0.72798562049866 0
vt 0.33135551214218 0.74465024471283 0
vt 0.3455708026886 0.74432837963104 0
vt 0.348975867033 0.70624357461929 0
vt 0.3332847058773 0.70859134197235 0
vt 0.35120779275894 0.69537764787674 0
vt 0.33817520737648 0.69537764787674 0
vt 0.3455708026886 0.75723475217819 0
vt 0.3314593732357 0.75755661725998 0
vt 0.33250552415848 0.76530414819717 0
vt 0.3455708026886 0.76498228311539 0
vt 0.39112162590027 0.69571024179459 0
vt 0.38694378733635 0.7041637301445 0
vt 0.35166594386101 0.72071981430054 0
vt 0.36051598191261 0.71680641174316 0
vt 0.38694378733635 0.71680641174316 0
vt 0.39112162590027 0.71680641174316 0
vt 0.39112162590027 0.7041637301445 0
vt 0.43870255351067 0.71680641174316 0
vt 0.43870255351067 0.7041637301445 0
vt 0.49776923656464 0.71680641174316 0
vt 0.49776923656464 0.7041637301445 0
vt 0.43870255351067 0.69571024179459 0
vt 0.49776923656464 0.69571024179459 0
vt 0.34949788451195 0.75723475217819 0
vt 0.38769000768662 0.75723475217819 0
vt 0.38769000768662 0.74432837963104 0
vt 0.34949788451195 0.74432837963104 0
vt 0.38769000768662 0.72798562049866 0
vt 0.35114195942879 0.72798562049866 0
vt 0.34949788451195 0.76498228311539 0
vt 0.38769000768662 0.76498228311539 0
vt 0.43870255351067 0.75723475217819 0
vt 0.43870255351067 0.74432837963104 0
vt 0.43870255351067 0.72798562049866 0
vt 0.43870255351067 0.76498228311539 0
vt 0.49776923656464 0.75723475217819 0
vt 0.49776923656464 0.74432837963104 0
vt 0.49776923656464 0.72798562049866 0
vt 0.49776923656464 0.76498228311539 0
vt 0.38785377144814 0.721071600914 0
vt 0.36326637864113 0.72159969806671 0
vt 0.35563829541206 0.72370564937592 0
vt 0.43870255351067 0.72052162885666 0
vt 0.49776923656464 0.72052162885666 0
vt 0.3787730038166 0.80709600448608 0
vt 0.36909693479538 0.81087571382523 0
vt 0.3787730038166 0.81328099966049 0
vt 0.38769000768662 0.81324017047882 0
vt 0.38769000768662 0.80708581209183 0
vt 0.35119673609734 0.88060015439987 0
vt 0.38769000768662 0.88060015439987 0
vt 0.38769000768662 0.83534693717957 0
vt 0.34949788451195 0.83534693717957 0
vt 0.43870255351067 0.88060015439987 0
vt 0.43870255351067 0.83534699678421 0
vt 0.49776923656464 0.88060015439987 0
vt 0.49776920676231 0.83534699678421 0
vt 0.35332071781158 0.91664910316467 0
vt 0.38769000768662 0.91664910316467 0
vt 0.43870261311531 0.91664910316467 0
vt 0.49776923656464 0.91664910316467 0
vt 0.35719767212868 0.95312297344208 0
vt 0.38769000768662 0.95312297344208 0
vt 0.43870261311531 0.95312297344208 0
vt 0.49776923656464 0.95312297344208 0
vt 0.36226624250412 0.99114269018173 0
vt 0.38769000768662 0.99114269018173 0
vt 0.43870255351067 0.99114269018173 0
vt 0.49776923656464 0.99114269018173 0
vt 0.33506426215172 0.83518767356873 0
vt 0.33734276890755 0.8805016875267 0
vt 0.3428630232811 0.91667330265045 0
vt 0.34910553693771 0.9531232714653 0
vt 0.35759750008583 0.99121558666229 0
vt 0.72201210260391 0.39298093318939 0
vt 0.72063249349594 0.39742815494537 0
vt 0.73890954256058 0.39877200126648 0
vt 0.73890960216522 0.3945072889328 0
vt 0.70673710107803 0.38755464553833 0
vt 0.70445984601974 0.39219415187836 0
vt 0.6917787194252 0.37931966781616 0
vt 0.68864548206329 0.38320660591125 0
vt 0.68113958835602 0.36835622787476 0
vt 0.67710208892822 0.37114071846008 0
vt 0.67383736371994 0.35565757751465 0
vt 0.66932040452957 0.3574560880661 0
vt 0.66930562257767 0.3419576883316 0
vt 0.66437309980392 0.34300911426544 0
vt 0.66473931074142 0.32417190074921 0
vt 0.65980267524719 0.32477235794067 0
vt 0.66380089521408 0.3154513835907 0
vt 0.65873456001282 0.31547260284424 0
vt 0.75678330659866 0.39639699459076 0
vt 0.7558428645134 0.39241325855255 0
vt 0.77404516935349 0.39150869846344 0
vt 0.77186989784241 0.38743507862091 0
vt 0.78820258378983 0.38309144973755 0
vt 0.7856165766716 0.37910413742065 0
vt 0.79703551530838 0.37918603420258 0
vt 0.79580098390579 0.36799395084381 0
vt 0.80989295244217 0.36786258220673 0
vt 0.80491763353348 0.37845730781555 0
vt 0.81427186727524 0.35853779315948 0
vt 0.80254006385803 0.35494840145111 0
vt 0.81785100698471 0.34403908252716 0
vt 0.8070764541626 0.34162747859955 0
vt 0.8193746805191 0.32518517971039 0
vt 0.80933177471161 0.32458639144897 0
vt 0.81888568401337 0.31136167049408 0
vt 0.80870580673218 0.31134390830994 0
vt 0.71737599372864 0.40629017353058 0
vt 0.738689661026 0.40769696235657 0
vt 0.70010608434677 0.40075099468231 0
vt 0.68244230747223 0.38945174217224 0
vt 0.66976290941238 0.37562465667725 0
vt 0.66022348403931 0.36040651798248 0
vt 0.65442782640457 0.34393036365509 0
vt 0.6494545340538 0.32459104061127 0
vt 0.64820498228073 0.31566691398621 0
vt 0.7591307759285 0.40503787994385 0
vt 0.77826106548309 0.39936876296997 0
vt 0.79602688550949 0.38773715496063 0
vt 0.15468597412109 0.4011971950531 0
vt 0.15376114845276 0.4059864282608 0
vt 0.17041599750519 0.40654599666595 0
vt 0.17042130231857 0.40145814418793 0
vt 0.13895106315613 0.39764773845673 0
vt 0.13677716255188 0.40227663516998 0
vt 0.12287455797195 0.3891007900238 0
vt 0.11970442533493 0.3930846452713 0
vt 0.11086934804916 0.37640130519867 0
vt 0.10625493526459 0.38296508789062 0
vt 0.08893251419067 0.3709089756012 0
vt 0.10392904281616 0.36423790454864 0
vt 0.09530210494995 0.38210725784302 0
vt 0.09916365146637 0.35121738910675 0
vt 0.08333104848862 0.35482823848724 0
vt 0.09666860103607 0.33648800849915 0
vt 0.08020424842834 0.33790290355682 0
vt 0.0960978269577 0.32249689102173 0
vt 0.07962381839752 0.3228212594986 0
vt 0.18795680999756 0.40391910076141 0
vt 0.18670272827148 0.39898371696472 0
vt 0.20313805341721 0.3987021446228 0
vt 0.20089083909988 0.39423954486847 0
vt 0.21697217226028 0.38881278038025 0
vt 0.2140149474144 0.38527309894562 0
vt 0.22737526893616 0.3773775100708 0
vt 0.22359079122543 0.37477779388428 0
vt 0.23392599821091 0.36331653594971 0
vt 0.23011499643326 0.36176216602325 0
vt 0.23849582672119 0.34808743000031 0
vt 0.23449939489365 0.34757280349731 0
vt 0.24216091632843 0.33112859725952 0
vt 0.2366299033165 0.33111584186554 0
vt 0.24289083480835 0.32575786113739 0
vt 0.23742282390594 0.32573044300079 0
vt 0.15216583013535 0.41538023948669 0
vt 0.17064273357391 0.41614282131195 0
vt 0.13374972343445 0.41023302078247 0
vt 0.11509048938751 0.39982569217682 0
vt 0.10378903150558 0.38935387134552 0
vt 0.19046968221664 0.41372668743134 0
vt 0.20782774686813 0.40732085704803 0
vt 0.22443300485611 0.39637041091919 0
vt 0.23546373844147 0.38331258296967 0
vt 0.24319905042648 0.36647140979767 0
vt 0.24771046638489 0.34989309310913 0
vt 0.25535222887993 0.33003282546997 0
vt 0.25531169772148 0.32567262649536 0
vt 0.52708101272583 0.40853798389435 0
vt 0.52707505226135 0.40264046192169 0
vt 0.52706378698349 0.39141404628754 0
vt 0.52705013751984 0.37779855728149 0
vt 0.52703416347504 0.3620274066925 0
vt 0.52701759338379 0.34551751613617 0
vt 0.52699834108353 0.32513511180878 0
vt 0.52699059247971 0.32190382480621 0
vt 0.73868960142136 0.41043150424957 0
vt 0.17064273357391 0.41962003707886 0
vt 0.52708619832993 0.41360545158386 0
vt 0.52709931135178 0.42672371864319 0
vt 0.17064255475998 0.43317723274231 0
vt 0.17064124345779 0.56339520215988 0
vt 0.17064094543457 0.59873992204666 0
vt 0.52888464927673 0.59291332960129 0
vt 0.52849644422531 0.55677932500839 0
vt 0.17064189910889 0.49618673324585 0
vt 0.17064160108566 0.52969205379486 0
vt 0.5281388759613 0.52349120378494 0
vt 0.52778142690659 0.49021530151367 0
vt 0.01926553435624 0.42059576511383 0
vt 0.0196675080806 0.4348212480545 0
vt 0.03192979469895 0.56448596715927 0
vt 0.03730929270387 0.5996590256691 0
vt 0.02005094476044 0.44062459468842 0
vt 0.02482235617936 0.49760377407074 0
vt 0.02807241864502 0.53094643354416 0
vt 0.01845979876816 0.37132036685944 0
vt 0.01845956034958 0.38300728797913 0
vt 0.01845985837281 0.3565217256546 0
vt 0.01846009679139 0.34008860588074 0
vt 0.01846015639603 0.32699453830719 0
vt 0.01845956034958 0.39002287387848 0
vt 0.73868954181671 0.42289280891418 0
vt 0.79841321706772 0.4202036857605 0
vt 0.79841333627701 0.40855956077576 0
vt 0.82754629850388 0.41816186904907 0
vt 0.8297056555748 0.40794658660889 0
vt 0.83353918790817 0.38714802265167 0
vt 0.83444160223007 0.37845742702484 0
vt 0.83444172143936 0.36777627468109 0
vt 0.83444178104401 0.35853779315948 0
vt 0.8344419002533 0.34403908252716 0
vt 0.83508849143982 0.32518517971039 0
vt 0.83604174852371 0.31136167049408 0
vt 0.83030396699905 0.43440043926239 0
vt 0.83423489332199 0.42901313304901 0
vt 0.83879107236862 0.41790187358856 0
vt 0.80750328302383 0.45126485824585 0
vt 0.82133919000626 0.441938996315 0
vt 0.76018452644348 0.48498320579529 0
vt 0.75504332780838 0.48505961894989 0
vt 0.73783051967621 0.49161875247955 0
vt 0.74039399623871 0.49337446689606 0
vt 0.73045402765274 0.4965398311615 0
vt 0.73027485609055 0.50124633312225 0
vt 0.02738732285798 0.56448596715927 0
vt 0.03276688233018 0.5996590256691 0
vt 0.01742118783295 0.44971716403961 0
vt 0.02028000541031 0.49760377407074 0
vt 0.01839083619416 0.44683623313904 0
vt 0.02353006787598 0.53094643354416 0
vt 0.01522988267243 0.37132036685944 0
vt 0.01522964425385 0.38300728797913 0
vt 0.01522994227707 0.3565217256546 0
vt 0.01523012109101 0.34008860588074 0
vt 0.01523018069565 0.32699453830719 0
vt 0.01522964425385 0.39002287387848 0
vt 0.02427327819169 0.56448596715927 0
vt 0.02965283580124 0.5996590256691 0
vt 0.01436859555542 0.45322299003601 0
vt 0.01716584153473 0.49760377407074 0
vt 0.02041584439576 0.53094643354416 0
vt 0.01199901290238 0.37132036685944 0
vt 0.01199889369309 0.38300728797913 0
vt 0.01199919171631 0.3565217256546 0
vt 0.0119993109256 0.34008860588074 0
vt 0.01199943013489 0.32699453830719 0
vt 0.0119987744838 0.39002287387848 0
vt 0.84247934818268 0.41833639144897 0
vt 0.84475159645081 0.40815579891205 0
vt 0.84106338024139 0.40782988071442 0
vt 0.84879690408707 0.3866548538208 0
vt 0.84510868787766 0.38698077201843 0
vt 0.81271147727966 0.45126497745514 0
vt 0.83327281475067 0.43606626987457 0
vt 0.8375546336174 0.42972636222839 0
vt 0.82360684871674 0.4438761472702 0
vt 0.52717381715775 0.43365716934204 0
vt 0.50451016426086 0.43420958518982 0
vt 0.50802344083786 0.43654608726501 0
vt 0.48460164666176 0.43429946899414 0
vt 0.48036774992943 0.43771409988403 0
vt 0.48054763674736 0.46053802967072 0
vt 0.48361048102379 0.4631439447403 0
vt 0.50514042377472 0.46332395076752 0
vt 0.5274618268013 0.46046721935272 0
vt 0.50838351249695 0.46026885509491 0
vt 0.50251638889313 0.45749592781067 0
vt 0.50224643945694 0.43943428993225 0
vt 0.48504039645195 0.43961405754089 0
vt 0.48513022065163 0.45776534080505 0
vt 0.73082405328751 0.48682045936584 0
vt 0.75020372867584 0.46301627159119 0
vt 0.75985550880432 0.44705069065094 0
vt 0.75869429111481 0.45094799995422 0
vt 0.74616694450378 0.44463706016541 0
vt 0.74665457010269 0.45127558708191 0
vt 0.75085020065308 0.45121395587921 0
vt 0.75116688013077 0.44445407390594 0
vt 0.75395053625107 0.44918954372406 0
vt 0.75382566452026 0.44651734828949 0
vt 0.74360638856888 0.44677269458771 0
vt 0.74400109052658 0.44949162006378 0
vt 0.75964480638504 0.44301617145538 0
vt 0.75614476203918 0.44003891944885 0
vt 0.74915367364883 0.43923568725586 0
vt 0.73662108182907 0.43970465660095 0
vt 0.7351222038269 0.45188689231873 0
vt 0.00745124556124 0.76618319749832 0
vt 0.00745306350291 0.77451926469803 0
vt 0.01160887815058 0.77451926469803 0
vt 0.01156792975962 0.76621145009994 0
vt 0.00745124556124 0.7457674741745 0
vt 0.00745124556124 0.75551015138626 0
vt 0.01156778074801 0.75534492731094 0
vt 0.01156766153872 0.74549174308777 0
vt 0.00745166279376 0.73236215114594 0
vt 0.01157800294459 0.73236215114594 0
vt 0.00745294429362 0.70935118198395 0
vt 0.01161153055727 0.70935118198395 0
vt 0.0074551794678 0.70222193002701 0
vt 0.01166916824877 0.70222187042236 0
vt 0.05884961038828 0.77224904298782 0
vt 0.06876294314861 0.76127475500107 0
vt 0.02075634524226 0.76590263843536 0
vt 0.02393127605319 0.77371323108673 0
vt 0.06953926384449 0.75134205818176 0
vt 0.01993552967906 0.75493234395981 0
vt 0.07049117982388 0.74067014455795 0
vt 0.0716765075922 0.72720062732697 0
vt 0.02094126865268 0.73163652420044 0
vt 0.02010444924235 0.74502819776535 0
vt 0.07288934290409 0.70538133382797 0
vt 0.02290607616305 0.70867890119553 0
vt 0.07288934290409 0.69687724113464 0
vt 0.02387998625636 0.70106118917465 0
vt 0.84678018093109 0.37845742702484 0
vt 0.84673756361008 0.36759948730469 0
vt 0.84670197963715 0.35853779315948 0
vt 0.84670215845108 0.34403920173645 0
vt 0.84670233726501 0.32518517971039 0
vt 0.84670251607895 0.31136167049408 0
vt 0.06420393288136 0.79851794242859 0
vt 0.05608860403299 0.79851794242859 0
vt 0.06270027905703 0.80958259105682 0
vt 0.05458495765924 0.80958259105682 0
vt 0.06119859963655 0.82048112154007 0
vt 0.05249036103487 0.82048112154007 0
vt 0.05985153466463 0.83027017116547 0
vt 0.04721380025148 0.82957452535629 0
vt 0.05888921767473 0.83725219964981 0
vt 0.03625562414527 0.83693087100983 0
vt 0.05790389329195 0.84556889533997 0
vt 0.03528954088688 0.84524750709534 0
vt 0.01220260374248 0.84614509344101 0
vt 0.05468115955591 0.88016724586487 0
vt 0.03200357034802 0.88126200437546 0
vt 0.01442111469805 0.88216173648834 0
vt 0.10899131000042 0.76127475500107 0
vt 0.10899131000042 0.75099396705627 0
vt 0.10899131000042 0.74067014455795 0
vt 0.10899131000042 0.72720062732697 0
vt 0.10899131000042 0.70538133382797 0
vt 0.10899131000042 0.69687724113464 0
vt 0.10899131000042 0.79851794242859 0
vt 0.10899131000042 0.80958259105682 0
vt 0.10899131000042 0.82048112154007 0
vt 0.10899131000042 0.83027017116547 0
vt 0.10899131000042 0.83725219964981 0
vt 0.10899131000042 0.84556889533997 0
vt 0.34364420175552 0.66542065143585 0
vt 0.34218364953995 0.67812031507492 0
vt 0.34416621923447 0.68143010139465 0
vt 0.35588926076889 0.68155372142792 0
vt 0.35588926076889 0.66547590494156 0
vt 0.10899131000042 0.86815559864044 0
vt 0.16442665457726 0.86776530742645 0
vt 0.01596284285188 0.9023756980896 0
vt 0.0152257187292 0.90265047550201 0
vt 0.01498910505325 0.88349962234497 0
vt 0.01602642796934 0.89437264204025 0
vt 0.01717415824533 0.92171740531921 0
vt 0.01635831408203 0.92160451412201 0
vt 0.02033138088882 0.95602244138718 0
vt 0.0199421197176 0.95629322528839 0
vt 0.02425298094749 0.9802473783493 0
vt 0.01683123782277 0.88490092754364 0
vt 0.10823487490416 0.88235062360764 0
vt 0.10823487490416 0.89107948541641 0
vt 0.05984923988581 0.88235062360764 0
vt 0.05863109230995 0.89120960235596 0
vt 0.03250106051564 0.88281857967377 0
vt 0.03250102698803 0.89199030399323 0
vt 0.02531933784485 0.89382368326187 0
vt 0.01944188028574 0.89756280183792 0
vt 0.0186831690371 0.90265041589737 0
vt 0.02025187574327 0.92160451412201 0
vt 0.02363389357924 0.95629322528839 0
vt 0.02571016550064 0.97178763151169 0
vt 0.02811405993998 0.9808315038681 0
vt 0.0355467274785 0.97757232189178 0
vt 0.02980919741094 0.97546118497849 0
vt 0.03953960165381 0.97857707738876 0
vt 0.04006266593933 0.98263919353485 0
vt 0.06430305540562 0.98349779844284 0
vt 0.0640177205205 0.98034113645554 0
vt 0.10823487490416 0.98521506786346 0
vt 0.10823487490416 0.98222923278809 0
vt 0.64832347631454 0.72798562049866 0
vt 0.64996761083603 0.74432837963104 0
vt 0.6641828417778 0.74465024471283 0
vt 0.66367214918137 0.72798562049866 0
vt 0.6465625166893 0.70624357461929 0
vt 0.662253677845 0.70859134197235 0
vt 0.64433056116104 0.69537764787674 0
vt 0.65736323595047 0.69537764787674 0
vt 0.64996761083603 0.75723475217819 0
vt 0.64996761083603 0.76498228311539 0
vt 0.66303282976151 0.76530414819717 0
vt 0.6640790104866 0.75755661725998 0
vt 0.60441678762436 0.69571024179459 0
vt 0.60859459638596 0.7041637301445 0
vt 0.63502246141434 0.71680641174316 0
vt 0.6438724398613 0.72071981430054 0
vt 0.60859459638596 0.71680641174316 0
vt 0.60441678762436 0.7041637301445 0
vt 0.60441678762436 0.71680641174316 0
vt 0.55683583021164 0.7041637301445 0
vt 0.55683583021164 0.71680641174316 0
vt 0.55683583021164 0.69571024179459 0
vt 0.64604049921036 0.75723475217819 0
vt 0.64604049921036 0.74432837963104 0
vt 0.60784834623337 0.74432837963104 0
vt 0.60784834623337 0.75723475217819 0
vt 0.64439648389816 0.72798562049866 0
vt 0.60784834623337 0.72798562049866 0
vt 0.64604049921036 0.76498228311539 0
vt 0.60784834623337 0.76498228311539 0
vt 0.55683583021164 0.74432837963104 0
vt 0.55683583021164 0.75723475217819 0
vt 0.55683583021164 0.72798562049866 0
vt 0.55683583021164 0.76498228311539 0
vt 0.60768467187881 0.721071600914 0
vt 0.63227206468582 0.72159969806671 0
vt 0.63990014791489 0.72370564937592 0
vt 0.55683583021164 0.72052162885666 0
vt 0.64604049921036 0.83534693717957 0
vt 0.60784834623337 0.83534693717957 0
vt 0.64434164762497 0.88060015439987 0
vt 0.60784834623337 0.88060015439987 0
vt 0.55683583021164 0.83534699678421 0
vt 0.55683583021164 0.88060015439987 0
vt 0.64221769571304 0.91664910316467 0
vt 0.60784834623337 0.91664910316467 0
vt 0.55683583021164 0.91664910316467 0
vt 0.63834077119827 0.95312297344208 0
vt 0.60784834623337 0.95312297344208 0
vt 0.55683583021164 0.95312297344208 0
vt 0.63327211141586 0.99114269018173 0
vt 0.60784834623337 0.99114269018173 0
vt 0.55683583021164 0.99114269018173 0
vt 0.66047412157059 0.83518767356873 0
vt 0.6581956744194 0.8805016875267 0
vt 0.65267533063889 0.91667330265045 0
vt 0.64643281698227 0.9531232714653 0
vt 0.63794094324112 0.99121558666229 0
vt 0.43870252370834 0.81300830841064 0
vt 0.43870252370834 0.80702793598175 0
vt 0.47928991913795 0.80698150396347 0
vt 0.47917202115059 0.81282287836075 0
vt 0.3736338019371 0.77779656648636 0
vt 0.37004089355469 0.77743089199066 0
vt 0.3741709291935 0.77388024330139 0
vt 0.38768997788429 0.77386605739594 0
vt 0.43870255351067 0.77381283044815 0
vt 0.48353445529938 0.77376568317413 0
vt 0.4790540933609 0.82530742883682 0
vt 0.43870255351067 0.82540011405945 0
vt 0.48424184322357 0.82381844520569 0
vt 0.48754313588142 0.81030309200287 0
vt 0.48754313588142 0.82118409872055 0
vt 0.48730733990669 0.77743089199066 0
vt 0.38769000768662 0.82551622390747 0
vt 0.37889099121094 0.82553642988205 0
vt 0.37346294522285 0.82416200637817 0
vt 0.36921492218971 0.82049679756165 0
vt 0.47909009456635 0.82149487733841 0
vt 0.43870252370834 0.8216797709465 0
vt 0.38769000768662 0.8219113945961 0
vt 0.37885648012161 0.82195180654526 0
vt 0.38768997788429 0.777776658535 0
vt 0.43870255351067 0.77770501375198 0
vt 0.48303908109665 0.77764219045639 0
vt 0.88878017663956 0.01270484924316 0
vt 0.91971611976624 0.01083183288574 0
vt 0.91467821598053 0.0614241361618 0
vt 0.88369083404541 0.06052815914154 0
vt 0.91182339191437 0.08426296710968 0
vt 0.88045871257782 0.08401846885681 0
vt 0.9072892665863 0.10898816585541 0
vt 0.8753622174263 0.1089460849762 0
vt 0.90275514125824 0.1236674785614 0
vt 0.87009364366531 0.12389862537384 0
vt 0.9188677072525 0.13658452033997 0
vt 0.86173141002655 0.14048910140991 0
vt 0.8520719408989 0.15842854976654 0
vt 0.98164409399033 0.06250154972076 0
vt 0.99390560388565 0.00918364524841 0
vt 0.97581076622009 0.08495950698853 0
vt 0.9675600528717 0.10805106163025 0
vt 0.95253723859787 0.12223601341248 0
vt 0.73977047204971 0.56684178113937 0
vt 0.92223274707794 0.56754469871521 0
vt 0.92223274707794 0.56608706712723 0
vt 0.73977053165436 0.56538414955139 0
vt 0.69046449661255 0.56668078899384 0
vt 0.69075781106949 0.5652232170105 0
vt 0.68339902162552 0.56484085321426 0
vt 0.68065702915192 0.56440788507462 0
vt 0.67986851930618 0.56726795434952 0
vt 0.68304657936096 0.56597208976746 0
vt 0.68632292747498 0.5665477514267 0
vt 0.68669682741165 0.56509029865265 0
vt 0.99014174938202 0.56782740354538 0
vt 0.99014174938202 0.56636971235275 0
vt 0.99263912439346 0.56880915164948 0
vt 0.99263906478882 0.56735146045685 0
vt 0.9940590262413 0.57118648290634 0
vt 0.99435126781464 0.56972897052765 0
vt 0.73977047204971 0.56889498233795 0
vt 0.92223274707794 0.56959801912308 0
vt 0.69017273187637 0.56873404979706 0
vt 0.68280607461929 0.56725776195526 0
vt 0.68607836961746 0.56839084625244 0
vt 0.99014180898666 0.5698806643486 0
vt 0.99263912439346 0.5703216791153 0
vt 0.99468719959259 0.57280230522156 0
vt 0.73977041244507 0.57550185918808 0
vt 0.9222326874733 0.57550460100174 0
vt 0.68945866823196 0.57550102472305 0
vt 0.67760986089706 0.57546085119247 0
vt 0.68095278739929 0.57550084590912 0
vt 0.68487709760666 0.57550096511841 0
vt 0.99014174938202 0.57550573348999 0
vt 0.99263912439346 0.57550579309464 0
vt 0.9940590262413 0.57550585269928 0
vt 0.73977029323578 0.59246051311493 0
vt 0.92223256826401 0.59246343374252 0
vt 0.68760269880295 0.59245973825455 0
vt 0.67448198795319 0.59240782260895 0
vt 0.67858076095581 0.59245949983597 0
vt 0.68286526203156 0.59245961904526 0
vt 0.99044996500015 0.59246444702148 0
vt 0.9929473400116 0.59246450662613 0
vt 0.99436718225479 0.59246450662613 0
vt 0.73977011442184 0.62311285734177 0
vt 0.92223238945007 0.62311577796936 0
vt 0.68550461530685 0.62311208248138 0
vt 0.67227441072464 0.6231215596199 0
vt 0.67648255825043 0.62311190366745 0
vt 0.68076711893082 0.62311196327209 0
vt 0.99044972658157 0.62311685085297 0
vt 0.99294710159302 0.62311691045761 0
vt 0.99436694383621 0.62311691045761 0
vt 0.73976981639862 0.66178858280182 0
vt 0.92223209142685 0.66179144382477 0
vt 0.68550461530685 0.66178774833679 0
vt 0.6724289059639 0.66178756952286 0
vt 0.67648261785507 0.66178756952286 0
vt 0.68076711893082 0.66178768873215 0
vt 0.99044948816299 0.66179263591766 0
vt 0.99294686317444 0.66179263591766 0
vt 0.99436670541763 0.66179263591766 0
vt 0.99518036842346 0.58953851461411 0
vt 0.99518013000488 0.62287747859955 0
vt 0.99517983198166 0.66179263591766 0
vt 0.73976910114288 0.75673544406891 0
vt 0.73976910114288 0.75819301605225 0
vt 0.92223143577576 0.75749582052231 0
vt 0.92223143577576 0.75603824853897 0
vt 0.69046312570572 0.75689476728439 0
vt 0.69075638055801 0.75835233926773 0
vt 0.68339759111404 0.75873458385468 0
vt 0.68304520845413 0.75760328769684 0
vt 0.67991143465042 0.75646787881851 0
vt 0.6806555390358 0.7591672539711 0
vt 0.68632161617279 0.7570276260376 0
vt 0.68669551610947 0.75848519802094 0
vt 0.99014037847519 0.757215321064 0
vt 0.99014043807983 0.75575774908066 0
vt 0.99263781309128 0.7562335729599 0
vt 0.99263781309128 0.75477606058121 0
vt 0.99434995651245 0.75385630130768 0
vt 0.99405771493912 0.7523986697197 0
vt 0.73976916074753 0.75468224287033 0
vt 0.92223143577576 0.75398498773575 0
vt 0.69017142057419 0.75484156608582 0
vt 0.68607705831528 0.75518453121185 0
vt 0.99014043807983 0.75370442867279 0
vt 0.68280464410782 0.75631761550903 0
vt 0.99263787269592 0.75326347351074 0
vt 0.99468588829041 0.75078284740448 0
vt 0.73976916074753 0.7480753660202 0
vt 0.9222314953804 0.74807834625244 0
vt 0.68945741653442 0.74807459115982 0
vt 0.68095153570175 0.74807441234589 0
vt 0.67760860919952 0.74811434745789 0
vt 0.68487590551376 0.74807447195053 0
vt 0.99014049768448 0.74807924032211 0
vt 0.99263793230057 0.74807924032211 0
vt 0.99405771493912 0.74807929992676 0
vt 0.73976927995682 0.73111671209335 0
vt 0.92223161458969 0.73111951351166 0
vt 0.68760168552399 0.73111575841904 0
vt 0.67448103427887 0.73116731643677 0
vt 0.67857980728149 0.73111563920975 0
vt 0.68286424875259 0.73111569881439 0
vt 0.99044895172119 0.73112058639526 0
vt 0.99294632673264 0.73112064599991 0
vt 0.99436622858047 0.73112064599991 0
vt 0.7397695183754 0.70046430826187 0
vt 0.92223185300827 0.70046722888947 0
vt 0.68550401926041 0.7004634141922 0
vt 0.67227375507355 0.70045346021652 0
vt 0.67648208141327 0.70046317577362 0
vt 0.68076664209366 0.70046329498291 0
vt 0.99044919013977 0.70046824216843 0
vt 0.99294656515121 0.70046824216843 0
vt 0.99436640739441 0.70046824216843 0
vt 0.99517929553986 0.73404663801193 0
vt 0.99517953395844 0.70070761442184 0
vt 0.12324041873217 0.18236804008484 0
vt 0.11809808760881 0.1837420463562 0
vt 0.11826861649752 0.18506038188934 0
vt 0.12304035574198 0.18388724327087 0
vt 0.1198420599103 0.18709313869476 0
vt 0.121796913445 0.18691861629486 0
vt 0.1230837777257 0.18657898902893 0
vt 0.12434632331133 0.18243789672852 0
vt 0.12410450726748 0.18381142616272 0
vt 0.14757445454597 0.21173167228699 0
vt 0.14720466732979 0.21185994148254 0
vt 0.11827183514833 0.18660736083984 0
vt 0.11690122634172 0.18526804447174 0
vt 0.11669782549143 0.18418550491333 0
vt 0.19451268017292 0.67237508296967 0
vt 0.19378937780857 0.67106145620346 0
vt 0.16092817485332 0.67089366912842 0
vt 0.1616517752409 0.67220723628998 0
vt 0.13009847700596 0.67218792438507 0
vt 0.13118873536587 0.67416644096375 0
vt 0.09918762743473 0.67556124925613 0
vt 0.10012425482273 0.67726159095764 0
vt 0.06182341650128 0.67996007204056 0
vt 0.06275986135006 0.68166041374207 0
vt 0.16036884486675 0.6698779463768 0
vt 0.19276209175587 0.67075443267822 0
vt 0.19352562725544 0.6721403002739 0
vt 0.16110156476498 0.67120838165283 0
vt 0.1300116032362 0.67203056812286 0
vt 0.13084189593792 0.67353755235672 0
vt 0.09882967174053 0.67491155862808 0
vt 0.09957410395145 0.6762627363205 0
vt 0.06256707012653 0.67957335710526 0
vt 0.06329067051411 0.68088686466217 0
vt 0.01936330273747 0.68402117490768 0
vt 0.0599927790463 0.67781603336334 0
vt 0.06079055741429 0.68022221326828 0
vt 0.0221820063889 0.68710398674011 0
vt 0.02107163146138 0.68448895215988 0
vt 0.06035454943776 0.67847269773483 0
vt 0.06113709881902 0.68085122108459 0
vt 0.02342401817441 0.68775177001953 0
vt 0.14300020039082 0.67161399126053 0
vt 0.14349277317524 0.672023832798 0
vt 0.14234335720539 0.6704216003418 0
vt 0.12320850789547 0.67286372184753 0
vt 0.12246485054493 0.67151403427124 0
vt 0.1239517480135 0.67421323060989 0
vt 0.01743813231587 0.69060778617859 0
vt 0.0153677649796 0.68447118997574 0
vt 0.01265438273549 0.69253498315811 0
vt 0.01061608269811 0.68483430147171 0
vt 0.00856043770909 0.69144350290298 0
vt 0.00613369373605 0.68761920928955 0
vt 0.25987431406975 0.67947018146515 0
vt 0.25957533717155 0.67812609672546 0
vt 0.22576613724232 0.67258167266846 0
vt 0.22614921629429 0.67430353164673 0
vt 0.19740469753742 0.672003865242 0
vt 0.19771219789982 0.67338675260544 0
vt 0.1678661853075 0.67340195178986 0
vt 0.16821743547916 0.67498278617859 0
vt 0.13559140264988 0.67488032579422 0
vt 0.13593457639217 0.6764223575592 0
vt 0.22645397484303 0.67190235853195 0
vt 0.25941571593285 0.67740839719772 0
vt 0.25980284810066 0.67914837598801 0
vt 0.22592188417912 0.67328226566315 0
vt 0.19736881554127 0.6718430519104 0
vt 0.16877193748951 0.67283797264099 0
vt 0.16904594004154 0.67406904697418 0
vt 0.13629592955112 0.67448604106903 0
vt 0.13663871586323 0.67602771520615 0
vt 0.02244417741895 0.68353676795959 0
vt 0.0694382339716 0.6803423166275 0
vt 0.06913654506207 0.68275302648544 0
vt 0.02378104999661 0.68734812736511 0
vt 0.02351786568761 0.68449825048447 0
vt 0.06915046274662 0.68103313446045 0
vt 0.06924997270107 0.68326431512833 0
vt 0.02474429085851 0.68813353776932 0
vt 0.14948971569538 0.67681562900543 0
vt 0.14976288378239 0.67804485559464 0
vt 0.14918248355389 0.67543458938599 0
vt 0.1304402500391 0.67539763450623 0
vt 0.13096384704113 0.67398077249527 0
vt 0.13130684196949 0.67552292346954 0
vt 0.13078312575817 0.67693966627121 0
vt 0.01806919649243 0.69022023677826 0
vt 0.01814826205373 0.68388891220093 0
vt 0.01026307418942 0.69190579652786 0
vt 0.00781356170774 0.68808805942535 0
vt 0.01865898445249 0.69126397371292 0
vt 0.01435540989041 0.69299787282944 0
vt 0.00888707116246 0.68591278791428 0
vt 0.00944073870778 0.69016283750534 0
vt 0.01060320809484 0.69108498096466 0
vt 0.00982435420156 0.68670701980591 0
vt 0.01909728720784 0.69115728139877 0
vt 0.01393588259816 0.69251781702042 0
vt 0.01288737729192 0.69159686565399 0
vt 0.01395117118955 0.68364697694778 0
vt 0.78327089548111 0.8215057849884 0
vt 0.79294550418854 0.82151454687119 0
vt 0.79294550418854 0.82377910614014 0
vt 0.79294550418854 0.82582622766495 0
vt 0.78327089548111 0.82789814472198 0
vt 0.79294550418854 0.82774239778519 0
vt 0.79294550418854 0.8291682600975 0
vt 0.78327089548111 0.8304505944252 0
vt 0.79294550418854 0.83014696836472 0
vt 0.79260331392288 0.83075433969498 0
vt 0.78327089548111 0.83149206638336 0
vt 0.79163837432861 0.83136630058289 0
vt 0.79100733995438 0.83149206638336 0
vt 0.77485394477844 0.83473056554794 0
vt 0.77485394477844 0.83149206638336 0
vt 0.79545032978058 0.83149206638336 0
vt 0.79545032978058 0.83254408836365 0
vt 0.79294550418854 0.81924515962601 0
vt 0.79294550418854 0.81716370582581 0
vt 0.78327089548111 0.81521260738373 0
vt 0.79294550418854 0.81525492668152 0
vt 0.79294550418854 0.81389009952545 0
vt 0.79294550418854 0.81298691034317 0
vt 0.78327089548111 0.81264787912369 0
vt 0.79260331392288 0.81237900257111 0
vt 0.79149580001831 0.81207668781281 0
vt 0.78327089548111 0.81216061115265 0
vt 0.78959083557129 0.81216061115265 0
vt 0.79389125108719 0.80153930187225 0
vt 0.77485394477844 0.80153930187225 0
vt 0.79350870847702 0.79619508981705 0
vt 0.79389119148254 0.79942548274994 0
vt 0.79396784305573 0.83473056554794 0
vt 0.77270793914795 0.93456745147705 0
vt 0.79376488924026 0.934590280056 0
vt 0.79376494884491 0.93656134605408 0
vt 0.77270793914795 0.94037622213364 0
vt 0.79376494884491 0.93853241205215 0
vt 0.79376494884491 0.94054621458054 0
vt 0.79376494884491 0.94205003976822 0
vt 0.77270793914795 0.94342166185379 0
vt 0.79376494884491 0.94291943311691 0
vt 0.79376494884491 0.94351637363434 0
vt 0.79297697544098 0.94382894039154 0
vt 0.77270793914795 0.94392067193985 0
vt 0.79094219207764 0.94392067193985 0
vt 0.77485400438309 0.94954812526703 0
vt 0.79453665018082 0.94954812526703 0
vt 0.79421281814575 0.95296889543533 0
vt 0.79376488924026 0.93255078792572 0
vt 0.77270793914795 0.929951608181 0
vt 0.79376488924026 0.93077355623245 0
vt 0.79376488924026 0.9291296005249 0
vt 0.77270793914795 0.92720222473145 0
vt 0.79376488924026 0.92793011665344 0
vt 0.79376488924026 0.92711281776428 0
vt 0.79341602325439 0.92656368017197 0
vt 0.77270793914795 0.92619746923447 0
vt 0.79243212938309 0.92629683017731 0
vt 0.79206132888794 0.92619746923447 0
vt 0.77485400438309 0.92016810178757 0
vt 0.79574459791183 0.91903257369995 0
vt 0.79574459791183 0.92016810178757 0
vt 0.79426193237305 0.91645330190659 0
vt 0.77485394477844 0.86003839969635 0
vt 0.79426193237305 0.86003839969635 0
vt 0.78874999284744 0.96838247776032 0
vt 0.77662473917007 0.9687551856041 0
vt 0.79425919055939 0.96563631296158 0
vt 0.79380625486374 0.96740335226059 0
vt 0.79174500703812 0.79328322410584 0
vt 0.79296690225601 0.79429721832275 0
vt 0.77405679225922 0.79015171527863 0
vt 0.78968173265457 0.79229122400284 0
vt 0.792709171772 0.96803200244904 0
vt 0.74432355165482 0.83473062515259 0
vt 0.74432355165482 0.83149206638336 0
vt 0.74432355165482 0.92016810178757 0
vt 0.74432355165482 0.86003839969635 0
vt 0.76228201389313 0.96894991397858 0
vt 0.74432355165482 0.96894991397858 0
vt 0.74432355165482 0.94954812526703 0
vt 0.74432349205017 0.80153930187225 0
vt 0.76216691732407 0.78972947597504 0
vt 0.74432349205017 0.78979259729385 0
vt 0.6961652636528 0.82151454687119 0
vt 0.70676743984222 0.8215057849884 0
vt 0.6961652636528 0.82377910614014 0
vt 0.6961652636528 0.82582622766495 0
vt 0.70676743984222 0.82789814472198 0
vt 0.6961652636528 0.82774239778519 0
vt 0.6961652636528 0.8291682600975 0
vt 0.70676743984222 0.8304505944252 0
vt 0.6961652636528 0.83014696836472 0
vt 0.69650757312775 0.83075433969498 0
vt 0.70676743984222 0.83149206638336 0
vt 0.69747245311737 0.83136630058289 0
vt 0.69810336828232 0.83149206638336 0
vt 0.71379297971725 0.83473062515259 0
vt 0.69319665431976 0.83254414796829 0
vt 0.69319665431976 0.83149206638336 0
vt 0.71379297971725 0.83149206638336 0
vt 0.6961652636528 0.81924515962601 0
vt 0.6961652636528 0.81716370582581 0
vt 0.6961652636528 0.81525492668152 0
vt 0.70676743984222 0.81521260738373 0
vt 0.6961652636528 0.81389009952545 0
vt 0.6961652636528 0.81298691034317 0
vt 0.69650757312775 0.81237900257111 0
vt 0.70676743984222 0.81264787912369 0
vt 0.69761490821838 0.81207668781281 0
vt 0.69951999187469 0.81216067075729 0
vt 0.70676743984222 0.81216067075729 0
vt 0.69475573301315 0.8015393614769 0
vt 0.69475573301315 0.79942548274994 0
vt 0.69513827562332 0.79619508981705 0
vt 0.71379297971725 0.8015393614769 0
vt 0.69467926025391 0.83473062515259 0
vt 0.6950831413269 0.93459033966064 0
vt 0.71614015102386 0.9345675110817 0
vt 0.6950831413269 0.93656134605408 0
vt 0.71614015102386 0.94037622213364 0
vt 0.6950831413269 0.93853241205215 0
vt 0.6950831413269 0.94054621458054 0
vt 0.6950831413269 0.94205003976822 0
vt 0.71614015102386 0.94342166185379 0
vt 0.6950831413269 0.94291943311691 0
vt 0.6950831413269 0.94351637363434 0
vt 0.69587123394012 0.94382894039154 0
vt 0.71614015102386 0.94392067193985 0
vt 0.69790577888489 0.94392067193985 0
vt 0.69411039352417 0.94954812526703 0
vt 0.71379309892654 0.94954812526703 0
vt 0.69443434476852 0.95296889543533 0
vt 0.6950831413269 0.93255078792572 0
vt 0.6950831413269 0.93077355623245 0
vt 0.71614015102386 0.929951608181 0
vt 0.6950831413269 0.9291296005249 0
vt 0.6950831413269 0.92793011665344 0
vt 0.71614015102386 0.92720222473145 0
vt 0.6950831413269 0.92711287736893 0
vt 0.69543206691742 0.92656368017197 0
vt 0.69641596078873 0.92629683017731 0
vt 0.71614015102386 0.92619746923447 0
vt 0.69678688049316 0.92619746923447 0
vt 0.69290256500244 0.91903257369995 0
vt 0.71379309892654 0.92016810178757 0
vt 0.69290256500244 0.92016810178757 0
vt 0.69438523054123 0.91645330190659 0
vt 0.69438517093658 0.86003839969635 0
vt 0.71379297971725 0.86003839969635 0
vt 0.7120224237442 0.9687551856041 0
vt 0.69989717006683 0.96838247776032 0
vt 0.69484090805054 0.96740341186523 0
vt 0.6943878531456 0.96563637256622 0
vt 0.69568014144897 0.79429721832275 0
vt 0.69690197706223 0.79328328371048 0
vt 0.71459013223648 0.79015177488327 0
vt 0.69896531105042 0.79229122400284 0
vt 0.69593793153763 0.96803206205368 0
vt 0.7263650894165 0.96894997358322 0
vt 0.72647994756699 0.78972947597504 0
vt 0.78519654273987 0.81542652845383 0
vt 0.74562829732895 0.81542658805847 0
vt 0.74562829732895 0.82229697704315 0
vt 0.78519642353058 0.82229685783386 0
vt 0.78519654273987 0.80739492177963 0
vt 0.74562829732895 0.80739504098892 0
vt 0.74562817811966 0.83075624704361 0
vt 0.78519636392593 0.83075612783432 0
vt 0.78384184837341 0.93243783712387 0
vt 0.74427366256714 0.93243795633316 0
vt 0.74427354335785 0.9393082857132 0
vt 0.78384178876877 0.93930822610855 0
vt 0.78384184837341 0.92368876934052 0
vt 0.74427372217178 0.9236888885498 0
vt 0.74427336454391 0.94737446308136 0
vt 0.78384166955948 0.94737434387207 0
vt 0.70606011152267 0.81542658805847 0
vt 0.70605999231338 0.82229685783386 0
vt 0.70606011152267 0.80739492177963 0
vt 0.70605993270874 0.83075612783432 0
vt 0.70470541715622 0.93243783712387 0
vt 0.70470535755157 0.93930822610855 0
vt 0.70470553636551 0.92368876934052 0
vt 0.70470523834229 0.94737434387207 0
vt 0.96566069126129 0.3403993844986 0
vt 0.97124421596527 0.34058773517609 0
vt 0.97050786018372 0.36713242530823 0
vt 0.96539855003357 0.38950037956238 0
vt 0.95632475614548 0.34055817127228 0
vt 0.95467728376389 0.40377569198608 0
vt 0.93706911802292 0.34055817127228 0
vt 0.93528473377228 0.40961909294128 0
vt 0.89001148939133 0.41229665279388 0
vt 0.96533620357513 0.28748178482056 0
vt 0.97874611616135 0.28779125213623 0
vt 0.94704782962799 0.28748178482056 0
vt 0.89243173599243 0.17768776416779 0
vt 0.96289080381393 0.17301976680756 0
vt 0.97538447380066 0.1756237745285 0
vt 0.94603139162064 0.1725435256958 0
vt 0.32445919513702 0.79613256454468 0
vt 0.32445919513702 0.80766016244888 0
vt 0.30356132984161 0.80766016244888 0
vt 0.30356132984161 0.79613262414932 0
vt 0.29988920688629 0.79536575078964 0
vt 0.32813131809235 0.79536575078964 0
vt 0.32813131809235 0.80842697620392 0
vt 0.29988920688629 0.80842697620392 0
vt 0.53226888179779 0.80516690015793 0
vt 0.53461670875549 0.80981969833374 0
vt 0.53677666187286 0.8072652220726 0
vt 0.50944828987122 0.78354525566101 0
vt 0.5096361041069 0.80772137641907 0
vt 0.51273518800735 0.80981969833374 0
vt 0.53677666187286 0.78345400094986 0
vt 0.53367757797241 0.78144693374634 0
vt 0.51235955953598 0.78135573863983 0
vt 0.53245669603348 0.78582602739334 0
vt 0.51386213302612 0.80516690015793 0
vt 0.51414388418198 0.78573477268219 0
vt 0.27543020248413 0.65626007318497 0
vt 0.30268177390099 0.66291683912277 0
vt 0.30549189448357 0.64274746179581 0
vt 0.28151652216911 0.63384890556335 0
vt 0.32094541192055 0.67064464092255 0
vt 0.32283860445023 0.65579688549042 0
vt 0.22369727492332 0.65156191587448 0
vt 0.22369727492332 0.62952679395676 0
vt 0.16601710021496 0.6518914103508 0
vt 0.1660170853138 0.62985628843307 0
vt 0.05660396814346 0.65626013278961 0
vt 0.05051759257913 0.633848965168 0
vt 0.02654229849577 0.6427475810051 0
vt 0.02935239486396 0.66291695833206 0
vt 0.00919556617737 0.65579700469971 0
vt 0.01108876056969 0.67064470052719 0
vt 0.10833689570427 0.65156191587448 0
vt 0.10833689570427 0.62952679395676 0
vt 0.86066496372223 0.52432799339294 0
vt 0.86545163393021 0.50779330730438 0
vt 0.90367817878723 0.43123507499695 0
vt 0.87429022789001 0.273322224617 0
vt 0.85733222961426 0.27275991439819 0
vt 0.86000889539719 0.27582931518555 0
vt 0.87221413850784 0.27582931518555 0
vt 0.85733222961426 0.24210977554321 0
vt 0.87429022789001 0.24032890796661 0
vt 0.87257105112076 0.23871374130249 0
vt 0.86015164852142 0.23871374130249 0
vt 0.00374740338884 0.01344168186188 0
vt 0.00374740338884 0.98923200368881 0
vt 0.50040358304977 0.98923200368881 0
vt 0.50040364265442 0.01344168186188 0
vt 0.00374740338884 0.05523979663849 0
vt 0.50040364265442 0.05523979663849 0
vt 0.01684521697462 0.01344168186188 0
vt 0.01684521697462 0.98923200368881 0
vt 0.50040346384048 0.05523979663849 0
vt 0.50040346384048 0.01344168186188 0
vt 0.99705964326859 0.01344168186188 0
vt 0.99705964326859 0.98923200368881 0
vt 0.99705964326859 0.05523979663849 0
vt 0.21986199915409 0.86806309223175 0
vt 0.23582303524017 0.8747746348381 0
vt 0.23869553208351 0.8729465007782 0
vt 0.23725956678391 0.86812657117844 0
vt 0.4480339884758 0.68145257234573 0
vt 0.45012086629868 0.67703998088837 0
vt 0.44907766580582 0.66540575027466 0
vt 0.43643808364868 0.66525250673294 0
vt 0.43643808364868 0.68155372142792 0
vt 0.39616367220879 0.66453373432159 0
vt 0.39616367220879 0.6810582280159 0
vt 0.10899131000042 0.87481653690338 0
vt 0.10899131000042 0.87987321615219 0
vt 0.09285521507263 0.87458384037018 0
vt 0.09012633562088 0.87321263551712 0
vt 0.09213671833277 0.86795121431351 0
vt 0.83707320690155 0.08166635036469 0
vt 0.84030312299728 0.08166635036469 0
vt 0.84353399276733 0.08166635036469 0
vt 0.33258953690529 0.76438003778458 0
vt 0.34565481543541 0.76405817270279 0
vt 0.26900407671928 0.90265047550201 0
vt 0.2948332130909 0.90265047550201 0
vt 0.21997141838074 0.90265047550201 0
vt 0.16442665457726 0.90265047550201 0
vt 0.26807823777199 0.92160451412201 0
vt 0.29380702972412 0.92160451412201 0
vt 0.2199714332819 0.92160451412201 0
vt 0.16442665457726 0.92160451412201 0
vt 0.26582810282707 0.95629322528839 0
vt 0.29071202874184 0.95629322528839 0
vt 0.2199714332819 0.95629322528839 0
vt 0.16442665457726 0.95629322528839 0
vt 0.05863105878234 0.90265047550201 0
vt 0.03250106051564 0.90265047550201 0
vt 0.10823487490416 0.90265047550201 0
vt 0.05956768244505 0.92160451412201 0
vt 0.0335391946137 0.92160451412201 0
vt 0.10823487490416 0.92160451412201 0
vt 0.06184402853251 0.95629322528839 0
vt 0.03667024895549 0.95629322528839 0
vt 0.10823487490416 0.95629322528839 0
vt 0.97819042205811 0.19294810295105 0
vt 0.97819042205811 0.1879426240921 0
vt 0.96385097503662 0.1879426240921 0
vt 0.96385097503662 0.19294810295105 0
vt 0.96329653263092 0.2018951177597 0
vt 0.94895708560944 0.20159959793091 0
vt 0.94895708560944 0.21424233913422 0
vt 0.96329653263092 0.21453773975372 0
vt 0.96329653263092 0.1879426240921 0
vt 0.94895708560944 0.18823802471161 0
vt 0.94895708560944 0.20088076591492 0
vt 0.96329653263092 0.20058536529541 0
vt 0.50700414180756 0.59275943040848 0
vt 0.50474852323532 0.51137012243271 0
vt 0.10921232402325 0.50731295347214 0
vt 0.14613808691502 0.58389234542847 0
vt 0.92729985713959 0.51542717218399 0
vt 0.91662657260895 0.59719288349152 0
vt 0.51151525974274 0.72072875499725 0
vt 0.92629909515381 0.72072875499725 0
vt 0.98149514198303 0.02456963062286 0
vt 0.98149514198303 0.02378880977631 0
vt 0.97640007734299 0.02377104759216 0
vt 0.97241121530533 0.02566540241241 0
vt 0.97305071353912 0.02501678466797 0
vt 0.97020626068115 0.02509188652039 0
vt 0.98302692174912 0.02377498149872 0
vt 0.98202794790268 0.02378880977631 0
vt 0.98202794790268 0.02456963062286 0
vt 0.98302692174912 0.02455580234528 0
vt 0.96583664417267 0.05898451805115 0
vt 0.96776229143143 0.05898070335388 0
vt 0.96699202060699 0.05688655376434 0
vt 0.9660587310791 0.05808007717133 0
vt 0.96519583463669 0.05817091464996 0
vt 0.96229428052902 0.05896639823914 0
vt 0.96168774366379 0.05817139148712 0
vt 0.96024107933044 0.05881607532501 0
vt 0.95983302593231 0.05803751945496 0
vt 0.9599198102951 0.05888438224792 0
vt 0.95882207155228 0.05796468257904 0
vt 0.96031659841537 0.01200497150421 0
vt 0.97154277563095 0.01340222358704 0
vt 0.97154277563095 0.01007056236267 0
vt 0.96051794290543 0.01000022888184 0
vt 0.96031659841537 0.01716125011444 0
vt 0.97154277563095 0.01883089542389 0
vt 0.93800681829453 0.01000022888184 0
vt 0.93762922286987 0.01332128047943 0
vt 0.94822585582733 0.01335179805756 0
vt 0.94822585582733 0.01002490520477 0
vt 0.9372575879097 0.01664102077484 0
vt 0.94822585582733 0.01749384403229 0
vt 0.93720096349716 0.02228367328644 0
vt 0.94822585582733 0.02235400676727 0
vt 0.80186837911606 0.94614243507385 0
vt 0.65887773036957 0.9599506855011 0
vt 0.49944865703583 0.95857965946198 0
vt 0.49944865703583 0.80267375707626 0
vt 0.92805993556976 0.80267375707626 0
vt 0.87719231843948 0.92542970180511 0
vt 0.91486185789108 0.89005303382874 0
vt 0.89795303344727 0.91017466783524 0
vt 0.08430249989033 0.89061743021011 0
vt 0.07326712459326 0.82179498672485 0
vt 0.0711043253541 0.80323815345764 0
vt 0.96039825677872 0.01881229877472 0
vt 0.98309004306793 0.04061853885651 0
vt 0.9719455242157 0.04058134555817 0
vt 0.9719455242157 0.0424872636795 0
vt 0.98285979032516 0.04250288009644 0
vt 0.98317170143127 0.03897488117218 0
vt 0.9719455242157 0.03893613815308 0
vt 0.98317170143127 0.03745663166046 0
vt 0.9719455242157 0.03744006156921 0
vt 0.96062850952148 0.02072942256927 0
vt 0.97154277563095 0.02070963382721 0
vt 0.96102738380432 0.05488133430481 0
vt 0.96102738380432 0.05410063266754 0
vt 0.95593237876892 0.05489921569824 0
vt 0.97305071353912 0.0268280506134 0
vt 0.97243630886078 0.0261378288269 0
vt 0.97005939483643 0.02680563926697 0
vt 0.96156018972397 0.05410063266754 0
vt 0.96156018972397 0.05488133430481 0
vt 0.96255922317505 0.05489528179169 0
vt 0.96255922317505 0.05411446094513 0
vt 0.94539552927017 0.06907343864441 0
vt 0.94610637426376 0.0669424533844 0
vt 0.94418197870255 0.06703424453735 0
vt 0.94442933797836 0.06792712211609 0
vt 0.94356447458267 0.06787919998169 0
vt 0.94064253568649 0.06722831726074 0
vt 0.94005882740021 0.06805300712585 0
vt 0.93859505653381 0.06748044490814 0
vt 0.93820911645889 0.06827878952026 0
vt 0.93827205896378 0.06742823123932 0
vt 0.93720096349716 0.06840181350708 0
vt 0.98276901245117 0.01200497150421 0
vt 0.98256766796112 0.01000022888184 0
vt 0.98276901245117 0.01716125011444 0
vt 0.95882242918015 0.01332128047943 0
vt 0.95844483375549 0.01000022888184 0
vt 0.95919406414032 0.01664102077484 0
vt 0.95925068855286 0.02228367328644 0
vt 0.34001958370209 0.9599506855011 0
vt 0.19702880084515 0.94614243507385 0
vt 0.12170496582985 0.92542970180511 0
vt 0.07083736360073 0.80267375707626 0
vt 0.10094431042671 0.91017466783524 0
vt 0.08403543382883 0.89005303382874 0
vt 0.92580354213715 0.82044363021851 0
vt 0.91610968112946 0.89116209745407 0
vt 0.92770349979401 0.80137556791306 0
vt 0.98268735408783 0.01881229877472 0
vt 0.96080094575882 0.04061853885651 0
vt 0.96103119850159 0.04250288009644 0
vt 0.96071928739548 0.03897488117218 0
vt 0.96071928739548 0.03745663166046 0
vt 0.98245704174042 0.02072942256927 0
vt 0.96031659841537 0.02218067646027 0
vt 0.97154277563095 0.02218425273895 0
vt 0.97154277563095 0.02214646339417 0
vt 0.96031659841537 0.02215957641602 0
vt 0.98276901245117 0.02218067646027 0
vt 0.98276901245117 0.02215957641602 0
vt 0.9584538936615 0.03563356399536 0
vt 0.96727651357651 0.03563356399536 0
vt 0.9681950211525 0.03358316421509 0
vt 0.9584538936615 0.03358316421509 0
vt 0.95575416088104 0.05873382091522 0
vt 0.95466417074203 0.05777633190155 0
vt 0.95461970567703 0.06199967861176 0
vt 0.9574009180069 0.06077110767365 0
vt 0.95191586017609 0.05688655376434 0
vt 0.95215237140656 0.06196987628937 0
vt 0.95065754652023 0.0578784942627 0
vt 0.95076680183411 0.06195318698883 0
vt 0.95027935504913 0.05778503417969 0
vt 0.95035111904144 0.06023454666138 0
vt 0.94948101043701 0.05757963657379 0
vt 0.94950324296951 0.05854249000549 0
vt 0.94846558570862 0.05730175971985 0
vt 0.94846558570862 0.0572806596756 0
vt 0.95593237876892 0.05179595947266 0
vt 0.95694774389267 0.05151808261871 0
vt 0.95696997642517 0.05055522918701 0
vt 0.95593237876892 0.05181705951691 0
vt 0.95774614810944 0.05131268501282 0
vt 0.95781791210175 0.04886317253113 0
vt 0.95812433958054 0.05121922492981 0
vt 0.95823353528976 0.04714453220367 0
vt 0.95938265323639 0.05221116542816 0
vt 0.95961910486221 0.04712784290314 0
vt 0.96213090419769 0.05132138729095 0
vt 0.96208643913269 0.04709804058075 0
vt 0.9632208943367 0.05036389827728 0
vt 0.96486765146256 0.04832661151886 0
vt 0.94842720031738 0.03744006156921 0
vt 0.94842720031738 0.04109382629395 0
vt 0.95919078588486 0.04109382629395 0
vt 0.95887345075607 0.03744006156921 0
vt 0.95956671237946 0.0443309545517 0
vt 0.94842720031738 0.04433560371399 0
vt 0.94842720031738 0.04566442966461 0
vt 0.95965337753296 0.04568088054657 0
vt 0.95954489707947 0.04326951503754 0
vt 0.94842720031738 0.04326951503754 0
vt 0.95954489707947 0.0427668094635 0
vt 0.94842720031738 0.04278171062469 0
vt 0.93800127506256 0.03744006156921 0
vt 0.93820661306381 0.04109382629395 0
vt 0.93737745285034 0.0443309545517 0
vt 0.93720096349716 0.04568088054657 0
vt 0.93737745285034 0.04326951503754 0
vt 0.93737745285034 0.0427668094635 0
vt 0.67747014760971 0.14793431758881 0
vt 0.36012780666351 0.14826202392578 0
vt 0.36012780666351 0.37552082538605 0
vt 0.67746996879578 0.37511312961578 0
vt 0.04278558120131 0.14793431758881 0
vt 0.04278562217951 0.37511312961578 0
vt 0.95994877815247 0.02590346336365 0
vt 0.95812404155731 0.02377104759216 0
vt 0.95909523963928 0.0264413356781 0
vt 0.96075981855392 0.02808344364166 0
vt 0.9594914317131 0.02753067016602 0
vt 0.96100556850433 0.02888107299805 0
vt 0.96435701847076 0.03044629096985 0
vt 0.96484923362732 0.03013753890991 0
vt 0.96154856681824 0.02855741977692 0
vt 0.96759814023972 0.03123342990875 0
vt 0.96732956171036 0.03159940242767 0
vt 0.96766138076782 0.0317051410675 0
vt 0.96851640939713 0.0307058095932 0
vt 0.96823006868362 0.03190684318542 0
vt 0.96882885694504 0.03172659873962 0
vt 0.96899396181107 0.03039157390594 0
vt 0.97533422708511 0.02761209011078 0
vt 0.97353011369705 0.02730572223663 0
vt 0.9741376042366 0.02430975437164 0
vt 0.97382020950317 0.02608859539032 0
vt 0.97392266988754 0.02666342258453 0
vt 0.9545111656189 0.04739427566528 0
vt 0.95262497663498 0.04943001270294 0
vt 0.95346194505692 0.05001199245453 0
vt 0.95175021886826 0.05156600475311 0
vt 0.95303398370743 0.05107975006104 0
vt 0.95148116350174 0.05235028266907 0
vt 0.94760340452194 0.05340540409088 0
vt 0.94808614253998 0.05373954772949 0
vt 0.95094811916351 0.05199861526489 0
vt 0.94482427835464 0.05435717105865 0
vt 0.94508188962936 0.05473685264587 0
vt 0.94474714994431 0.05482530593872 0
vt 0.94392228126526 0.05378210544586 0
vt 0.94417297840118 0.05499708652496 0
vt 0.94357997179031 0.05478584766388 0
vt 0.94345438480377 0.05344331264496 0
vt 0.9390127658844 0.05012333393097 0
vt 0.93720096349716 0.05033540725708 0
vt 0.93875873088837 0.0488920211792 0
vt 0.93849402666092 0.04709804058075 0
vt 0.93863940238953 0.04946112632751 0
vt 0.97093826532364 0.04392755031586 0
vt 0.96092635393143 0.04391992092133 0
vt 0.96071928739548 0.04532718658447 0
vt 0.97093826532364 0.04535186290741 0
vt 0.98115730285645 0.04532718658447 0
vt 0.9809502363205 0.04391992092133 0
vt 0.93914419412613 0.0489696264267 0
vt 0.94907277822494 0.0489696264267 0
vt 0.94915610551834 0.04839396476746 0
vt 0.93914419412613 0.04838633537292 0
vt 0.94721287488937 0.07153844833374 0
vt 0.94712954759598 0.0709627866745 0
vt 0.93720096349716 0.0709627866745 0
vt 0.93720096349716 0.07154619693756 0
vt 0.96443784236908 0.0260523557663 0
vt 0.96461153030396 0.02781319618225 0
vt 0.96497058868408 0.02757227420807 0
vt 0.96437734365463 0.02803313732147 0
vt 0.96664011478424 0.02652561664581 0
vt 0.96795672178268 0.02682530879974 0
vt 0.96683526039124 0.02605795860291 0
vt 0.96646559238434 0.0268280506134 0
vt 0.93725246191025 0.0352703332901 0
vt 0.93720096349716 0.03602302074432 0
vt 0.94712954759598 0.03602302074432 0
vt 0.94712954759598 0.03585410118103 0
vt 0.94712954759598 0.02728629112244 0
vt 0.93785315752029 0.02849662303925 0
vt 0.94016772508621 0.0241619348526 0
vt 0.93845546245575 0.02465283870697 0
vt 0.93784272670746 0.02646017074585 0
vt 0.94712954759598 0.02379429340363 0
vt 0.94326078891754 0.02377104759216 0
vt 0.93785315752029 0.02778828144073 0
vt 0.95705813169479 0.03602302074432 0
vt 0.95700663328171 0.0352703332901 0
vt 0.95640593767166 0.02849662303925 0
vt 0.9564163684845 0.02646017074585 0
vt 0.95580369234085 0.02465283870697 0
vt 0.95409137010574 0.0241619348526 0
vt 0.95099830627441 0.02377104759216 0
vt 0.95640593767166 0.02778828144073 0
vt 0.95292174816132 0.06393432617188 0
vt 0.9520503282547 0.06393432617188 0
vt 0.9519824385643 0.06471085548401 0
vt 0.95285385847092 0.06471085548401 0
vt 0.94853353500366 0.06388914585114 0
vt 0.94846558570862 0.06466567516327 0
vt 0.95399260520935 0.05499708652496 0
vt 0.95410490036011 0.05423069000244 0
vt 0.95335382223129 0.05421018600464 0
vt 0.95197576284409 0.05417227745056 0
vt 0.95186334848404 0.0549396276474 0
vt 0.96039980649948 0.03190684318542 0
vt 0.96033293008804 0.031130194664 0
vt 0.95946151018143 0.03112804889679 0
vt 0.95952838659286 0.03190469741821 0
vt 0.96391665935516 0.03187024593353 0
vt 0.96384978294373 0.03109359741211 0
vt 0.94683945178986 0.05148112773895 0
vt 0.94674980640411 0.05070948600769 0
vt 0.9460883140564 0.05146253108978 0
vt 0.94471019506454 0.05142855644226 0
vt 0.94462049007416 0.05065596103668 0
vt 0.94958710670471 0.05080032348633 0
vt 0.94773602485657 0.05071377754211 0
vt 0.94762361049652 0.05148112773895 0
vt 0.94894766807556 0.05144894123077 0
vt 0.94409054517746 0.05212163925171 0
vt 0.94418025016785 0.05289423465729 0
vt 0.94603246450424 0.05290424823761 0
vt 0.94541257619858 0.05222284793854 0
vt 0.37181079387665 0.3572484254837 0
vt 0.60298365354538 0.36025166511536 0
vt 0.60583078861237 0.18995916843414 0
vt 0.36669838428497 0.18695616722107 0
vt 0.11836297810078 0.36025166511536 0
vt 0.34953588247299 0.3572484254837 0
vt 0.35464814305305 0.18695616722107 0
vt 0.11551587283611 0.18995916843414 0
vt 0.0456377454102 0.37561416625977 0
vt 0.36298000812531 0.37594771385193 0
vt 0.36298000812531 0.20565545558929 0
vt 0.0456377454102 0.20532178878784 0
vt 0.6803223490715 0.37561416625977 0
vt 0.6803223490715 0.20532178878784 0
vt 0.86469131708145 0.03036689758301 0
vt 0.77550047636032 0.14625763893127 0
vt 0.86268085241318 0.14625763893127 0
vt 0.77349013090134 0.03036689758301 0
vt 0.80765289068222 0.14327049255371 0
vt 0.77002257108688 0.03145158290863 0
vt 0.78561121225357 0.18889129161835 0
vt 0.74432092905045 0.03936266899109 0
vt 0.7608944773674 0.0080029964447 0
vt 0.73922222852707 0.00840353965759 0
vt 0.8478872179985 0.00588750839233 0
vt 0.79029411077499 0.00588750839233 0
vt 0.86565202474594 0.14625763893127 0
vt 0.76625961065292 0.18819284439087 0
vt 0.87192183732986 0.18819284439087 0
vt 0.77252930402756 0.14625763893127 0
vt 0.76838809251785 0.13134980201721 0
vt 0.74690419435501 0.07867991924286 0
vt 0.74690419435501 0.13003671169281 0
vt 0.76838809251785 0.07736670970917 0
vt 0.79258292913437 0.06350040435791 0
vt 0.87721890211105 0.14800107479095 0
vt 0.87721890211105 0.06071555614471 0
vt 0.79258292913437 0.14521610736847 0
vt 0.89129835367203 0.13116788864136 0
vt 0.90681380033493 0.17135429382324 0
vt 0.76705068349838 0.16442430019379 0
vt 0.86506420373917 0.16442430019379 0
vt 0.8659216761589 0.01074171066284 0
vt 0.77083760499954 0.01074171066284 0
vt 0.78866177797318 0.19575023651123 0
vt 0.84345287084579 0.19575023651123 0
vt 0.76837307214737 0.17032968997955 0
vt 0.80152052640915 0.05727136135101 0
vt 0.77793008089066 0.0124819278717 0
vt 0.74237388372421 0.16332411766052 0
vt 0.7601860165596 0.19408166408539 0
vt 0.73851257562637 0.19444012641907 0
vt 0.88559001684189 0.06643676757812 0
vt 0.89949315786362 0.02573502063751 0
vt 0.94537770748138 0.06505298614502 0
vt 0.94537770748138 0.05695736408234 0
vt 0.93720096349716 0.05688655376434 0
vt 0.93720096349716 0.06474030017853 0
vt 0.94704443216324 0.06326806545258 0
vt 0.94704443216324 0.05874240398407 0
vt 0.67747014760971 0.11464273929596 0
vt 0.36012780666351 0.11497044563293 0
vt 0.36012780666351 0.14323806762695 0
vt 0.67747014760971 0.14291024208069 0
vt 0.04278558120131 0.11464273929596 0
vt 0.04278558120131 0.14291024208069 0
vt 0.94923204183578 0.04776799678802 0
vt 0.93948352336884 0.04776799678802 0
vt 0.93914419412613 0.04791402816772 0
vt 0.94959044456482 0.04791402816772 0
vt 0.96662819385529 0.05209183692932 0
vt 0.96662819385529 0.05073463916779 0
vt 0.96628886461258 0.05049896240234 0
vt 0.96628886461258 0.05194807052612 0
vt 0.97545081377029 0.05073463916779 0
vt 0.97577112913132 0.05049896240234 0
vt 0.97637671232224 0.05209183692932 0
vt 0.97673511505127 0.05194807052612 0
vt 0.96852487325668 0.03332388401031 0
vt 0.95812404155731 0.03332388401031 0
vt 0.97647386789322 0.04709804058075 0
vt 0.97539567947388 0.04885220527649 0
vt 0.97570765018463 0.04908192157745 0
vt 0.97679710388184 0.04719936847687 0
vt 0.96663218736649 0.04749703407288 0
vt 0.96628886461258 0.04762542247772 0
vt 0.9610470533371 0.05698001384735 0
vt 0.95894032716751 0.05696749687195 0
vt 0.95882207155228 0.05745470523834 0
vt 0.9610715508461 0.05746805667877 0
# 1858 texture coordinates

o Body
usemtl Body
f 1/3/3 3/2/2 2/1/1
f 6/8/8 5/7/7 4/6/6 7/5/5
f 10/12/12 9/11/11 8/10/10 11/9/9
f 14/16/16 13/15/15 12/14/14 15/13/13
f 15/13/13 12/14/14 16/18/18 17/17/17
f 19/20/20 18/19/19 3/2/2 1/3/3
f 21/22/22 20/21/21 18/19/19 19/20/20
f 21/22/22 23/24/24 22/23/23 20/21/21
f 22/23/23 23/24/24 24/26/26 25/25/25
f 27/28/28 26/27/27 25/25/25 24/26/26
f 26/27/27 27/28/28 28/30/30 29/29/29
f 28/30/30 31/33/33 30/32/32 32/31/31
f 31/33/33 34/35/35 33/34/34 30/32/32
f 17/17/17 16/18/18 35/37/37 36/36/36
f 2/1/1 3/2/2 36/36/36 35/37/37
f 39/41/41 38/40/40 37/39/39 40/38/38
f 42/43/43 41/42/42 7/5/5 4/6/6
f 9/11/11 10/12/12 13/15/15 14/16/16
f 9/11/11 4/6/6 5/7/7 8/10/10
f 14/16/16 15/13/13 42/43/43
f 17/17/17 41/42/42 42/43/43 15/13/13
f 36/36/36 43/44/44 41/42/42 17/17/17
f 18/19/19 37/39/39 38/40/40 3/2/2
f 18/19/19 20/21/21 37/39/39
f 40/38/38 37/39/39 20/21/21 22/23/23
f 22/23/23 25/25/25 40/38/38
f 26/27/27 39/41/41 40/38/38 25/25/25
f 29/29/29 44/45/45 39/41/41 26/27/27
f 45/46/46 44/45/45 29/29/29 32/31/31
f 7/5/5 45/46/46 32/31/31 30/32/32
f 6/8/8 7/5/5 30/32/32 33/34/34
f 3/2/2 38/40/40 43/44/44 36/36/36
f 14/16/16 42/43/43 4/6/6 9/11/11
f 38/40/40 39/41/41 44/45/45 43/44/44
f 43/44/44 44/45/45 45/46/46 41/42/42
f 7/5/5 41/42/42 45/46/46
f 46/49/49 48/48/48 47/47/47
f 49/52/52 51/51/51 50/50/50
f 53/54/53 52/53/53 50/50/50 51/51/51
f 55/56/54 54/55/54 52/53/53 53/54/53
f 51/51/51 49/52/52 47/47/47 48/48/48
f 58/60/58 57/59/57 56/58/56 59/57/55
f 62/64/59 61/63/60 60/62/60 63/61/59
f 46/49/49 62/64/59 63/61/59 48/48/48
f 29/29/29 28/30/30 32/31/31
f 62/66/62 12/14/14 13/15/15 61/65/61
f 46/67/63 16/18/18 12/14/14 62/66/62
f 47/68/64 35/37/37 16/18/18 46/67/63
f 49/69/65 2/1/1 35/37/37 47/68/64
f 50/70/66 1/3/3 2/1/1 49/69/65
f 52/71/67 19/20/20 1/3/3 50/70/66
f 54/72/68 21/22/22 19/20/20 52/71/67
f 23/24/24 21/22/22 54/72/68 55/73/69
f 53/74/70 24/26/26 23/24/24 55/73/69
f 51/75/71 27/28/28 24/26/26 53/74/70
f 51/75/71 64/76/72 28/30/30 27/28/28
f 48/78/73 59/77/55 64/76/72 51/75/71
f 63/82/74 58/81/58 59/80/55 48/79/73
f 60/84/75 10/83/12 58/81/58 63/82/74
f 61/65/61 13/15/15 10/12/12 60/85/75
f 31/88/33 28/87/30 64/86/72
f 10/90/12 11/89/9 57/59/57 58/60/58
f 34/92/35 31/88/33 64/86/72 65/91/76
f 65/91/76 64/86/72 59/57/55 56/58/56
f 82/96/77 81/95/78 66/94/78 83/93/77
f 81/95/78 80/98/79 67/97/79 66/94/78
f 80/98/79 79/100/80 68/99/80 67/97/79
f 79/100/80 78/102/80 69/101/80 68/99/80
f 78/102/80 77/104/80 70/103/80 69/101/80
f 77/104/80 76/106/80 71/105/80 70/103/80
f 76/106/80 75/108/81 72/107/81 71/105/80
f 75/108/81 74/110/82 73/109/82 72/107/81
f 73/109/82 74/110/82 84/111/83
f 88/94/85 87/95/85 86/96/84 85/93/84
f 90/97/86 89/98/86 87/95/85 88/94/85
f 92/99/87 91/100/87 89/98/86 90/97/86
f 94/101/87 93/102/87 91/100/87 92/99/87
f 96/103/87 95/104/87 93/102/87 94/101/87
f 98/105/87 97/106/87 95/104/87 96/103/87
f 100/107/88 99/108/88 97/106/87 98/105/87
f 102/109/89 101/110/89 99/108/88 100/107/88
f 102/109/89 103/111/90 101/110/89
f 118/114/80 117/113/80 119/112/91
f 116/117/94 121/116/93 115/115/92
f 104/121/98 122/120/97 124/119/96 128/118/95
f 122/120/97 104/121/98 105/123/99 123/122/99
f 123/122/99 105/123/99 106/125/100 125/124/100
f 107/127/101 126/126/101 125/124/100 106/125/100
f 121/116/93 130/129/102 114/128/102 115/115/92
f 110/132/105 120/131/104 109/130/103
f 112/134/107 120/131/104 111/133/106
f 129/136/108 120/131/104 112/134/107 113/135/108
f 113/135/108 114/128/102 130/129/102 129/136/108
f 108/137/109 109/130/103 120/131/104 119/112/91
f 108/137/109 119/112/91 117/113/80
f 127/138/110 126/126/101 107/127/101
f 111/133/106 120/131/104 110/132/105
f 128/118/95 121/116/93 116/117/94 104/121/98
f 131/114/87 133/112/111 132/113/87
f 134/117/114 136/115/113 135/116/112
f 139/121/118 138/118/117 137/119/116 140/120/115
f 140/120/115 142/122/119 141/123/119 139/121/118
f 142/122/119 144/124/120 143/125/120 141/123/119
f 145/127/121 143/125/120 144/124/120 146/126/121
f 135/116/112 136/115/113 148/128/122 147/129/122
f 149/132/125 151/130/124 150/131/123
f 152/134/127 153/133/126 150/131/123
f 155/136/128 154/135/128 152/134/127 150/131/123
f 154/135/128 155/136/128 147/129/122 148/128/122
f 156/137/129 133/112/111 150/131/123 151/130/124
f 156/137/129 132/113/87 133/112/111
f 157/138/130 145/127/121 146/126/121
f 153/133/126 149/132/125 150/131/123
f 138/118/117 139/121/118 134/117/114 135/116/112
f 160/142/132 161/141/131 158/140/80 159/139/80
f 163/144/133 160/142/132 159/139/80 162/143/80
f 165/146/134 163/144/133 162/143/80 164/145/80
f 167/148/135 165/146/134 164/145/80 166/147/80
f 169/150/137 167/148/135 166/147/80 168/149/136
f 171/152/139 169/150/137 168/149/136 170/151/138
f 173/154/141 171/152/139 170/151/138 172/153/140
f 175/156/143 173/154/141 172/153/140 174/155/142
f 161/141/131 177/158/144 176/157/80 158/140/80
f 177/158/144 179/160/145 178/159/80 176/157/80
f 179/160/145 181/162/146 180/161/80 178/159/80
f 249/164/147 182/163/80 180/161/80 181/162/146
f 182/163/80 249/164/147 183/166/149 381/165/148
f 381/165/148 185/168/151 184/167/150 182/163/80
f 185/168/151 187/170/153 186/169/152 184/167/150
f 187/170/153 189/172/155 188/171/154 186/169/152
f 189/172/155 191/174/157 190/173/156 188/171/154
f 117/113/159 118/114/158 161/141/131 160/142/132
f 192/175/160 117/113/159 160/142/132 163/144/133
f 193/176/161 192/175/160 163/144/133 165/146/134
f 194/177/162 193/176/161 165/146/134 167/148/135
f 167/148/135 169/150/137 195/178/163 194/177/162
f 196/179/164 195/178/163 169/150/137 171/152/139
f 197/180/165 196/179/164 171/152/139 173/154/141
f 198/181/166 197/180/165 173/154/141 175/156/143
f 118/114/158 199/182/144 177/158/144 161/141/131
f 199/182/144 200/183/145 179/160/145 177/158/144
f 200/183/145 201/184/167 181/162/146 179/160/145
f 204/188/169 205/187/168 202/186/80 203/185/80
f 207/190/170 204/188/169 203/185/80 206/189/80
f 209/192/171 207/190/170 206/189/80 208/191/80
f 211/194/173 209/192/171 208/191/80 210/193/172
f 212/196/175 213/195/174 210/193/172
f 213/195/174 250/197/176 211/194/173 210/193/172
f 215/199/178 213/195/174 212/196/175 214/198/177
f 217/201/180 215/199/178 214/198/177 216/200/179
f 219/203/182 217/201/180 216/200/179 218/202/181
f 205/187/168 221/205/183 220/204/80 202/186/80
f 221/205/183 223/207/184 222/206/80 220/204/80
f 223/207/184 225/209/185 224/208/80 222/206/80
f 225/209/185 227/211/186 226/210/80 224/208/80
f 227/211/186 229/213/188 228/212/187 226/210/80
f 229/213/188 231/215/190 230/214/189 228/212/187
f 231/215/190 233/217/192 232/216/191 230/214/189
f 233/217/192 235/219/194 234/218/193 232/216/191
f 236/221/196 237/220/195 205/187/168 204/188/169
f 238/222/197 236/221/196 204/188/169 207/190/170
f 239/223/198 238/222/197 207/190/170 209/192/171
f 240/224/199 239/223/198 209/192/171 211/194/173
f 237/220/195 241/225/200 221/205/183 205/187/168
f 241/225/200 242/226/184 223/207/184 221/205/183
f 242/226/184 243/227/185 225/209/185 223/207/184
f 243/227/185 244/228/201 227/211/186 225/209/185
f 244/228/201 245/229/202 229/213/188 227/211/186
f 245/229/202 246/230/203 231/215/190 229/213/188
f 246/230/203 247/231/204 233/217/192 231/215/190
f 247/231/204 248/232/205 235/219/194 233/217/192
f 241/225/200 76/106/80 77/104/80 242/226/184
f 242/226/184 77/104/80 78/102/80 243/227/185
f 243/227/185 78/102/80 79/100/80 244/228/201
f 80/98/206 245/229/202 244/228/201 79/100/80
f 81/95/207 246/230/203 245/229/202 80/98/206
f 82/96/208 247/231/204 246/230/203 81/95/207
f 82/96/208 262/233/209 248/232/205 247/231/204
f 249/164/147 181/162/146 201/184/167 183/166/149
f 250/197/176 240/224/199 211/194/173
f 241/225/200 237/220/195 251/234/210
f 251/234/210 75/108/211 76/106/80 241/225/200
f 75/108/211 251/234/210 252/235/213 74/110/212
f 256/239/217 258/238/216 259/237/215 255/236/214
f 254/243/221 260/242/220 261/241/219 253/240/218
f 255/236/214 259/237/215 260/242/220 254/243/221
f 198/181/166 262/233/209 82/96/208 83/93/222 197/180/165
f 251/234/210 263/245/224 264/244/223 252/235/213
f 255/236/214 265/247/226 266/246/225 256/239/217
f 252/235/213 264/244/223 310/248/227
f 252/235/213 310/248/227 267/249/228 253/240/218
f 253/240/218 267/249/228 268/250/229 254/243/221
f 254/243/221 268/250/229 265/247/226 255/236/214
f 213/195/174 269/252/231 270/251/230 250/197/176
f 215/199/178 271/253/232 269/252/231 213/195/174
f 217/201/180 272/254/233 271/253/232 215/199/178
f 219/203/182 273/255/234 272/254/233 217/201/180
f 236/221/196 238/222/197 263/245/224
f 238/222/197 239/223/198 263/245/224
f 240/224/199 1362/256/235 263/245/224 239/223/198
f 250/197/176 270/251/230 1362/256/235 240/224/199
f 236/221/196 263/245/224 251/234/210 237/220/195
f 120/131/239 274/258/238 275/257/237 119/112/236
f 274/258/238 372/260/241 373/259/240 275/257/237
f 200/183/145 199/182/144 275/257/237
f 374/261/242 201/184/167 275/257/237 373/259/240
f 201/184/167 200/183/145 275/257/237
f 201/184/167 374/261/242 375/262/243 183/166/149
f 199/182/144 118/114/158 119/112/236 275/257/237
f 183/166/149 375/262/243 380/263/244 381/165/148
f 185/168/151 376/265/246 377/264/245 187/170/153
f 187/170/153 377/264/245 378/266/247 189/172/155
f 189/172/155 378/266/247 379/267/248 191/174/157
f 288/270/251 276/269/250 372/260/241 287/268/249
f 274/258/238 285/272/253 286/271/252 372/260/241
f 286/271/252 287/268/249 372/260/241
f 284/276/257 336/275/256 289/274/255 317/273/254
f 128/118/259 124/119/258 289/274/255 336/275/256
f 265/247/226 290/278/261 291/277/260 266/246/225
f 267/249/228 312/280/263 292/279/262
f 311/281/264 312/280/263 267/249/228 310/248/227
f 267/249/228 292/279/262 293/282/265 268/250/229
f 268/250/229 293/282/265 290/278/261 265/247/226
f 269/252/231 294/284/267 295/283/266 270/251/230
f 271/253/232 296/285/268 294/284/267 269/252/231
f 272/254/233 297/286/269 296/285/268 271/253/232
f 273/255/234 298/287/270 297/286/269 272/254/233
f 270/251/230 295/283/266 299/288/271 1362/256/235
f 290/278/261 300/290/273 301/289/272 291/277/260
f 302/292/275 292/279/262 312/280/263 313/291/274
f 292/279/262 302/292/275 303/293/276 293/282/265
f 293/282/265 303/293/276 300/290/273 290/278/261
f 294/284/267 304/295/278 305/294/277 295/283/266
f 296/285/268 306/296/279 304/295/278 294/284/267
f 297/286/269 307/297/280 306/296/279 296/285/268
f 298/287/270 308/298/281 307/297/280 297/286/269
f 295/283/266 305/294/277 309/299/282 299/288/271
f 315/302/285 277/301/284 276/269/250 314/300/283
f 316/304/287 278/303/286 277/301/284 315/302/285
f 318/305/288 285/272/253 284/276/257 317/273/254
f 320/307/290 288/270/251 287/268/249 319/306/289
f 314/300/283 276/269/250 288/270/251 320/307/290
f 319/306/289 287/268/249 286/271/252 321/308/291
f 321/308/291 286/271/252 285/272/253 318/305/288
f 331/310/294 323/309/293 84/111/292 74/110/212 324/311/295
f 74/110/212 252/235/213 325/312/296 324/311/295
f 326/313/297 325/312/296 252/235/213
f 326/313/297 252/235/213 253/240/218 327/314/298
f 328/315/299 327/314/298 253/240/218
f 328/315/299 253/240/218 261/241/219 329/316/300
f 261/241/219 322/318/301 330/317/301 329/316/300
f 330/317/301 322/318/301 323/309/293 331/310/294
f 332/319/304 329/316/303 330/317/302
f 331/310/306 333/320/305 332/319/304 330/317/302
f 333/320/305 331/310/306 324/311/307
f 325/312/310 326/313/309 334/321/308
f 334/321/308 333/320/305 324/311/307 325/312/310
f 335/322/311 332/319/304 333/320/305 334/321/308
f 327/314/312 335/322/311 334/321/308 326/313/309
f 328/315/313 329/316/303 332/319/304 335/322/311
f 327/314/312 328/315/313 335/322/311
f 284/276/257 121/116/314 336/275/256
f 336/275/256 121/116/314 128/118/259
f 347/323/315 121/116/314 284/276/257 285/272/253
f 285/272/253 345/325/317 346/324/316 347/323/315
f 338/329/321 337/328/320 342/327/319 341/326/318
f 337/328/320 344/331/323 343/330/322 342/327/319
f 339/333/325 338/329/321 341/326/318 340/332/324
f 345/325/317 343/330/322 344/331/323 346/324/316
f 343/330/322 345/325/317 348/334/326 342/327/319
f 349/336/328 350/335/327 342/327/319 348/334/326
f 341/326/318 342/327/319 350/335/327 129/136/329
f 340/332/324 341/326/318 129/136/329
f 130/129/330 121/116/314 339/333/325
f 130/129/330 339/333/325 340/332/324 129/136/329
f 338/329/321 339/333/325 121/116/314 347/323/315
f 347/323/315 337/328/320 338/329/321
f 344/331/323 337/328/320 347/323/315 346/324/316
f 345/325/317 285/272/253 274/258/238 348/334/326
f 274/258/238 350/335/327 349/336/328 348/334/326
f 120/131/239 129/136/329 350/335/327 274/258/238
f 278/340/286 316/339/287 351/338/332 279/337/331
f 356/344/336 357/343/335 352/342/334 280/341/333
f 357/343/335 356/344/336 279/337/331 351/338/332
f 280/341/333 352/342/334 353/346/338 281/345/337
f 281/345/337 353/346/338 354/348/340 282/347/339
f 282/347/339 354/348/340 355/350/342 283/349/341
f 359/354/346 365/353/345 366/352/344 358/351/343
f 360/356/348 367/355/347 365/353/345 359/354/346
f 362/360/352 368/359/351 369/358/350 361/357/349
f 363/362/354 370/361/353 368/359/351 362/360/352
f 364/364/356 371/363/355 370/361/353 363/362/354
f 361/357/349 369/358/350 367/355/347 360/356/348
f 365/353/345 351/338/332 316/339/287 366/352/344
f 351/338/332 365/353/345 367/355/347 357/343/335
f 352/342/334 369/358/350 368/359/351 353/346/338
f 353/346/338 368/359/351 370/361/353 354/348/340
f 354/348/340 370/361/353 371/363/355 355/350/342
f 357/343/335 367/355/347 369/358/350 352/342/334
f 372/260/241 276/269/250 277/301/284 373/259/240
f 373/259/240 277/301/284 278/303/286 374/261/242
f 374/261/242 278/303/286 279/365/331 375/262/243
f 356/366/336 380/263/244 375/262/243 279/365/331
f 380/263/244 356/366/336 280/367/333 376/265/246
f 376/265/246 280/367/333 281/368/337 377/264/245
f 282/369/339 378/266/247 377/264/245 281/368/337
f 283/370/341 379/267/248 378/266/247 282/369/339
f 376/265/246 185/168/151 381/165/148 380/263/244
f 359/354/346 358/351/343 382/372/358 383/371/357
f 383/371/357 382/372/358 384/374/360 385/373/359
f 385/373/359 384/374/360 386/376/362 387/375/361
f 387/375/361 386/376/362 388/378/364 389/377/363
f 389/377/363 388/378/364 390/380/366 391/379/365
f 391/379/365 390/380/366 392/382/368 393/381/367
f 318/383/288 392/382/368 390/380/366
f 393/381/367 392/382/368 394/385/370 395/384/369
f 392/382/368 318/383/288 317/386/254 394/385/370
f 359/354/346 396/388/372 397/387/371 360/356/348
f 361/357/349 398/390/374 399/389/373 362/360/352
f 362/360/352 399/389/373 400/391/375 363/362/354
f 363/362/354 400/391/375 401/392/376 364/364/356
f 360/356/348 397/387/371 398/390/374 361/357/349
f 383/371/357 402/393/377 396/388/372 359/354/346
f 385/373/359 403/394/378 402/393/377 383/371/357
f 387/375/361 404/395/379 403/394/378 385/373/359
f 389/377/363 405/396/380 404/395/379 387/375/361
f 391/379/365 406/397/381 405/396/380 389/377/363
f 393/381/367 407/398/382 406/397/381 391/379/365
f 396/388/372 409/400/384 410/399/383 397/387/371
f 398/390/374 411/402/386 412/401/385 399/389/373
f 399/389/373 412/401/385 413/403/387 400/391/375
f 400/391/375 413/403/387 414/404/388 401/392/376
f 397/387/371 410/399/383 411/402/386 398/390/374
f 402/393/377 415/405/389 409/400/384 396/388/372
f 403/394/378 416/406/390 415/405/389 402/393/377
f 404/395/379 417/407/391 416/406/390 403/394/378
f 405/396/380 418/408/392 417/407/391 404/395/379
f 406/397/381 419/409/393 418/408/392 405/396/380
f 407/398/382 420/410/394 419/409/393 406/397/381
f 408/414/398 421/413/397 1350/412/396 1351/411/395
f 427/418/399 424/417/400 289/416/400 124/415/399
f 428/420/401 427/418/399 124/415/399 122/419/401
f 429/422/402 428/420/401 122/419/401 123/421/402
f 125/423/403 429/422/402 123/421/402
f 289/416/400 424/417/400 317/424/404
f 426/428/405 425/427/406 435/426/406 434/425/405
f 425/427/406 423/430/407 436/429/407 435/426/406
f 423/430/407 422/432/408 437/431/408 436/429/407
f 438/433/410 437/431/408 422/432/408 424/417/409
f 439/434/411 438/433/410 424/417/409
f 439/434/411 424/417/409 427/418/412 440/435/412
f 428/420/413 441/436/413 440/435/412 427/418/412
f 429/422/414 442/437/414 441/436/413 428/420/413
f 443/438/415 442/437/414 429/422/414 125/423/415
f 444/440/417 443/438/415 125/423/415 978/439/416
f 445/443/419 978/439/416 430/442/418 446/441/418
f 445/443/419 444/440/417 978/439/416
f 430/442/418 431/445/420 447/444/420 446/441/418
f 431/445/420 432/447/421 448/446/421 447/444/420
f 432/447/421 433/449/422 449/448/422 448/446/421
f 450/453/424 304/452/278 306/451/279 452/450/423
f 452/450/423 306/451/279 307/455/280 453/454/425
f 453/454/425 307/455/280 308/457/281 454/456/426
f 455/461/427 309/460/282 305/459/277 451/458/427
f 456/463/429 453/454/425 454/456/426 457/462/428
f 453/454/425 459/465/431 458/464/430 452/450/423
f 460/466/432 459/465/431 453/454/425 456/463/429
f 456/463/429 461/468/434 462/467/433 460/466/432
f 461/468/434 463/470/436 464/469/435 462/467/433
f 463/470/436 465/472/438 466/471/437 464/469/435
f 461/468/434 456/463/429 457/462/428
f 463/470/436 461/468/434 457/462/428 467/473/439
f 465/472/438 463/470/436 467/473/439 468/474/440
f 469/478/444 475/477/443 476/476/442 470/475/441
f 471/480/446 477/479/445 475/477/443 469/478/444
f 470/475/441 476/476/442 478/482/448 1363/481/447
f 475/477/443 479/484/450 480/483/449 476/476/442
f 477/479/445 481/485/451 479/484/450 475/477/443
f 476/476/442 480/483/449 482/486/452 478/482/448
f 479/484/450 483/488/454 484/487/453 480/483/449
f 481/485/451 485/489/437 483/488/454 479/484/450
f 480/483/449 484/487/453 486/490/455 482/486/452
f 473/492/457 474/491/456 477/479/445
f 472/493/458 473/492/457 477/479/445 471/480/446
f 481/485/451 477/479/445 474/491/456 487/494/459
f 485/489/437 481/485/451 487/494/459 488/495/437
f 452/450/461 471/480/461 469/478/460 450/453/460
f 451/458/462 470/475/462 1363/481/462 455/461/462
f 458/464/463 472/493/463 471/480/461 452/450/461
f 459/465/464 473/492/464 472/493/463 458/464/463
f 460/466/466 474/491/465 473/492/464 459/465/464
f 460/466/466 462/467/467 474/491/465
f 464/469/468 487/494/468 474/491/465 462/467/467
f 466/471/469 488/495/469 487/494/468 464/469/468
f 870/498/470 865/497/471 871/496/470
f 871/496/470 872/500/472 869/499/472 870/498/470
f 490/504/476 489/503/475 493/502/474 494/501/473
f 489/503/475 491/506/478 495/505/477 493/502/474
f 491/506/478 492/508/479 496/507/477 495/505/477
f 494/501/473 493/502/474 497/510/481 498/509/480
f 493/502/474 495/505/477 499/511/482 497/510/481
f 495/505/477 496/507/477 500/512/483 499/511/482
f 498/509/480 497/510/481 501/514/485 502/513/484
f 497/510/481 499/511/482 503/515/486 501/514/485
f 499/511/482 500/512/483 504/516/486 503/515/486
f 502/513/484 501/514/485 505/518/488 506/517/487
f 501/514/485 503/515/486 507/519/489 505/518/488
f 503/515/486 504/516/486 508/520/489 507/519/489
f 490/504/476 494/501/473 302/522/275 313/521/274
f 494/501/473 498/509/480 303/523/276 302/522/275
f 498/509/480 502/513/484 300/524/273 303/523/276
f 502/513/484 506/517/487 301/525/272 300/524/273
f 509/529/87 512/528/491 511/527/490 510/526/87
f 510/526/87 511/527/490 514/531/492 513/530/87
f 513/530/87 514/531/492 516/533/493 515/532/87
f 515/532/87 516/533/493 518/535/494 517/534/87
f 517/534/87 518/535/494 520/537/496 519/536/495
f 519/536/495 520/537/496 522/539/498 521/538/497
f 521/538/497 522/539/498 524/541/500 523/540/499
f 523/540/499 524/541/500 526/543/502 525/542/501
f 527/545/87 528/544/503 512/528/491 509/529/87
f 529/547/87 530/546/504 528/544/503 527/545/87
f 531/549/87 532/548/505 530/546/504 529/547/87
f 531/549/87 533/551/87 602/550/506 532/548/505
f 534/553/508 602/550/506 533/551/87 753/552/507
f 535/555/510 536/554/509 753/552/507 533/551/87
f 537/557/512 538/556/511 536/554/509 535/555/510
f 539/559/514 540/558/513 538/556/511 537/557/512
f 541/561/516 542/560/515 540/558/513 539/559/514
f 512/528/491 544/563/518 543/562/517 511/527/490
f 511/527/490 543/562/517 545/564/519 514/531/492
f 514/531/492 545/564/519 546/565/520 516/533/493
f 516/533/493 546/565/520 547/566/521 518/535/494
f 548/567/522 520/537/496 518/535/494 547/566/521
f 520/537/496 548/567/522 549/568/523 522/539/498
f 522/539/498 549/568/523 550/569/524 524/541/500
f 524/541/500 550/569/524 551/570/525 526/543/502
f 528/544/503 552/571/503 544/563/518 512/528/491
f 530/546/504 553/572/504 552/571/503 528/544/503
f 532/548/505 554/573/526 553/572/504 530/546/504
f 555/577/87 558/576/528 557/575/527 556/574/87
f 556/574/87 557/575/527 560/579/529 559/578/87
f 559/578/87 560/579/529 562/581/530 561/580/87
f 561/580/87 562/581/530 564/583/532 563/582/531
f 565/585/534 563/582/531 566/584/533
f 564/583/532 603/586/535 566/584/533 563/582/531
f 565/585/534 566/584/533 568/588/537 567/587/536
f 567/587/536 568/588/537 570/590/539 569/589/538
f 569/589/538 570/590/539 572/592/541 571/591/540
f 573/594/87 574/593/542 558/576/528 555/577/87
f 575/596/87 576/595/543 574/593/542 573/594/87
f 577/598/87 578/597/544 576/595/543 575/596/87
f 579/600/87 580/599/545 578/597/544 577/598/87
f 581/602/547 582/601/546 580/599/545 579/600/87
f 583/604/549 584/603/548 582/601/546 581/602/547
f 585/606/551 586/605/550 584/603/548 583/604/549
f 587/608/553 588/607/552 586/605/550 585/606/551
f 558/576/528 590/610/555 589/609/554 557/575/527
f 557/575/527 589/609/554 591/611/556 560/579/529
f 560/579/529 591/611/556 592/612/557 562/581/530
f 562/581/530 592/612/557 593/613/558 564/583/532
f 574/593/542 594/614/559 590/610/555 558/576/528
f 576/595/543 595/615/543 594/614/559 574/593/542
f 578/597/544 596/616/544 595/615/543 576/595/543
f 580/599/545 597/617/545 596/616/544 578/597/544
f 582/601/546 598/618/560 597/617/545 580/599/545
f 584/603/548 599/619/561 598/618/560 582/601/546
f 586/605/550 600/620/562 599/619/561 584/603/548
f 588/607/552 601/621/563 600/620/562 586/605/550
f 623/623/87 622/622/87 594/614/559 595/615/543
f 624/624/87 623/623/87 595/615/543 596/616/544
f 625/625/87 624/624/87 596/616/544 597/617/545
f 597/617/545 598/618/560 626/626/564 625/625/87
f 598/618/560 599/619/561 627/627/565 626/626/564
f 599/619/561 600/620/562 628/628/566 627/627/565
f 601/621/563 629/629/567 628/628/566 600/620/562
f 554/573/526 532/548/505 602/550/506 534/553/508
f 603/586/535 564/583/532 593/613/558
f 544/563/518 604/630/568 543/562/517
f 594/614/559 605/631/569 590/610/555
f 622/622/87 621/632/570 605/631/569 594/614/559
f 606/634/572 605/631/569 621/632/570 620/633/571
f 617/638/576 616/637/575 614/636/574 612/635/573
f 619/642/580 618/641/579 610/640/578 608/639/577
f 618/641/579 617/638/576 612/635/573 610/640/578
f 628/628/566 629/629/567 551/570/525 550/569/524
f 631/644/582 630/643/581 605/631/569 606/634/572
f 633/646/584 632/645/583 612/635/573 614/636/574
f 606/634/572 679/647/585 631/644/582
f 634/648/586 679/647/585 606/634/572 608/639/577
f 635/649/587 634/648/586 608/639/577 610/640/578
f 632/645/583 635/649/587 610/640/578 612/635/573
f 637/651/589 636/650/588 566/584/533 603/586/535
f 636/650/588 638/652/590 568/588/537 566/584/533
f 638/652/590 639/653/591 570/590/539 568/588/537
f 639/653/591 640/654/592 572/592/541 570/590/539
f 589/609/554 630/643/581 591/611/556
f 591/611/556 630/643/581 592/612/557
f 630/643/581 1366/655/593 593/613/558 592/612/557
f 1366/655/593 637/651/589 603/586/535 593/613/558
f 605/631/569 630/643/581 589/609/554 590/610/555
f 642/658/596 641/657/595 607/656/594 604/630/568
f 745/660/598 744/659/597 641/657/595 642/658/596
f 553/572/504 642/658/596 552/571/503
f 642/658/596 554/573/526 746/661/599 745/660/598
f 554/573/526 642/658/596 553/572/504
f 747/662/600 746/661/599 554/573/526 534/553/508
f 604/630/568 544/563/518 552/571/503 642/658/596
f 752/663/601 747/662/600 534/553/508 753/552/507
f 749/665/603 748/664/602 536/554/509 538/556/511
f 750/666/604 749/665/603 538/556/511 540/558/513
f 751/667/605 750/666/604 540/558/513 542/560/515
f 744/659/597 643/670/608 655/669/607 654/668/606
f 653/672/610 652/671/609 641/657/595 744/659/597
f 653/672/610 744/659/597 654/668/606
f 657/676/614 705/675/613 651/674/612 686/673/611
f 657/676/614 656/678/616 706/677/615 705/675/613
f 662/680/618 661/679/617 632/645/583 633/646/584
f 634/648/586 663/682/620 681/681/619
f 634/648/586 681/681/619 680/683/621 679/647/585
f 664/684/622 663/682/620 634/648/586 635/649/587
f 661/679/617 664/684/622 635/649/587 632/645/583
f 666/686/624 665/685/623 636/650/588 637/651/589
f 665/685/623 667/687/625 638/652/590 636/650/588
f 667/687/625 668/688/626 639/653/591 638/652/590
f 668/688/626 669/689/627 640/654/592 639/653/591
f 1365/690/628 666/686/624 637/651/589 1366/655/593
f 671/692/630 670/691/629 661/679/617 662/680/618
f 681/681/619 663/682/620 672/694/632 682/693/631
f 673/695/633 672/694/632 663/682/620 664/684/622
f 670/691/629 673/695/633 664/684/622 661/679/617
f 675/697/635 674/696/634 665/685/623 666/686/624
f 674/696/634 676/698/636 667/687/625 665/685/623
f 676/698/636 677/699/637 668/688/626 667/687/625
f 677/699/637 678/700/638 669/689/627 668/688/626
f 1367/701/639 675/697/635 666/686/624 1365/690/628
f 643/670/608 644/704/642 684/703/641 683/702/640
f 644/704/642 645/706/644 685/705/643 684/703/641
f 651/674/612 652/671/609 687/707/645 686/673/611
f 654/668/606 655/669/607 689/709/647 688/708/646
f 655/669/607 643/670/608 683/702/640 689/709/647
f 653/672/610 654/668/606 688/708/646 690/710/648
f 652/671/609 653/672/610 690/710/648 687/707/645
f 700/713/649 693/712/650 620/633/571 692/711/649
f 694/714/651 606/634/572 620/633/571 693/712/650
f 695/715/652 606/634/572 694/714/651
f 608/639/577 606/634/572 695/715/652 696/716/653
f 697/717/654 608/639/577 696/716/653
f 619/642/580 608/639/577 697/717/654 698/718/655
f 699/720/656 691/719/656 619/642/580 698/718/655
f 692/711/649 691/719/656 699/720/656 700/713/649
f 701/721/659 699/720/658 698/718/657
f 701/721/659 702/722/661 700/713/660 699/720/658
f 702/722/661 693/712/662 700/713/660
f 694/714/665 703/723/664 695/715/663
f 693/712/662 702/722/661 703/723/664 694/714/665
f 702/722/661 701/721/659 704/724/666 703/723/664
f 703/723/664 704/724/666 696/716/667 695/715/663
f 701/721/659 698/718/657 697/717/668 704/724/666
f 696/716/667 704/724/666 697/717/668
f 651/674/612 705/675/613 609/725/669
f 705/675/613 706/677/615 609/725/669
f 651/674/612 609/725/669 718/726/670 652/671/609
f 717/728/672 716/727/671 652/671/609 718/726/670
f 712/732/676 707/731/675 708/730/674 711/729/673
f 713/734/678 714/733/677 707/731/675 712/732/676
f 711/729/673 708/730/674 709/736/680 710/735/679
f 714/733/677 713/734/678 716/727/671 717/728/672
f 719/737/681 716/727/671 713/734/678 712/732/676
f 712/732/676 721/739/683 720/738/682 719/737/681
f 721/739/683 712/732/676 711/729/673 715/740/684
f 710/735/679 715/740/684 711/729/673
f 722/741/685 709/736/680 609/725/669
f 710/735/679 709/736/680 722/741/685 715/740/684
f 609/725/669 709/736/680 708/730/674 718/726/670
f 718/726/670 708/730/674 707/731/675
f 718/726/670 707/731/675 714/733/677 717/728/672
f 641/657/595 652/671/609 716/727/671 719/737/681
f 720/738/682 721/739/683 641/657/595 719/737/681
f 721/739/683 715/740/684 607/656/594 641/657/595
f 723/745/687 685/744/643 645/743/644 646/742/686
f 724/749/691 729/748/690 728/747/689 647/746/688
f 646/742/686 728/747/689 729/748/690 723/745/687
f 725/751/693 724/749/691 647/746/688 648/750/692
f 726/753/695 725/751/693 648/750/692 649/752/694
f 727/755/697 726/753/695 649/752/694 650/754/696
f 738/759/701 737/758/700 731/757/699 730/756/698
f 737/758/700 739/761/703 732/760/702 731/757/699
f 741/765/707 740/764/706 734/763/705 733/762/704
f 740/764/706 742/767/709 735/766/708 734/763/705
f 742/767/709 743/769/711 736/768/710 735/766/708
f 739/761/703 741/765/707 733/762/704 732/760/702
f 685/744/643 723/745/687 737/758/700 738/759/701
f 739/761/703 737/758/700 723/745/687 729/748/690
f 740/764/706 741/765/707 724/749/691 725/751/693
f 742/767/709 740/764/706 725/751/693 726/753/695
f 743/769/711 742/767/709 726/753/695 727/755/697
f 741/765/707 739/761/703 729/748/690 724/749/691
f 644/704/642 643/670/608 744/659/597 745/660/598
f 645/706/644 644/704/642 745/660/598 746/661/599
f 646/770/686 645/706/644 746/661/599 747/662/600
f 747/662/600 752/663/601 728/771/689 646/770/686
f 647/772/688 728/771/689 752/663/601 748/664/602
f 648/773/692 647/772/688 748/664/602 749/665/603
f 749/665/603 750/666/604 649/774/694 648/773/692
f 750/666/604 751/667/605 650/775/696 649/774/694
f 753/552/507 536/554/509 748/664/602 752/663/601
f 754/777/713 730/756/698 731/757/699 755/776/712
f 756/779/715 754/777/713 755/776/712 757/778/714
f 758/781/717 756/779/715 757/778/714 759/780/716
f 760/783/719 758/781/717 759/780/716 761/782/718
f 762/785/721 760/783/719 761/782/718 763/784/720
f 764/787/723 762/785/721 763/784/720 765/786/722
f 687/788/645 762/785/721 764/787/723
f 766/790/725 764/787/723 765/786/722 767/789/724
f 686/791/611 687/788/645 764/787/723 766/790/725
f 769/793/727 768/792/726 731/757/699 732/760/702
f 771/795/729 770/794/728 733/762/704 734/763/705
f 772/796/730 771/795/729 734/763/705 735/766/708
f 773/797/731 772/796/730 735/766/708 736/768/710
f 770/794/728 769/793/727 732/760/702 733/762/704
f 768/792/726 774/798/732 755/776/712 731/757/699
f 774/798/732 775/799/733 757/778/714 755/776/712
f 775/799/733 776/800/734 759/780/716 757/778/714
f 776/800/734 777/801/735 761/782/718 759/780/716
f 777/801/735 778/802/736 763/784/720 761/782/718
f 778/802/736 779/803/737 765/786/722 763/784/720
f 1359/806/740 1360/805/739 1361/804/738
f 1359/806/740 1361/804/738 1357/808/742 1358/807/741
f 410/399/383 409/400/384 768/792/726 769/793/727
f 412/401/385 411/402/386 770/794/728 771/795/729
f 413/403/387 412/401/385 771/795/729 772/796/730
f 414/404/388 413/403/387 772/796/730 773/797/731
f 411/402/386 410/399/383 769/793/727 770/794/728
f 409/400/384 415/405/389 774/798/732 768/792/726
f 415/405/389 416/406/390 775/799/733 774/798/732
f 416/406/390 417/407/391 776/800/734 775/799/733
f 417/407/391 418/408/392 777/801/735 776/800/734
f 418/408/392 419/409/393 778/802/736 777/801/735
f 419/409/393 420/410/394 779/803/737 778/802/736
f 420/410/394 1356/810/743 1357/809/742 779/803/737
f 657/814/745 783/813/745 785/812/744 656/811/744
f 656/811/744 785/812/744 786/816/746 611/815/746
f 611/815/746 786/816/746 787/818/747 613/817/747
f 658/819/748 613/817/747 787/818/747
f 657/814/745 686/820/749 783/813/745
f 791/822/750 784/821/750 426/428/405 434/425/405
f 792/824/751 782/823/751 784/821/750 791/822/750
f 793/826/752 781/825/752 782/823/751 792/824/751
f 781/825/752 793/826/752 794/827/754 783/813/753
f 795/828/755 783/813/753 794/827/754
f 785/812/756 783/813/753 795/828/755 796/829/756
f 796/829/756 797/830/757 786/816/757 785/812/756
f 797/830/757 798/831/758 787/818/758 786/816/757
f 787/818/758 798/831/758 799/832/759 658/819/759
f 800/835/762 801/834/761 977/833/760
f 800/835/762 977/833/760 658/819/759 799/832/759
f 788/837/763 977/833/760 801/834/761 802/836/763
f 803/839/764 789/838/764 788/837/763 802/836/763
f 804/841/765 790/840/765 789/838/764 803/839/764
f 449/448/422 433/449/422 790/840/765 804/841/765
f 676/845/636 674/844/634 805/843/767 807/842/766
f 677/847/637 676/845/636 807/842/766 808/846/768
f 678/849/638 677/847/637 808/846/768 809/848/769
f 675/853/635 1367/852/639 810/851/770 806/850/770
f 809/848/769 808/846/768 811/855/772 812/854/771
f 813/857/774 814/856/773 808/846/768 807/842/766
f 808/846/768 814/856/773 815/858/775 811/855/772
f 817/860/777 816/859/776 811/855/772 815/858/775
f 819/862/779 818/861/778 816/859/776 817/860/777
f 466/471/437 465/472/438 818/861/778 819/862/779
f 816/859/776 812/854/771 811/855/772
f 812/854/771 816/859/776 818/861/778 820/863/780
f 820/863/780 818/861/778 465/472/438 468/474/440
f 828/867/784 827/866/783 821/865/782 822/864/781
f 827/866/783 829/869/786 823/868/785 821/865/782
f 830/871/788 828/867/784 822/864/781 1368/870/787
f 832/873/453 831/872/450 827/866/783 828/867/784
f 831/872/450 833/874/789 829/869/786 827/866/783
f 834/875/790 832/873/453 828/867/784 830/871/788
f 484/487/453 483/488/454 831/872/450 832/873/453
f 483/488/454 485/489/437 833/874/789 831/872/450
f 486/490/455 484/487/453 832/873/453 834/875/790
f 825/877/792 829/869/786 826/876/791
f 829/869/786 825/877/792 824/878/793 823/868/785
f 826/876/791 829/869/786 833/874/789 835/879/794
f 835/879/794 833/874/789 485/489/437 488/495/437
f 821/865/795 823/868/796 807/842/796 805/843/795
f 1368/870/797 822/864/797 806/850/797 810/851/797
f 823/868/796 824/878/798 813/857/798 807/842/796
f 824/878/798 825/877/799 814/856/799 813/857/798
f 825/877/799 826/876/801 815/858/800 814/856/799
f 815/858/800 826/876/801 817/860/802
f 826/876/801 835/879/803 819/862/803 817/860/802
f 835/879/803 488/495/469 466/471/469 819/862/803
f 836/881/805 830/871/788 1368/870/787 837/880/804
f 839/883/807 836/881/805 837/880/804 840/882/806
f 841/885/477 838/884/808 836/881/805 839/883/807
f 496/507/477 492/508/479 838/884/808 841/885/477
f 842/887/810 839/883/807 840/882/806 843/886/809
f 844/888/811 841/885/477 839/883/807 842/887/810
f 500/512/483 496/507/477 841/885/477 844/888/811
f 845/890/813 842/887/810 843/886/809 846/889/812
f 847/891/814 844/888/811 842/887/810 845/890/813
f 504/516/486 500/512/483 844/888/811 847/891/814
f 848/893/816 845/890/813 846/889/812 849/892/815
f 850/894/817 847/891/814 845/890/813 848/893/816
f 508/520/489 504/516/486 847/891/814 850/894/817
f 672/896/632 840/882/806 837/880/804 682/895/631
f 673/897/633 843/886/809 840/882/806 672/896/632
f 670/898/629 846/889/812 843/886/809 673/897/633
f 671/899/630 849/892/815 846/889/812 670/898/629
f 872/500/472 873/901/818 868/900/818 869/499/472
f 867/903/819 868/900/818 873/901/818 874/902/819
f 834/875/790 830/871/788 836/881/805 838/884/808
f 866/905/823 878/904/822 871/496/821 865/497/820
f 866/905/823 851/906/824 878/904/822
f 852/907/826 851/906/825 1363/481/447 478/482/448
f 853/908/827 852/907/826 478/482/448 482/486/452
f 854/909/828 853/908/827 482/486/452 486/490/455
f 860/911/830 859/910/829 492/508/479 491/506/478
f 492/508/479 859/910/829 858/912/831
f 492/508/479 858/912/831 857/914/833 856/913/832
f 486/490/455 492/508/479 856/913/832 855/915/834
f 854/909/828 486/490/455 855/915/834
f 861/916/835 860/911/830 491/506/478 489/503/475
f 1363/481/447 851/906/825 866/905/836
f 862/917/837 861/916/835 489/503/475 490/504/476
f 863/918/838 862/917/837 490/504/476
f 864/919/840 863/918/838 490/504/476 865/497/839
f 865/497/839 490/504/476 1363/481/447 866/905/836
f 859/910/844 860/911/843 881/921/842 882/920/841
f 860/911/843 861/916/846 880/922/845 881/921/842
f 879/923/848 880/922/845 861/916/846 862/917/847
f 882/920/841 857/914/850 858/912/849 859/910/844
f 863/918/852 864/919/851 879/923/848 862/917/847
f 851/906/824 852/907/854 877/924/853 878/904/822
f 852/907/854 853/908/856 876/925/855 877/924/853
f 856/913/857 867/903/819 874/902/819
f 856/913/861 874/902/860 875/926/859 855/915/858
f 854/909/862 855/915/858 875/926/859
f 853/908/856 854/909/862 875/926/859 876/925/855
f 874/902/860 873/901/863 876/925/855 875/926/859
f 873/901/863 872/500/864 877/924/853 876/925/855
f 872/500/864 871/496/821 878/904/822 877/924/853
f 879/923/848 864/919/851 865/497/866 870/498/865
f 880/922/845 879/923/848 870/498/865 869/499/867
f 881/921/842 880/922/845 869/499/867 868/900/868
f 882/920/841 881/921/842 868/900/868 867/903/869
f 857/914/850 882/920/841 867/903/869 856/913/870
f 315/930/874 883/929/873 366/928/872 316/927/871
f 314/932/876 884/931/875 883/929/873 315/930/874
f 320/934/878 885/933/877 884/931/875 314/932/876
f 319/936/880 886/935/879 885/933/877 320/934/878
f 321/938/882 390/937/881 886/935/879 319/936/880
f 390/937/881 321/938/882 318/939/883
f 358/941/885 366/928/872 883/929/873 382/940/884
f 382/940/884 883/929/873 884/931/875 384/942/886
f 384/942/886 884/931/875 885/933/877 386/943/887
f 386/943/887 885/933/877 886/935/879 388/944/888
f 390/937/881 388/944/888 886/935/879
f 738/928/892 887/929/891 684/930/890 685/927/889
f 887/929/891 888/931/894 683/932/893 684/930/890
f 888/931/894 889/933/896 689/934/895 683/932/893
f 889/933/896 890/935/898 688/936/897 689/934/895
f 890/935/898 762/937/900 690/938/899 688/936/897
f 762/937/900 687/939/901 690/938/899
f 887/929/891 738/928/892 730/941/903 754/940/902
f 888/931/894 887/929/891 754/940/902 756/942/904
f 889/933/896 888/931/894 756/942/904 758/943/905
f 890/935/898 889/933/896 758/943/905 760/944/906
f 762/937/900 890/935/898 760/944/906
f 258/948/216 256/947/217 891/946/908 892/945/907
f 257/950/910 258/948/216 892/945/907 893/949/909
f 894/954/914 978/953/913 125/952/912 126/951/911
f 127/956/916 257/950/910 893/949/909 895/955/915
f 256/947/217 266/958/225 896/957/917 891/946/908
f 126/951/911 127/956/916 895/955/915 894/954/914
f 266/958/225 291/960/260 897/959/918 896/957/917
f 291/960/260 301/962/272 898/961/919 897/959/918
f 892/945/907 891/946/908 899/964/921 900/963/920
f 893/949/909 892/945/907 900/963/920 901/965/922
f 978/953/913 894/954/914 902/966/923
f 895/955/915 893/949/909 901/965/922 903/967/924
f 891/946/908 896/957/917 904/968/925 899/964/921
f 894/954/914 895/955/915 903/967/924 902/966/923
f 896/957/917 897/959/918 905/969/926 904/968/925
f 898/961/919 905/969/926 897/959/918
f 898/961/919 301/962/272 506/970/487
f 900/963/920 899/964/921 906/972/928 907/971/927
f 901/965/922 900/963/920 907/971/927 908/973/929
f 909/975/931 430/974/930 978/953/913 902/966/923
f 903/967/924 901/965/922 908/973/929 910/976/932
f 899/964/921 904/968/925 911/977/933 906/972/928
f 902/966/923 903/967/924 910/976/932 909/975/931
f 904/968/925 905/969/926 912/978/934 911/977/933
f 905/969/926 898/961/919 913/979/935 912/978/934
f 506/970/487 913/979/935 898/961/919
f 907/971/927 906/972/928 914/981/937 915/980/936
f 908/973/929 907/971/927 915/980/936 916/982/938
f 430/974/930 909/975/931 917/984/940 431/983/939
f 910/976/932 908/973/929 916/982/938 918/985/941
f 906/972/928 911/977/933 919/986/942 914/981/937
f 909/975/931 910/976/932 918/985/941 917/984/940
f 911/977/933 912/978/934 920/987/943 919/986/942
f 912/978/934 913/979/935 921/988/944 920/987/943
f 915/980/936 914/981/937 922/990/946 923/989/945
f 916/982/938 915/980/936 923/989/945 924/991/947
f 431/983/939 917/984/940 925/993/949 432/992/948
f 918/985/941 916/982/938 924/991/947 926/994/950
f 914/981/937 919/986/942 927/995/951 922/990/946
f 917/984/940 918/985/941 926/994/950 925/993/949
f 919/986/942 920/987/943 928/996/952 927/995/951
f 920/987/943 921/988/944 929/997/953 928/996/952
f 923/989/945 922/990/946 930/999/946 931/998/954
f 924/991/947 923/989/945 931/998/954 932/1000/955
f 432/992/948 925/993/949 933/1002/957 433/1001/956
f 926/994/950 924/991/947 932/1000/955 934/1003/958
f 922/990/946 927/995/951 935/1004/959 930/999/946
f 925/993/949 926/994/950 934/1003/958 933/1002/957
f 927/995/951 928/996/952 936/1005/952 935/1004/959
f 928/996/952 929/997/953 937/1006/953 936/1005/952
f 921/988/944 913/979/935 506/970/487 505/1007/488
f 929/997/953 921/988/944 505/1007/488 507/1008/489
f 937/1006/953 929/997/953 507/1008/489 508/1009/489
f 938/1013/961 614/1012/574 616/1011/575 939/1010/960
f 939/1010/960 616/1011/575 615/1015/963 940/1014/962
f 658/1019/967 977/1018/966 941/1017/965 659/1016/964
f 940/1014/962 615/1015/963 660/1021/969 942/1020/968
f 943/1023/970 633/1022/584 614/1012/574 938/1013/961
f 942/1020/968 660/1021/969 659/1016/964 941/1017/965
f 944/1025/971 662/1024/618 633/1022/584 943/1023/970
f 945/1027/972 671/1026/630 662/1024/618 944/1025/971
f 946/1029/974 938/1013/961 939/1010/960 947/1028/973
f 947/1028/973 939/1010/960 940/1014/962 948/1030/975
f 948/1030/975 940/1014/962 942/1020/968 950/1031/976
f 951/1032/977 943/1023/970 938/1013/961 946/1029/974
f 950/1031/976 942/1020/968 941/1017/965 949/1033/978
f 952/1034/979 944/1025/971 943/1023/970 951/1032/977
f 945/1027/972 944/1025/971 952/1034/979
f 945/1027/972 849/1035/815 671/1026/630
f 953/1037/981 946/1029/974 947/1028/973 954/1036/980
f 954/1036/980 947/1028/973 948/1030/975 955/1038/982
f 977/1018/966 788/1040/984 956/1039/983 949/1033/978
f 941/1017/965 977/1018/966 949/1033/978
f 955/1038/982 948/1030/975 950/1031/976 957/1041/985
f 958/1042/986 951/1032/977 946/1029/974 953/1037/981
f 957/1041/985 950/1031/976 949/1033/978 956/1039/983
f 959/1043/987 952/1034/979 951/1032/977 958/1042/986
f 960/1044/988 945/1027/972 952/1034/979 959/1043/987
f 849/1035/815 945/1027/972 960/1044/988
f 961/1046/990 953/1037/981 954/1036/980 962/1045/989
f 962/1045/989 954/1036/980 955/1038/982 963/1047/991
f 964/1049/993 956/1039/983 788/1040/984 789/1048/992
f 963/1047/991 955/1038/982 957/1041/985 965/1050/994
f 966/1051/995 958/1042/986 953/1037/981 961/1046/990
f 965/1050/994 957/1041/985 956/1039/983 964/1049/993
f 967/1052/996 959/1043/987 958/1042/986 966/1051/995
f 968/1053/997 960/1044/988 959/1043/987 967/1052/996
f 969/1055/999 961/1046/990 962/1045/989 970/1054/998
f 970/1054/998 962/1045/989 963/1047/991 971/1056/1000
f 972/1058/1002 964/1049/993 789/1048/992 790/1057/1001
f 971/1056/1000 963/1047/991 965/1050/994 973/1059/1003
f 974/1060/1004 966/1051/995 961/1046/990 969/1055/999
f 973/1059/1003 965/1050/994 964/1049/993 972/1058/1002
f 975/1061/1005 967/1052/996 966/1051/995 974/1060/1004
f 976/1062/953 968/1053/997 967/1052/996 975/1061/1005
f 930/999/946 969/1055/999 970/1054/998 931/998/954
f 931/998/954 970/1054/998 971/1056/1000 932/1000/955
f 933/1002/957 972/1058/1002 790/1057/1001 433/1001/956
f 932/1000/955 971/1056/1000 973/1059/1003 934/1003/958
f 935/1004/959 974/1060/1004 969/1055/999 930/999/946
f 934/1003/958 973/1059/1003 972/1058/1002 933/1002/957
f 936/1005/952 975/1061/1005 974/1060/1004 935/1004/959
f 937/1006/953 976/1062/953 975/1061/1005 936/1005/952
f 849/1035/815 960/1044/988 968/1053/997 848/1063/816
f 848/1063/816 968/1053/997 976/1062/953 850/1064/817
f 850/1064/817 976/1062/953 937/1006/953 508/1009/489
f 982/1068/1009 981/1067/1008 979/1066/1007 980/1065/1006
f 984/1070/1011 983/1069/1010 981/1067/1008 982/1068/1009
f 984/1070/1011 982/1068/1009 985/1071/1012
f 989/1068/1016 987/1065/1015 986/1066/1014 988/1067/1013
f 991/1070/1018 989/1068/1016 988/1067/1013 990/1069/1017
f 991/1070/1018 992/1071/1019 989/1068/1016
f 995/1073/1021 982/1068/1009 980/1065/1006 994/1072/1020
f 995/1073/1021 985/1071/1012 982/1068/1009
f 989/1068/1016 995/1073/1021 994/1072/1020 987/1065/1015
f 992/1071/1019 985/1071/1012 995/1073/1021 989/1068/1016
f 990/1069/1017 983/1069/1010 984/1070/1011 991/1070/1018
f 1000/1075/1025 998/1075/1024 999/1074/1023 1001/1074/1022
f 996/1076/1026 983/1069/1010 990/1069/1017
f 981/1067/1008 983/1069/1010 996/1076/1026 997/1077/1027
f 979/1066/1007 981/1067/1008 997/1077/1027 993/1078/1028
f 988/1067/1013 997/1077/1027 996/1076/1026 990/1069/1017
f 986/1066/1014 993/1078/1028 997/1077/1027 988/1067/1013
f 984/1070/1030 985/1071/1029 999/1074/1023 998/1075/1024
f 992/1071/1032 991/1070/1031 1000/1075/1025 1001/1074/1022
f 985/1071/1029 992/1071/1032 1001/1074/1022 999/1074/1023
f 991/1070/1031 984/1070/1030 998/1075/1024 1000/1075/1025
f 1004/1082/1034 1005/1081/1034 1002/1080/1033 1003/1079/1033
f 1006/1084/1035 1007/1083/1035 1005/1081/1034 1004/1082/1034
f 1008/1086/1036 1009/1085/1036 1007/1083/1035 1006/1084/1035
f 1010/1088/1037 1011/1087/1037 1009/1085/1036 1008/1086/1036
f 1014/1092/1038 1015/1091/1039 1012/1090/1039 1013/1089/1038
f 1017/1094/1040 1014/1092/1038 1013/1089/1038 1016/1093/1040
f 1019/1096/1041 1017/1094/1040 1016/1093/1040 1018/1095/1041
f 1021/1098/1042 1019/1096/1041 1018/1095/1041 1020/1097/1042
f 1013/1089/1043 1012/1090/1044 1002/1080/1044 1005/1081/1043
f 1016/1093/1045 1013/1089/1043 1005/1081/1043 1007/1083/1045
f 1018/1095/1046 1016/1093/1045 1007/1083/1045 1009/1085/1046
f 1020/1097/1047 1018/1095/1046 1009/1085/1046 1011/1087/1047
f 1021/1098/1048 1020/1097/1048 1011/1087/1048 1010/1088/1048
f 1019/1096/1049 1021/1098/1050 1010/1088/1050 1008/1086/1049
f 1017/1094/1051 1019/1096/1049 1008/1086/1049 1006/1084/1051
f 1014/1092/1052 1017/1094/1051 1006/1084/1051 1004/1082/1052
f 1015/1091/1053 1014/1092/1052 1004/1082/1052 1003/1079/1053
f 1012/1090/1054 1015/1091/1054 1003/1079/1054 1002/1080/1054
f 1082/1102/1057 1024/1101/1056 1022/1100/1056 1023/1099/1055
f 1023/1099/1058 1022/1100/1059 1025/1104/1059 1026/1103/1058
f 1024/1101/1060 1082/1102/1061 1027/1106/1061 1028/1105/1060
f 1031/1109/1062 1032/1107/1062 1029/1108/1062 1030/1107/1062
f 1035/1111/1063 1033/1110/1063 1025/1104/1059 1022/1100/1059
f 1036/1110/1064 1035/1111/1064 1022/1100/1056 1024/1101/1056
f 1034/1112/1065 1036/1110/1065 1024/1101/1060 1028/1105/1060
f 1037/1114/1067 1080/1113/1066 1082/1102/1057 1023/1099/1055
f 1085/1116/1069 1083/1115/1068 1080/1113/1066 1037/1114/1067
f 1077/1118/1070 1076/1117/1070 1083/1115/1068 1085/1116/1069
f 1030/1107/1071 1029/1108/1071 1034/1112/1071 1033/1110/1071
f 1031/1109/1072 1030/1107/1072 1033/1110/1063 1035/1111/1063
f 1032/1107/1073 1031/1109/1073 1035/1111/1064 1036/1110/1064
f 1029/1108/1074 1032/1107/1074 1036/1110/1065 1034/1112/1065
f 1040/1122/1076 1041/1121/1076 1038/1120/1075 1039/1119/1075
f 1042/1124/1077 1043/1123/1077 1041/1121/1076 1040/1122/1076
f 1044/1126/1078 1045/1125/1078 1043/1123/1077 1042/1124/1077
f 1046/1128/1079 1047/1127/1079 1045/1125/1078 1044/1126/1078
f 1050/1132/1080 1051/1131/1081 1048/1130/1081 1049/1129/1080
f 1053/1124/1082 1050/1132/1080 1049/1129/1080 1052/1133/1082
f 1055/1135/1083 1053/1124/1082 1052/1133/1082 1054/1134/1083
f 1057/1137/1084 1055/1135/1083 1054/1134/1083 1056/1136/1084
f 1049/1129/1085 1048/1130/1086 1038/1120/1086 1041/1121/1085
f 1052/1133/1087 1049/1129/1085 1041/1121/1085 1043/1123/1087
f 1054/1134/1088 1052/1133/1087 1043/1123/1087 1045/1125/1088
f 1056/1136/1089 1054/1134/1088 1045/1125/1088 1047/1127/1089
f 1057/1137/1090 1056/1136/1090 1047/1127/1090 1046/1128/1090
f 1055/1135/1091 1057/1137/1092 1046/1128/1092 1044/1126/1091
f 1053/1124/1093 1055/1135/1091 1044/1126/1091 1042/1124/1093
f 1050/1132/1094 1053/1124/1093 1042/1124/1093 1040/1122/1094
f 1051/1131/1095 1050/1132/1094 1040/1122/1094 1039/1119/1095
f 1048/1130/1096 1051/1131/1096 1039/1119/1096 1038/1120/1096
f 1060/1141/1097 1061/1140/1098 1058/1139/1098 1059/1138/1097
f 1059/1138/1099 1058/1139/1100 1062/1143/1100 1063/1142/1099
f 1061/1140/1101 1060/1141/1102 1064/1145/1102 1065/1144/1101
f 1068/1148/1103 1069/1146/1103 1066/1147/1103 1067/1146/1103
f 1072/1150/1104 1070/1149/1104 1062/1143/1100 1058/1139/1100
f 1073/1151/1105 1072/1150/1105 1058/1139/1098 1061/1140/1098
f 1071/1152/1106 1073/1151/1106 1061/1140/1101 1065/1144/1101
f 1074/1154/1107 1075/1153/1107 1060/1141/1097 1059/1138/1097
f 1067/1146/1108 1066/1147/1108 1071/1152/1108 1070/1149/1108
f 1068/1148/1109 1067/1146/1109 1070/1149/1104 1072/1150/1104
f 1069/1146/1110 1068/1148/1110 1072/1150/1105 1073/1151/1105
f 1066/1147/1111 1069/1146/1111 1073/1151/1106 1071/1152/1106
f 1078/1156/1112 1079/1155/1112 1076/1117/1070 1077/1118/1070
f 1027/1106/1114 1082/1102/1057 1080/1113/1066 1081/1157/1113
f 1081/1157/1113 1080/1113/1066 1083/1115/1068 1084/1158/1115
f 1084/1158/1116 1083/1115/1116 1076/1117/1116 1079/1155/1116
f 1088/1162/1117 1089/1161/1117 1086/1160/1117 1087/1159/1117
f 1064/1145/1102 1060/1141/1102 1075/1153/1118 1090/1163/1118
f 1090/1163/1118 1075/1153/1118 1091/1165/1119 1092/1164/1119
f 1075/1153/1121 1074/1154/1121 1093/1166/1120 1091/1165/1120
f 1092/1164/1122 1091/1165/1122 1086/1160/1122 1089/1161/1122
f 1091/1165/1120 1093/1166/1120 1087/1159/1123 1086/1160/1123
f 159/1169/1126 158/1168/1125 1094/1167/1124
f 162/1170/1127 159/1169/1126 1094/1167/1124
f 164/1172/1129 162/1170/1127 1094/1167/1124 1095/1171/1128
f 166/1173/1130 164/1172/1129 1095/1171/1128
f 168/1175/1132 166/1173/1130 1095/1171/1128 1096/1174/1131
f 170/1176/1133 168/1175/1132 1096/1174/1131
f 172/1178/1134 170/1176/1133 1096/1174/1131 1097/1177/1134
f 174/1179/1135 172/1178/1134 1097/1177/1134
f 175/1183/1139 174/1182/1138 1097/1181/1137 1098/1180/1136
f 158/1168/1125 176/1184/1140 1094/1167/1124
f 176/1184/1140 178/1185/1141 1094/1167/1124
f 178/1185/1141 180/1187/1143 1099/1186/1142 1094/1167/1124
f 180/1187/1143 182/1188/1144 1099/1186/1142
f 182/1188/1144 184/1189/1145 1099/1186/1142
f 184/1189/1145 186/1191/1147 1100/1190/1146 1099/1186/1142
f 186/1191/1147 188/1192/1148 1100/1190/1146
f 188/1192/1148 190/1194/1149 1101/1193/1149 1100/1190/1146
f 191/1198/1150 379/1197/1152 1101/1196/1151 190/1195/1150
f 198/1199/1153 175/1183/1139 1098/1180/1136
f 203/1202/1156 202/1201/1155 1102/1200/1154
f 206/1204/1158 203/1202/1156 1102/1200/1154 1103/1203/1157
f 208/1205/1159 206/1204/1158 1103/1203/1157
f 210/1206/1160 208/1205/1159 1103/1203/1157
f 212/1208/1162 210/1206/1160 1103/1203/1157 1104/1207/1161
f 214/1209/1163 212/1208/1162 1104/1207/1161
f 216/1210/1164 214/1209/1163 1104/1207/1161
f 218/1212/1165 216/1210/1164 1104/1207/1161 1105/1211/1165
f 219/1215/1168 218/1214/1167 1105/1213/1166
f 202/1201/1155 220/1216/1169 1102/1200/1154
f 220/1216/1169 222/1218/1171 1106/1217/1170 1102/1200/1154
f 222/1218/1171 224/1219/1172 1106/1217/1170
f 224/1219/1172 226/1221/1174 1107/1220/1173 1106/1217/1170
f 226/1221/1174 228/1222/1175 1107/1220/1173
f 228/1222/1175 230/1223/1176 1107/1220/1173
f 230/1223/1176 232/1225/1177 1108/1224/1177 1107/1220/1173
f 232/1225/1177 234/1226/1178 1108/1224/1177
f 234/1229/1181 235/1228/1180 1108/1227/1179
f 235/1228/1180 248/1230/1182 1108/1227/1179
f 248/1230/1182 262/1232/1184 1109/1231/1183 1108/1227/1179
f 262/1232/1184 198/1199/1153 1098/1180/1136 1109/1231/1183
f 1105/1213/1166 457/1234/1186 454/1233/1185
f 1105/1213/1166 298/1236/1188 273/1235/1187 219/1215/1168
f 283/1238/1190 355/1237/1189 1101/1196/1151 379/1197/1152
f 1101/1196/1151 355/1237/1189 371/1240/1192 364/1239/1191
f 1105/1213/1166 454/1233/1185 308/1241/1193 298/1236/1188
f 1094/1167/80 1099/1186/80 1095/1171/80
f 1099/1186/80 1100/1190/80 1096/1174/80 1095/1171/80
f 1100/1190/80 1101/1193/80 1097/1177/80 1096/1174/80
f 1102/1200/80 1106/1217/80 1103/1203/80
f 1106/1217/80 1107/1220/80 1104/1207/80 1103/1203/80
f 1107/1220/80 1108/1224/80 1105/1211/80 1104/1207/80
f 1098/1180/1136 1097/1181/1137 1110/1243/1195 1111/1242/1194
f 1108/1227/1179 1109/1231/1183 1112/1245/1197 1113/1244/1196
f 1109/1231/1183 1098/1180/1136 1111/1242/1194 1112/1245/1197
f 1105/1213/1166 467/1246/1198 457/1234/1186
f 1114/1248/1200 468/1247/1199 467/1246/1198 1105/1213/1166
f 1101/1196/1151 364/1239/1191 401/1250/1202 1115/1249/1201
f 1115/1249/1201 401/1250/1202 414/1251/1203
f 1097/1181/1137 1101/1196/1151 1115/1249/1201 1110/1243/1195
f 1105/1213/1166 1108/1227/1179 1113/1244/1196 1114/1248/1200
f 510/1254/1206 1116/1253/1205 509/1252/1204
f 513/1255/1207 1116/1253/1205 510/1254/1206
f 1116/1253/1205 513/1255/1207 515/1257/1209 1117/1256/1208
f 517/1258/1210 1117/1256/1208 515/1257/1209
f 1117/1256/1208 517/1258/1210 519/1260/1212 1118/1259/1211
f 521/1261/1213 1118/1259/1211 519/1260/1212
f 1118/1259/1211 521/1261/1213 523/1263/1214 1119/1262/1214
f 525/1264/1135 1119/1262/1214 523/1263/1214
f 1119/1268/1218 525/1267/1217 526/1266/1216 1120/1265/1215
f 509/1252/1204 1116/1253/1205 527/1269/1219
f 527/1269/1219 1116/1253/1205 529/1270/1220
f 1121/1272/1222 531/1271/1221 529/1270/1220 1116/1253/1205
f 531/1271/1221 1121/1272/1222 533/1273/1223
f 533/1273/1223 1121/1272/1222 535/1274/1224
f 1122/1276/1226 537/1275/1225 535/1274/1224 1121/1272/1222
f 537/1275/1225 1122/1276/1226 539/1277/1227
f 1123/1279/1228 541/1278/1228 539/1277/1227 1122/1276/1226
f 1123/1283/1231 751/1282/1230 542/1281/1229 541/1280/1229
f 551/1284/1232 1120/1265/1215 526/1266/1216
f 556/1287/1235 1124/1286/1234 555/1285/1233
f 1124/1286/1234 556/1287/1235 559/1289/1237 1125/1288/1236
f 561/1290/1238 1125/1288/1236 559/1289/1237
f 563/1291/1239 1125/1288/1236 561/1290/1238
f 1125/1288/1236 563/1291/1239 565/1293/1241 1126/1292/1240
f 567/1294/1242 1126/1292/1240 565/1293/1241
f 569/1295/1243 1126/1292/1240 567/1294/1242
f 1126/1292/1240 569/1295/1243 571/1297/1244 1127/1296/1244
f 572/1300/1246 1127/1299/1245 571/1298/1167
f 555/1285/1233 1124/1286/1234 573/1301/1247
f 1128/1303/1249 575/1302/1248 573/1301/1247 1124/1286/1234
f 575/1302/1248 1128/1303/1249 577/1304/1250
f 1129/1306/1252 579/1305/1251 577/1304/1250 1128/1303/1249
f 579/1305/1251 1129/1306/1252 581/1307/1253
f 581/1307/1253 1129/1306/1252 583/1308/1254
f 1130/1310/1255 585/1309/1255 583/1308/1254 1129/1306/1252
f 585/1309/1255 1130/1310/1255 587/1311/1178
f 587/1314/1258 1130/1313/1257 588/1312/1256
f 588/1312/1256 1130/1313/1257 601/1315/1259
f 1131/1317/1261 629/1316/1260 601/1315/1259 1130/1313/1257
f 1120/1265/1215 551/1284/1232 629/1316/1260 1131/1317/1261
f 1127/1299/1245 809/1319/1263 812/1318/1262
f 640/1321/1265 669/1320/1264 1127/1299/1245 572/1300/1246
f 1123/1283/1231 727/1323/1267 650/1322/1266 751/1282/1230
f 743/1325/1269 727/1323/1267 1123/1283/1231 736/1324/1268
f 678/1326/1270 809/1319/1263 1127/1299/1245 669/1320/1264
f 1116/1253/87 1117/1256/87 1121/1272/87
f 1118/1259/87 1122/1276/87 1121/1272/87 1117/1256/87
f 1119/1262/87 1123/1279/87 1122/1276/87 1118/1259/87
f 1124/1286/87 1125/1288/87 1128/1303/87
f 1126/1292/87 1129/1306/87 1128/1303/87 1125/1288/87
f 1127/1296/87 1130/1310/87 1129/1306/87 1126/1292/87
f 1110/1243/1195 1119/1268/1218 1120/1265/1215 1111/1242/1194
f 1112/1245/1197 1131/1317/1261 1130/1313/1257 1113/1244/1196
f 1111/1242/1194 1120/1265/1215 1131/1317/1261 1112/1245/1197
f 1127/1299/1245 812/1318/1262 820/1327/1271
f 820/1327/1271 468/1247/1199 1114/1248/1200 1127/1299/1245
f 773/1328/1272 736/1324/1268 1123/1283/1231 1115/1249/1201
f 1115/1249/1201 414/1251/1203 773/1328/1272
f 1115/1249/1201 1123/1283/1231 1119/1268/1218 1110/1243/1195
f 1113/1244/1196 1130/1313/1257 1127/1299/1245 1114/1248/1200
f 1135/1332/1276 1148/1331/1275 1149/1330/1274 1134/1329/1273
f 1134/1329/1273 1149/1330/1274 1150/1334/1278 1137/1333/1277
f 1139/1336/1280 1151/1335/1279 1148/1331/1275 1135/1332/1276
f 1141/1340/1284 1152/1339/1283 1153/1338/1282 1140/1337/1281
f 1140/1337/1281 1153/1338/1282 1154/1342/1286 1144/1341/1285
f 1146/1344/1288 1155/1343/1287 1152/1339/1283 1141/1340/1284
f 1132/1346/1290 1133/1345/1289 1149/1330/1274 1148/1331/1275
f 1133/1345/1289 1136/1347/1291 1150/1334/1278 1149/1330/1274
f 1138/1348/1292 1132/1346/1290 1148/1331/1275 1151/1335/1279
f 1142/1350/1294 1143/1349/1293 1153/1338/1282 1152/1339/1283
f 1143/1349/1293 1145/1351/1295 1154/1342/1286 1153/1338/1282
f 1147/1352/1296 1142/1350/1294 1152/1339/1283 1155/1343/1287
f 674/844/634 675/853/635 1158/850/1297 1157/843/1297
f 822/864/1298 821/865/1298 1157/843/1298 1158/850/1298
f 1160/458/1299 305/459/277 304/452/278 1159/453/1299
f 1159/453/1300 469/478/1300 470/475/1300 1160/458/1300
f 1159/453/1301 304/452/1301 450/452/1301
f 469/478/1301 1159/453/1301 450/453/1301
f 305/459/1302 1160/458/1302 451/458/1302
f 1160/458/1302 470/475/1303 451/475/1302
f 674/844/1301 1157/843/1301 805/843/1301
f 1157/843/1301 821/865/1301 805/865/1301
f 1158/850/1302 675/853/1303 806/853/1302
f 822/864/1302 1158/850/1302 806/850/1302
f 311/1356/1307 310/1355/1306 264/1354/1305 1161/1353/1304
f 312/1358/1309 311/1356/1307 1161/1353/1304 1162/1357/1308
f 313/1360/1311 312/1358/1309 1162/1357/1308 1163/1359/1310
f 490/1361/1312 313/1360/1311 1163/1359/1310
f 1161/1353/1304 264/1354/1305 263/1363/1314 1164/1362/1313
f 1162/1357/1308 1161/1353/1304 1164/1362/1313
f 1163/1359/1310 1162/1357/1308 1164/1362/1313 1165/1364/1315
f 1363/1365/1316 490/1361/1312 1163/1359/1310 1165/1364/1315
f 1164/1362/1313 263/1363/1314 1362/1367/1318 1364/1366/1317
f 1165/1364/1315 1164/1362/1313 1364/1366/1317 1156/1368/1319
f 1363/1365/1316 1165/1364/1315 1156/1368/1319
f 631/1354/1323 679/1355/1322 680/1356/1321 1166/1353/1320
f 1166/1353/1320 680/1356/1321 681/1358/1325 1167/1357/1324
f 1167/1357/1324 681/1358/1325 682/1360/1327 1168/1359/1326
f 837/1361/1328 1168/1359/1326 682/1360/1327
f 630/1363/1330 631/1354/1323 1166/1353/1320 1169/1362/1329
f 1167/1357/1324 1169/1362/1329 1166/1353/1320
f 1169/1362/1329 1167/1357/1324 1168/1359/1326 1170/1364/1331
f 1168/1359/1326 837/1361/1328 1368/1365/1332 1170/1364/1331
f 1366/1367/1334 630/1363/1330 1169/1362/1329 1171/1366/1333
f 1171/1366/1333 1169/1362/1329 1170/1364/1331 1172/1368/1335
f 1368/1365/1332 1172/1368/1335 1170/1364/1331
f 1173/1372/1339 1175/1371/1338 1176/1370/1337 1174/1369/1336
f 1173/1372/1339 1174/1369/1336 1178/1374/1341 1177/1373/1340
f 1174/1369/1336 1176/1370/1337 1180/1375/1342 1178/1374/1341
f 1176/1370/1337 1175/1371/1338 1179/1376/1343 1180/1375/1342
f 1175/1371/1338 1173/1372/1339 1177/1373/1340 1179/1376/1343
f 1181/1372/1347 1183/1371/1346 1184/1370/1345 1182/1369/1344
f 1181/1372/1347 1182/1369/1344 1186/1374/1349 1185/1373/1348
f 1182/1369/1344 1184/1370/1345 1188/1375/1350 1186/1374/1349
f 1184/1370/1345 1183/1371/1346 1187/1376/1351 1188/1375/1350
f 1183/1371/1346 1181/1372/1347 1185/1373/1348 1187/1376/1351
f 1192/1370/1355 1191/1371/1354 1189/1372/1353 1190/1369/1352
f 1194/1374/1357 1190/1369/1352 1189/1372/1353 1193/1373/1356
f 1196/1375/1358 1192/1370/1355 1190/1369/1352 1194/1374/1357
f 1195/1376/1359 1191/1371/1354 1192/1370/1355 1196/1375/1358
f 1193/1373/1356 1189/1372/1353 1191/1371/1354 1195/1376/1359
f 1200/1370/1363 1199/1371/1362 1197/1372/1361 1198/1369/1360
f 1202/1374/1365 1198/1369/1360 1197/1372/1361 1201/1373/1364
f 1204/1375/1366 1200/1370/1363 1198/1369/1360 1202/1374/1365
f 1203/1376/1367 1199/1371/1362 1200/1370/1363 1204/1375/1366
f 1201/1373/1364 1197/1372/1361 1199/1371/1362 1203/1376/1367
f 1207/1379/1370 1208/1378/1369 1213/1377/1368
f 1210/1381/1372 492/508/479 486/490/455 1211/1380/1371
f 492/508/479 1210/1381/1372 1209/1382/1373
f 838/884/808 492/508/479 1209/1382/1373 1208/1378/1374
f 838/884/808 1208/1378/1374 1207/1379/1375
f 1206/1383/1376 834/875/790 838/884/808 1207/1379/1375
f 834/875/790 1206/1383/1376 1205/1384/1377
f 1205/1384/1377 1212/1385/1378 486/490/455 834/875/790
f 1211/1380/1371 486/490/455 1212/1385/1378
f 1214/1386/1380 1206/1383/1379 1207/1379/1370 1213/1377/1368
f 1216/1387/1383 1209/1382/1382 1210/1381/1381
f 1211/1380/1385 1215/1388/1384 1216/1387/1383 1210/1381/1381
f 1215/1388/1384 1211/1380/1385 1212/1385/1386
f 1214/1386/1380 1215/1388/1384 1212/1385/1386 1205/1384/1387
f 1214/1386/1380 1205/1384/1387 1206/1383/1379
f 1216/1387/1383 1213/1377/1368 1208/1378/1369 1209/1382/1382
f 1213/1377/1368 1216/1387/1383 1215/1388/1384 1214/1386/1380
f 395/1392/1388 394/1391/1389 422/1390/1389 423/1389/1388
f 394/1391/1389 317/1394/1390 424/1393/1390 422/1390/1389
f 408/1396/1391 395/1392/1388 423/1389/1388 425/1395/1391
f 421/1398/1392 408/1396/1391 425/1395/1391 426/1397/1392
f 781/1402/1394 766/1401/1394 767/1400/1393 782/1399/1393
f 783/1404/1395 686/1403/1395 766/1401/1394 781/1402/1394
f 782/1399/1393 767/1400/1393 780/1406/1396 784/1405/1396
f 784/1405/1396 780/1406/1396 421/1398/1392 426/1397/1392
f 1217/3/1399 1219/1/1398 1218/2/1397
f 1220/8/1403 1223/5/1402 1222/6/1401 1221/7/1400
f 1224/12/1407 1227/9/1406 1226/10/1405 1225/11/1404
f 1228/16/1411 1231/13/1410 1230/14/1409 1229/15/1408
f 1231/13/1410 1233/17/1413 1232/18/1412 1230/14/1409
f 1234/20/1415 1217/3/1399 1218/2/1397 1235/19/1414
f 1236/22/1417 1234/20/1415 1235/19/1414 1237/21/1416
f 1236/22/1417 1237/21/1416 1239/23/1419 1238/24/1418
f 1239/23/1419 1241/25/1421 1240/26/1420 1238/24/1418
f 1242/28/1423 1240/26/1420 1241/25/1421 1243/27/1422
f 1243/27/1422 1245/29/1425 1244/30/1424 1242/28/1423
f 1244/30/1424 1248/31/1428 1247/32/1427 1246/33/1426
f 1246/33/1426 1247/32/1427 1250/34/1430 1249/35/1429
f 1233/17/1413 1252/36/1432 1251/37/1431 1232/18/1412
f 1219/1/1398 1251/37/1431 1252/36/1432 1218/2/1397
f 1253/41/1436 1256/38/1435 1255/39/1434 1254/40/1433
f 1257/43/1438 1222/6/1401 1223/5/1402 1258/42/1437
f 1225/11/1404 1228/16/1411 1229/15/1408 1224/12/1407
f 1225/11/1404 1226/10/1405 1221/7/1400 1222/6/1401
f 1228/16/1411 1257/43/1438 1231/13/1410
f 1233/17/1413 1231/13/1410 1257/43/1438 1258/42/1437
f 1252/36/1432 1233/17/1413 1258/42/1437 1259/44/1439
f 1235/19/1414 1218/2/1397 1254/40/1433 1255/39/1434
f 1235/19/1414 1255/39/1434 1237/21/1416
f 1256/38/1435 1239/23/1419 1237/21/1416 1255/39/1434
f 1239/23/1419 1256/38/1435 1241/25/1421
f 1243/27/1422 1241/25/1421 1256/38/1435 1253/41/1436
f 1245/29/1425 1243/27/1422 1253/41/1436 1260/45/1440
f 1261/46/1441 1248/31/1428 1245/29/1425 1260/45/1440
f 1223/5/1402 1247/32/1427 1248/31/1428 1261/46/1441
f 1220/8/1403 1250/34/1430 1247/32/1427 1223/5/1402
f 1218/2/1397 1252/36/1432 1259/44/1439 1254/40/1433
f 1228/16/1411 1225/11/1404 1222/6/1401 1257/43/1438
f 1254/40/1433 1259/44/1439 1260/45/1440 1253/41/1436
f 1259/44/1439 1258/42/1437 1261/46/1441 1260/45/1440
f 1223/5/1402 1261/46/1441 1258/42/1437
f 1262/49/1444 1264/47/1443 1263/48/1442
f 1265/52/1447 1267/50/1446 1266/51/1445
f 1268/54/1448 1266/51/1445 1267/50/1446 1269/53/1448
f 1270/56/1449 1268/54/1448 1269/53/1448 1271/55/1449
f 1266/51/1445 1263/48/1442 1264/47/1443 1265/52/1447
f 1272/60/1453 1275/57/1452 1274/58/1451 1273/59/1450
f 1276/64/1455 1279/61/1455 1278/62/1454 1277/63/1454
f 1262/49/1444 1263/48/1442 1279/61/1455 1276/64/1455
f 1245/29/1425 1248/31/1428 1244/30/1424
f 1276/66/1457 1277/65/1456 1229/15/1408 1230/14/1409
f 1262/67/1458 1276/66/1457 1230/14/1409 1232/18/1412
f 1264/68/1459 1262/67/1458 1232/18/1412 1251/37/1431
f 1265/69/1460 1264/68/1459 1251/37/1431 1219/1/1398
f 1267/70/1461 1265/69/1460 1219/1/1398 1217/3/1399
f 1269/71/1462 1267/70/1461 1217/3/1399 1234/20/1415
f 1271/72/1463 1269/71/1462 1234/20/1415 1236/22/1417
f 1238/24/1418 1270/73/1464 1271/72/1463 1236/22/1417
f 1268/74/1465 1270/73/1464 1238/24/1418 1240/26/1420
f 1266/75/1466 1268/74/1465 1240/26/1420 1242/28/1423
f 1266/75/1466 1242/28/1423 1244/30/1424 1280/76/1467
f 1263/78/1468 1266/75/1466 1280/76/1467 1275/77/1452
f 1369/1407/1470 1279/82/1469 1263/79/1468
f 1369/1407/1470 1370/1408/1472 1278/84/1471 1279/82/1469
f 1277/65/1456 1278/85/1471 1370/1409/1472 1224/12/1407 1229/15/1408
f 1246/88/1426 1280/86/1467 1244/87/1424
f 1224/90/1407 1272/60/1453 1273/59/1450 1227/89/1406
f 1249/92/1429 1281/91/1473 1280/86/1467 1246/88/1426
f 1281/91/1473 1274/58/1451 1275/57/1452 1280/86/1467
f 1284/1413/80 1282/1412/80 1283/1411/80 1285/1410/80
f 1288/1417/80 1287/1416/80 1286/1415/80 1289/1414/80
f 1285/1410/80 1283/1411/80 1289/1414/80 1286/1415/80
f 1284/1413/1474 1285/1410/1475 1290/1410/1475 1291/1413/1474
f 1282/1412/1476 1284/1413/1474 1291/1413/1474 1292/1412/1476
f 1283/1411/1477 1282/1412/1476 1292/1412/1476 1293/1411/1477
f 1288/1417/1478 1289/1414/1479 1294/1414/1479 1295/1417/1478
f 1286/1415/1480 1287/1416/1481 1296/1416/1481 1297/1415/1480
f 1287/1416/1481 1288/1417/1478 1295/1417/1478 1296/1416/1481
f 1285/1410/1475 1286/1415/1480 1297/1415/1480 1290/1410/1475
f 1289/1414/1479 1283/1411/1477 1293/1411/1477 1294/1414/1479
f 1299/1411/87 1301/1412/87 1298/1413/87 1300/1410/87
f 1303/1415/87 1305/1416/87 1302/1417/87 1304/1414/87
f 1304/1414/87 1299/1411/87 1300/1410/87 1303/1415/87
f 1306/1410/1483 1300/1410/1483 1298/1413/1482 1307/1413/1482
f 1307/1413/1482 1298/1413/1482 1301/1412/1484 1308/1412/1484
f 1308/1412/1484 1301/1412/1484 1299/1411/1485 1309/1411/1485
f 1310/1414/1487 1304/1414/1487 1302/1417/1486 1311/1417/1486
f 1312/1416/1489 1305/1416/1489 1303/1415/1488 1313/1415/1488
f 1311/1417/1486 1302/1417/1486 1305/1416/1489 1312/1416/1489
f 1313/1415/1488 1303/1415/1488 1300/1410/1483 1306/1410/1483
f 1309/1411/1485 1299/1411/1485 1304/1414/1487 1310/1414/1487
f 1314/1413/437 1317/1412/437 1315/1411/437 1316/1410/437
f 1318/1417/437 1321/1416/437 1319/1415/437 1320/1414/437
f 1316/1410/437 1315/1411/437 1320/1414/437 1319/1415/437
f 1314/1413/1490 1316/1410/1491 1322/1410/1491 1323/1413/1490
f 1317/1412/1492 1314/1413/1490 1323/1413/1490 1324/1412/1492
f 1315/1411/1493 1317/1412/1492 1324/1412/1492 1325/1411/1493
f 1318/1417/1494 1320/1414/1495 1326/1414/1495 1327/1417/1494
f 1319/1415/1496 1321/1416/1497 1328/1416/1497 1329/1415/1496
f 1321/1416/1497 1318/1417/1494 1327/1417/1494 1328/1416/1497
f 1316/1410/1491 1319/1415/1496 1329/1415/1496 1322/1410/1491
f 1320/1414/1495 1315/1411/1493 1325/1411/1493 1326/1414/1495
f 420/410/394 407/398/382 1355/1431/1510 1356/810/743
f 408/414/398 1351/411/395 1352/1432/1511 395/384/369
f 395/384/369 1352/1432/1511 1353/1433/1512
f 393/381/367 395/384/369 1353/1433/1512 1354/1434/1513
f 407/398/382 393/381/367 1354/1434/1513 1355/1431/1510
f 1354/1437/1513 1353/1436/1512 1352/1435/1511
f 1352/1435/1511 1351/1439/395 1355/1438/1510 1354/1437/1513
f 1351/1439/395 1350/1441/396 1356/1440/743 1355/1438/1510
f 1358/807/741 1357/808/742 1356/1440/743 1350/1441/396
f 421/413/397 780/1443/1514 1358/1442/741 1350/412/396
f 780/1443/1514 767/789/724 1359/1444/740 1358/1442/741
f 1360/1445/739 1359/1444/740 767/789/724
f 1360/1445/739 767/789/724 765/786/722 1361/1446/738
f 1361/1446/738 765/786/722 779/803/737 1357/809/742
f 299/1448/1517 1156/1448/1516 1364/1447/1515 1362/1447/1515
f 299/1448/1517 309/1449/1518 1156/1449/1516
f 309/1450/1518 455/1451/1519 1363/1451/1519 1156/1450/1516
f 1365/1448/1522 1366/1447/1521 1171/1447/1521 1172/1448/1520
f 1365/1448/1522 1172/1449/1520 1367/1449/1523
f 1367/1450/1523 1172/1450/1520 1368/1451/1524 810/1451/1524
f 1272/81/1453 1369/1407/1470 1263/79/1468 1275/80/1452
f 1272/81/1453 1224/83/1407 1370/1408/1472 1369/1407/1470

usemtl chepai
f 1346/1421/1499 1347/1420/1499 1336/1419/1498 1334/1418/1498
f 1348/1421/1501 1346/1423/1501 1334/1422/1500 1330/1418/1500
f 1337/1425/4 1335/1419/4 1331/1418/4 1333/1424/4
f 1349/1427/1503 1347/1426/1503 1337/1422/1502 1333/1418/1502
f 1334/1425/80 1336/1419/80 1332/1418/80 1330/1424/80
f 1345/1429/1504 1344/1419/1504 1342/1418/1504 1343/1428/1504
f 1343/1430/1505 1342/1422/1505 1338/1418/1505 1339/1428/1505
f 1345/1425/80 1343/1419/80 1339/1418/80 1341/1424/80
f 1344/1430/1506 1345/1422/1506 1341/1418/1506 1340/1428/1506
f 1342/1425/87 1344/1419/87 1340/1418/87 1338/1424/87
f 1335/1428/1507 1337/1429/1507 1347/1420/1499 1346/1421/1499
f 1331/1428/1508 1335/1430/1508 1346/1423/1501 1348/1421/1501
f 1332/1428/1509 1336/1430/1509 1347/1426/1503 1349/1427/1503

usemtl Glass
f 1385/429/1528 1386/431/1527 1371/1453/1526 1372/1452/1525
f 1371/1453/1526 1386/431/1527 1387/433/1529
f 1371/1453/1526 1387/433/1529 1388/434/1530
f 1389/435/1531 1371/1453/1526 1388/434/1530
f 1384/426/1533 1385/429/1528 1372/1452/1525 1373/1454/1532
f 1383/425/1535 1384/426/1533 1373/1454/1532 1374/1455/1534
f 1372/1452/1525 1371/1453/1526 1375/1457/1537 1376/1456/1536
f 1371/1453/1526 1389/435/1531 1390/436/1538 1375/1457/1537
f 1373/1454/1532 1372/1452/1525 1376/1456/1536 1377/1458/1539
f 1374/1455/1534 1373/1454/1532 1377/1458/1539 1378/1459/1540
f 1376/1456/1536 1375/1457/1537 1379/1461/1542 1380/1460/1541
f 1375/1457/1537 1390/436/1538 1391/437/1543 1379/1461/1542
f 1377/1458/1539 1376/1456/1536 1380/1460/1541 1381/1462/1544
f 1378/1459/1540 1377/1458/1539 1381/1462/1544 1382/1463/1545
f 1380/1460/1541 1379/1461/1542 1395/441/1547 1396/444/1546
f 1394/443/1548 1395/441/1547 1379/1461/1542
f 1392/438/1549 1379/1461/1542 1391/437/1543
f 1393/440/1550 1394/443/1548 1379/1461/1542 1392/438/1549
f 1381/1462/1544 1380/1460/1541 1396/444/1546 1397/446/1551
f 1382/1463/1545 1381/1462/1544 1397/446/1551 1398/448/1552
f 1399/1465/1556 1410/826/1555 1409/824/1554 1400/1464/1553
f 1399/1465/1556 1411/827/1557 1410/826/1555
f 1399/1465/1556 1412/828/1558 1411/827/1557
f 1413/829/1559 1412/828/1558 1399/1465/1556
f 1400/1464/1553 1409/824/1554 1408/822/1561 1401/1466/1560
f 1401/1466/1560 1408/822/1561 1383/425/1535 1374/1455/1534
f 1402/1468/1563 1399/1465/1556 1400/1464/1553 1403/1467/1562
f 1414/830/1564 1413/829/1559 1399/1465/1556 1402/1468/1563
f 1403/1467/1562 1400/1464/1553 1401/1466/1560 1404/1469/1565
f 1404/1469/1565 1401/1466/1560 1374/1455/1534 1378/1459/1540
f 1405/1471/1567 1402/1468/1563 1403/1467/1562 1406/1470/1566
f 1415/831/1568 1414/830/1564 1402/1468/1563 1405/1471/1567
f 1406/1470/1566 1403/1467/1562 1404/1469/1565 1407/1472/1569
f 1407/1472/1569 1404/1469/1565 1378/1459/1540 1382/1463/1545
f 1419/836/1571 1405/1471/1567 1406/1470/1566 1420/839/1570
f 1418/834/1572 1405/1471/1567 1419/836/1571
f 1416/832/1573 1415/831/1568 1405/1471/1567
f 1405/1471/1567 1418/834/1572 1417/835/1574 1416/832/1573
f 1420/839/1570 1406/1470/1566 1407/1472/1569 1421/841/1575
f 1421/841/1575 1407/1472/1569 1382/1463/1545 1398/448/1552

usemtl On body
f 1426/1476/1576 1427/1475/1576 1429/1474/1576 1428/1473/1576
f 1423/1480/80 1425/1479/80 1429/1478/80 1427/1477/80
f 1424/1484/87 1422/1483/87 1426/1482/87 1428/1481/87
f 1437/1488/1579 1436/1487/1579 1433/1486/1578 1435/1485/1577
f 1432/1490/1581 1435/1485/1577 1433/1486/1578 1430/1489/1580
f 1431/1492/1582 1434/1491/1582 1435/1485/1577 1432/1490/1581
f 1444/1495/1584 1442/1494/1583 1450/1493/1583
f 1439/1498/1585 1448/1497/1585 1438/1496/1585
f 1454/1502/1586 1451/1501/1587 1440/1500/1587 1441/1499/1586
f 1449/1506/1590 1448/1505/1589 1445/1504/1589 1390/1503/1588
f 1449/1506/1590 1390/1503/1588 1452/1507/1591
f 1453/1509/1592 1452/1507/1591 1390/1503/1588 1446/1508/1592
f 1455/1511/1593 1453/1509/1592 1446/1508/1592 1392/1510/1593
f 1454/1513/1594 1455/1511/1593 1392/1510/1593 1447/1512/1594
f 1443/1517/1598 1475/1516/1597 1497/1515/1596 1456/1514/1595
f 1456/1514/1595 1497/1515/1596 1499/1519/1600 1457/1518/1599
f 1472/1523/1604 1473/1522/1603 1459/1521/1602 1460/1520/1601
f 1473/1522/1603 1474/1525/1606 1458/1524/1605 1459/1521/1602
f 1474/1525/1606 1475/1527/1608 1443/1526/1607 1458/1524/1605
f 1434/1531/1612 1476/1530/1611 1461/1529/1610 1385/1528/1609
f 1385/1528/1609 1462/1533/1614 1448/1532/1613 1434/1531/1612
f 1448/1532/1613 1462/1533/1614 1463/1535/1616 1464/1534/1615
f 1464/1538/1615 1445/1537/1617 1448/1536/1613
f 1451/1501/1587 1450/1493/1583 1442/1494/1583 1440/1500/1587
f 1457/1518/1599 1499/1519/1600 1470/1539/1618
f 1466/1543/1622 1477/1542/1621 1513/1541/1620 1467/1540/1619
f 1467/1540/1619 1513/1541/1620 1515/1545/1624 1468/1544/1623
f 1468/1544/1623 1515/1545/1624 1517/1547/1626 1469/1546/1625
f 1499/1519/1600 1511/1549/1628 1465/1548/1627 1470/1539/1618
f 1480/1552/1584 1481/1551/1583 1482/1550/1583
f 1483/1555/1629 1479/1554/1629 1431/1553/1629
f 1487/1559/1586 1488/1558/1586 1490/1557/1587 1489/1556/1587
f 1478/1563/1632 1492/1562/1631 1491/1561/1630 1431/1560/1630
f 1478/1563/1632 1484/1564/1633 1492/1562/1631
f 1485/1566/1634 1493/1565/1634 1492/1562/1631 1484/1564/1633
f 1486/1568/1635 1494/1567/1635 1493/1565/1634 1485/1566/1634
f 1487/1570/1636 1495/1569/1636 1494/1567/1635 1486/1568/1635
f 1496/1572/1638 1498/1571/1637 1497/1515/1596 1475/1516/1597
f 1498/1571/1637 1500/1573/1639 1499/1519/1600 1497/1515/1596
f 1472/1523/1604 1501/1575/1641 1502/1574/1640 1473/1522/1603
f 1503/1576/1642 1474/1525/1606 1473/1522/1603 1502/1574/1640
f 1474/1525/1606 1503/1576/1642 1496/1577/1643 1475/1527/1608
f 1434/1531/1612 1505/1579/1645 1504/1578/1644 1476/1530/1611
f 1505/1579/1645 1434/1531/1612 1431/1581/1647 1506/1580/1646
f 1431/1581/1647 1508/1583/1649 1507/1582/1648 1506/1580/1646
f 1508/1586/1649 1431/1585/1647 1491/1584/1650
f 1482/1550/1583 1481/1551/1583 1489/1556/1587 1490/1557/1587
f 1500/1573/1639 1509/1587/1651 1499/1519/1600
f 1512/1589/1653 1514/1588/1652 1513/1541/1620 1477/1542/1621
f 1514/1588/1652 1516/1590/1654 1515/1545/1624 1513/1541/1620
f 1516/1590/1654 1518/1591/1655 1517/1547/1626 1515/1545/1624
f 1499/1519/1600 1509/1587/1651 1510/1592/1656 1511/1549/1628
f 1469/1596/1625 1517/1595/1626 1522/1594/1658 1521/1593/1657
f 1517/1595/1626 1518/1598/1655 1523/1597/1659 1522/1594/1658
f 1636/1602/1660 1637/1601/1660 1638/1600/1660 1639/1599/1660
f 1448/1606/1661 1439/1605/1662 1520/1604/1662 1519/1603/1661
f 1439/1605/1662 1528/1608/1663 1533/1607/1663 1520/1604/1662
f 1528/1608/1663 1525/1610/1664 1534/1609/1664 1533/1607/1663
f 1525/1610/1664 1527/1612/1665 1535/1611/1665 1534/1609/1664
f 1527/1612/1665 1526/1614/1666 1536/1613/1666 1535/1611/1665
f 1526/1614/1666 1469/1616/1667 1521/1615/1667 1536/1613/1666
f 1518/1620/1668 1530/1619/1669 1537/1618/1669 1523/1617/1668
f 1530/1619/1669 1531/1622/1670 1538/1621/1670 1537/1618/1669
f 1531/1622/1670 1532/1624/1671 1539/1623/1671 1538/1621/1670
f 1532/1624/1671 1529/1626/1672 1540/1625/1672 1539/1623/1671
f 1529/1626/1672 1483/1628/1673 1430/1627/1673 1540/1625/1672
f 1483/1628/1673 1431/1630/1674 1432/1629/1674 1430/1627/1673
f 1520/1634/1675 1533/1633/1677 1542/1632/1676 1471/1631/1675
f 1521/1638/1681 1522/1637/1680 1543/1636/1679 1536/1635/1678
f 1536/1635/1678 1543/1636/1679 1544/1640/1683 1535/1639/1682
f 1544/1640/1683 1541/1642/1685 1534/1641/1684 1535/1639/1682
f 1533/1633/1677 1534/1641/1684 1541/1642/1685 1542/1632/1676
f 1542/1632/1676 1540/1644/1686 1430/1643/1675 1471/1631/1675
f 1523/1646/1688 1537/1645/1687 1543/1636/1679 1522/1637/1680
f 1537/1645/1687 1538/1647/1689 1544/1640/1683 1543/1636/1679
f 1539/1648/1690 1541/1642/1685 1544/1640/1683 1538/1647/1689
f 1540/1644/1686 1542/1632/1676 1541/1642/1685 1539/1648/1690
f 1594/1652/1691 1595/1651/1692 1598/1650/1692 1593/1649/1691
f 1596/1654/1693 1597/1653/1693 1598/1650/1692 1595/1651/1692
f 1559/1657/1694 1558/1656/1695 1439/1656/1695 1438/1655/1694
f 1560/1659/1697 1559/1657/1694 1438/1655/1694 1572/1658/1696
f 1554/1660/1698 1560/1659/1697 1572/1658/1696
f 1574/1663/1700 1573/1662/1699 1555/1661/1699 1554/1660/1698
f 1572/1658/1696 1574/1663/1700 1554/1660/1698
f 1556/1665/1702 1555/1661/1699 1573/1662/1699 1441/1664/1701
f 1557/1666/1703 1556/1665/1702 1441/1664/1701
f 1553/1668/1705 1557/1666/1703 1441/1664/1701 1440/1667/1704
f 1550/1669/1706 1553/1668/1705 1440/1667/1704
f 1444/1672/1709 1551/1671/1708 1550/1669/1706 1442/1670/1707
f 1440/1667/1704 1442/1670/1707 1550/1669/1706
f 1576/1675/1711 1575/1674/1710 1552/1673/1710 1551/1671/1708
f 1444/1672/1709 1576/1675/1711 1551/1671/1708
f 1561/1678/1713 1479/1677/1713 1483/1676/1712 1562/1676/1712
f 1563/1680/1715 1577/1679/1714 1479/1677/1713 1561/1678/1713
f 1564/1681/1716 1577/1679/1714 1563/1680/1715
f 1580/1684/1718 1564/1681/1716 1565/1683/1717 1581/1682/1717
f 1577/1679/1714 1564/1681/1716 1580/1684/1718
f 1566/1686/1720 1488/1685/1719 1581/1682/1717 1565/1683/1717
f 1567/1687/1721 1488/1685/1719 1566/1686/1720
f 1568/1689/1723 1490/1688/1722 1488/1685/1719 1567/1687/1721
f 1569/1690/1724 1490/1688/1722 1568/1689/1723
f 1569/1690/1724 1570/1693/1727 1480/1692/1726 1482/1691/1725
f 1490/1688/1722 1569/1690/1724 1482/1691/1725
f 1579/1696/1729 1570/1693/1727 1571/1695/1728 1578/1694/1728
f 1480/1692/1726 1570/1693/1727 1579/1696/1729
f 1472/1700/1730 1460/1699/1731 1575/1698/1731 1582/1697/1730
f 1578/1702/1732 1501/1701/1732 1472/1700/1730 1582/1697/1730
f 1582/1706/1733 1575/1705/1733 1576/1704/1733 1583/1703/1733
f 1582/1710/1734 1583/1709/1734 1579/1708/1734 1578/1707/1734
f 1447/1713/1736 1584/1712/1735 1454/1711/1735
f 1584/1712/1735 1585/1714/1737 1454/1711/1735
f 1495/1717/1739 1487/1716/1738 1418/1715/1738
f 1418/1715/1738 1487/1716/1738 1586/1718/1740
f 1592/1722/1743 1583/1721/1742 1576/1720/1742 1444/1719/1741
f 1592/1722/1743 1444/1719/1741 1450/1724/1745 1588/1723/1744
f 1588/1723/1744 1454/1727/1748 1585/1726/1747 1396/1725/1746
f 1588/1723/1744 1396/1725/1746 1587/1729/1750 1591/1728/1749
f 1451/1730/1751 1454/1727/1748 1588/1723/1744 1450/1724/1745
f 1592/1722/1743 1480/1732/1753 1579/1731/1752 1583/1721/1752
f 1592/1722/1743 1588/1723/1744 1481/1733/1754 1480/1732/1753
f 1588/1723/1744 1589/1736/1757 1586/1735/1756 1487/1734/1755
f 1588/1723/1744 1591/1728/1749 1590/1737/1758 1589/1736/1757
f 1489/1738/1759 1481/1733/1754 1588/1723/1744 1487/1734/1755
f 1449/1742/1760 1452/1741/1761 1574/1740/1761 1572/1739/1760
f 1452/1741/1761 1453/1744/1762 1573/1743/1762 1574/1740/1761
f 1455/1747/1763 1454/1746/1764 1441/1745/1763
f 1573/1749/1762 1453/1748/1762 1455/1747/1763 1441/1745/1763
f 1478/1753/1766 1577/1752/1766 1580/1751/1765 1484/1750/1765
f 1484/1750/1765 1580/1751/1765 1581/1755/1767 1485/1754/1767
f 1486/1758/1769 1488/1757/1769 1487/1756/1768
f 1581/1760/1767 1488/1757/1769 1486/1758/1769 1485/1759/1767
f 1448/1764/1770 1449/1763/1770 1572/1762/1770 1438/1761/1770
f 1431/1768/1771 1479/1767/1771 1577/1766/1771 1478/1765/1771
f 1546/1772/80 1545/1771/80 1594/1770/80 1593/1769/80
f 1548/1776/1772 1549/1775/1772 1597/1774/1772 1596/1773/1772
f 1549/1780/1773 1547/1779/1773 1598/1778/1773 1597/1777/1773
f 1547/1779/1774 1546/1782/1774 1593/1781/1774 1598/1778/1774
f 1604/1785/1777 1603/1784/1776 1606/1783/1775
f 1605/1786/1778 1606/1783/1775 1603/1784/1776
f 1599/1789/1779 1605/1788/1778 1603/1787/1776
f 1605/1788/1778 1599/1789/1779 1601/1790/1780
f 1605/1788/1778 1601/1790/1780 1610/1791/1781
f 1608/1792/1782 1610/1791/1781 1601/1790/1780
f 1606/1783/1775 1605/1786/1778 1609/1793/1783
f 1610/1794/1781 1609/1793/1783 1605/1786/1778
f 1612/1797/1786 1611/1796/1785 1614/1795/1784
f 1613/1798/1787 1614/1795/1784 1611/1796/1785
f 1608/1801/1789 1607/1800/1788 1610/1799/1788
f 1609/1802/1790 1610/1799/1788 1607/1800/1788
f 1614/1805/1784 1613/1804/1787 1604/1803/1777
f 1603/1806/1776 1604/1803/1777 1613/1804/1787
f 1611/1808/1791 1599/1789/1779 1613/1807/1787
f 1603/1787/1776 1613/1807/1787 1599/1789/1779
f 1600/1811/1794 1602/1810/1793 1601/1809/1792
f 1601/1809/1792 1599/1812/1795 1600/1811/1794
f 1602/1810/1793 1607/1814/1797 1608/1813/1796
f 1608/1813/1796 1601/1809/1792 1602/1810/1793
f 1600/1817/1800 1604/1816/1799 1606/1815/1798
f 1606/1815/1798 1602/1818/1801 1600/1817/1800
f 1606/1815/1798 1609/1819/1802 1602/1818/1801
f 1607/1820/1803 1602/1818/1801 1609/1819/1802
f 1612/1822/1805 1614/1821/1804 1600/1817/1800
f 1604/1816/1799 1600/1817/1800 1614/1821/1804
f 1620/1785/1808 1619/1784/1807 1622/1783/1806
f 1621/1786/1809 1622/1783/1806 1619/1784/1807
f 1615/1789/1810 1621/1788/1809 1619/1787/1807
f 1621/1788/1809 1615/1789/1810 1617/1790/1811
f 1621/1788/1809 1617/1790/1811 1626/1791/1812
f 1624/1792/1813 1626/1791/1812 1617/1790/1811
f 1622/1783/1806 1621/1786/1809 1625/1793/1814
f 1626/1794/1812 1625/1793/1814 1621/1786/1809
f 1628/1797/1817 1627/1796/1816 1630/1795/1815
f 1629/1798/1818 1630/1795/1815 1627/1796/1816
f 1624/1801/1820 1623/1800/1819 1626/1799/1819
f 1625/1802/1821 1626/1799/1819 1623/1800/1819
f 1630/1805/1815 1629/1804/1818 1620/1803/1808
f 1619/1806/1807 1620/1803/1808 1629/1804/1818
f 1627/1808/1822 1615/1789/1810 1629/1807/1818
f 1619/1787/1807 1629/1807/1818 1615/1789/1810
f 1616/1825/1825 1618/1824/1824 1617/1823/1823
f 1617/1823/1823 1615/1826/1826 1616/1825/1825
f 1618/1824/1824 1623/1828/1828 1624/1827/1827
f 1624/1827/1827 1617/1823/1823 1618/1824/1824
f 1616/1817/1831 1620/1816/1830 1622/1815/1829
f 1622/1815/1829 1618/1818/1832 1616/1817/1831
f 1622/1815/1829 1625/1819/1833 1618/1818/1832
f 1623/1820/1834 1618/1818/1832 1625/1819/1833
f 1628/1822/1836 1630/1821/1835 1616/1817/1831
f 1620/1816/1830 1616/1817/1831 1630/1821/1835
f 1546/1832/1837 1547/1831/1837 1632/1830/1837 1631/1829/1837
f 1547/1831/1838 1549/1834/1838 1633/1833/1838 1632/1830/1838
f 1520/1838/1839 1471/1837/1839 1634/1836/1839 1436/1835/1839
f 1471/1842/1840 1524/1841/1840 1635/1840/1840 1634/1839/1840
f 1524/1841/1841 1519/1844/1841 1437/1843/1841 1635/1840/1841
f 1519/1844/1842 1520/1846/1842 1436/1845/1842 1437/1843/1842
f 1434/1848/1843 1448/1847/1843 1637/1601/1843 1636/1602/1843
f 1448/1852/1844 1519/1851/1844 1638/1850/1844 1637/1849/1844
f 1519/1851/1845 1524/1854/1845 1639/1853/1845 1638/1850/1845
f 1524/1858/1846 1434/1857/1846 1636/1856/1846 1639/1855/1846

v 0.09462436288595 0.01623409613967 0.18629506230354
v 0.09462436288595 0.01283157803118 0.19767792522907
v 0.09462436288595 0.02397226728499 0.1772802323103
v 0.09462436288595 0.0347080975771 0.17219218611717
v 0.09462436288595 0.04658526927233 0.17191065847874
v 0.09462436288595 0.05755010247231 0.17648436129093
v 0.09462436288595 0.06570669263601 0.18512246012688
v 0.09462436288595 0.06964467465878 0.19633133709431
v 0.09462436288595 0.06868313997984 0.20817285776138
v 0.09462436288595 0.06298834085464 0.21859954297543
v 0.09462436288595 0.05354498699307 0.22580853104591
v 0.09462436288595 0.0419858917594 0.2285532951355
v 0.09462436288595 0.03030973672867 0.22635924816132
v 0.09462436288595 0.02053543180227 0.21960577368736
v 0.09462436288595 0.01435305643827 0.20946058630943
v 0.09331529587507 0.00422441866249 0.20477175712585
v 0.09331529587507 0.00404067430645 0.19695697724819
v 0.09331529587507 0.00548573629931 0.18927475810051
v 0.09331529587507 0.00849644187838 0.18206086754799
v 0.09331529587507 0.0129412021488 0.17563056945801
v 0.09331529587507 0.01862577162683 0.17026491463184
v 0.09331529587507 0.02530170045793 0.1661984026432
v 0.09331529587507 0.03267722576857 0.16360875964165
v 0.09331529587507 0.04042999073863 0.16260914504528
v 0.09331529587507 0.04822116717696 0.16324329376221
v 0.09331529587507 0.05571024492383 0.16548344492912
v 0.09331529587507 0.06256991624832 0.16923169791698
v 0.09331529587507 0.0685003772378 0.17432427406311
v 0.09331529587507 0.07324244081974 0.18053856492043
v 0.09331529587507 0.07658886164427 0.18760299682617
v 0.09331529587507 0.07839336246252 0.19520880281925
v 0.09331529587507 0.07857710123062 0.20302358269691
v 0.09331529587507 0.07713205367327 0.21070578694344
v 0.09331529587507 0.0741213336587 0.21791967749596
v 0.09331529587507 0.06967657804489 0.22434997558594
v 0.09331529587507 0.06399200111628 0.2297156304121
v 0.09331529587507 0.05731608718634 0.2337821573019
v 0.09331529587507 0.04994056001306 0.23637180030346
v 0.09331529587507 0.04218779876828 0.23737139999866
v 0.09331529587507 0.03439661487937 0.2367372661829
v 0.09331529587507 0.02690754272044 0.23449711501598
v 0.09331529587507 0.02004785835743 0.23074884712696
v 0.09331529587507 0.01411740668118 0.225656285882
v 0.09331529587507 0.00937534030527 0.21944198012352
v 0.09331529587507 0.00602892925963 0.21237756311893
v 0.06791784614325 0.06226113438606 0.16967839002609
v 0.06791784614325 0.06810546666384 0.17469701170921
v 0.06791784614325 0.07277866452932 0.18082104623318
v 0.06791784614325 0.04812076687813 0.16377694904804
v 0.06791784614325 0.05550108104944 0.16598457098007
v 0.06791784614325 0.07607648521662 0.18778286874294
v 0.06791784614325 0.07785479724407 0.19527822732925
v 0.06791784614325 0.07803586125374 0.2029795050621
v 0.06791784614325 0.07661180198193 0.21055014431477
v 0.06791784614325 0.07364481687546 0.21765926480293
v 0.06791784614325 0.06926461309195 0.22399617731571
v 0.06791784614325 0.06366260349751 0.22928392887115
v 0.06791784614325 0.05708362907171 0.23329138755798
v 0.06791784614325 0.04981522634625 0.23584343492985
v 0.06791784614325 0.04217505455017 0.23682850599289
v 0.06791784614325 0.03449702635407 0.2362035959959
v 0.06791784614325 0.02711670659482 0.23399597406387
v 0.06791784614325 0.02035666257143 0.23030214011669
v 0.06791784614325 0.01451231911778 0.22528353333473
v 0.06791784614325 0.00983913149685 0.21915951371193
v 0.06791784614325 0.00654130894691 0.212197676301
v 0.06791784614325 0.00476299971342 0.20470233261585
v 0.06791784614325 0.00458191893995 0.19700103998184
v 0.06791784614325 0.00600599171594 0.18943040072918
v 0.06791784614325 0.00897297263145 0.18232126533985
v 0.06791784614325 0.0133531820029 0.17598436772823
v 0.06791784614325 0.01895518600941 0.17069663107395
v 0.06791784614325 0.02553416229784 0.16668917238712
v 0.06791784614325 0.03280256688595 0.16413712501526
v 0.06791784614325 0.04044273868203 0.16315203905106
v 0.09099145978689 0.05791386216879 0.23504407703876
v 0.09099145978689 0.050262901932 0.23773044347763
v 0.09099145978689 0.0422206223011 0.23876737058163
v 0.06995906680822 0.05791387706995 0.23504407703876
v 0.06995906680822 0.05026292428374 0.23773042857647
v 0.06995906680822 0.04222063720226 0.23876737058163
v 0.09099145978689 0.07073596119881 0.22525967657566
v 0.09099145978689 0.06483909487724 0.23082572221756
v 0.06995906680822 0.07073596864939 0.2252596616745
v 0.06995906680822 0.0648391097784 0.2308257073164
v 0.09099145978689 0.07846984267235 0.2111059576273
v 0.09099145978689 0.07534670084715 0.2185892611742
v 0.06995906680822 0.07846985012293 0.21110594272614
v 0.06995906680822 0.07534670829773 0.21858923137188
v 0.09099145978689 0.03413848206401 0.23810955882072
v 0.09099145978689 0.02636973187327 0.23578575253487
v 0.06995906680822 0.03413850441575 0.23810955882072
v 0.06995906680822 0.02636974863708 0.23578575253487
v 0.09099145978689 0.01925388723612 0.23189750313759
v 0.09099145978689 0.01310195960104 0.22661475837231
v 0.06995906680822 0.01925390772521 0.23189750313759
v 0.06995906680822 0.01310196984559 0.22661477327347
v 0.09099145978689 0.00818279851228 0.22016839683056
v 0.09099145978689 0.00471141934395 0.2128401696682
v 0.06995906680822 0.00818281527609 0.22016841173172
v 0.06995906680822 0.00471142632887 0.2128401696682
v 0.09099145978689 0.0028395249974 0.20495031774044
v 0.09099145978689 0.00264891865663 0.1968436986208
v 0.06995906680822 0.00283953151666 0.2049503326416
v 0.06995906680822 0.00264891865663 0.19684371352196
v 0.09099145978689 0.00414794962853 0.18887458741665
v 0.09099145978689 0.00727108260617 0.1813912987709
v 0.06995906680822 0.00414794310927 0.18887461721897
v 0.06995906680822 0.00727107282728 0.18139131367207
v 0.09099145978689 0.01188183948398 0.17472086846828
v 0.09099146723747 0.01777868717909 0.16915485262871
v 0.06995906680822 0.01188182644546 0.17472088336945
v 0.06995906680822 0.01777867600322 0.16915485262871
v 0.09099146723747 0.0247039347887 0.16493646800518
v 0.09099146723747 0.03235488012433 0.16225011646748
v 0.06995906680822 0.02470391616225 0.16493648290634
v 0.06995906680822 0.03235486522317 0.16225011646748
v 0.09099146723747 0.04039717838168 0.16121317446232
v 0.09099146723747 0.0484793074429 0.16187098622322
v 0.06995906680822 0.04039715602994 0.16121318936348
v 0.06995906680822 0.04847929254174 0.16187098622322
v 0.09099146723747 0.05624806508422 0.16419480741024
v 0.09099146723747 0.06336390227079 0.16808304190636
v 0.06995906680822 0.05624804273248 0.16419479250908
v 0.06995906680822 0.06336388736963 0.16808304190636
v 0.09099145978689 0.06951583921909 0.1733658015728
v 0.09099145978689 0.07443498820066 0.17981214821339
v 0.06995906680822 0.06951581686735 0.17336577177048
v 0.06995906680822 0.07443498075008 0.17981213331223
v 0.09099145978689 0.07790637016296 0.18714040517807
v 0.09099145978689 0.0797782689333 0.19503024220467
v 0.06995906680822 0.07790636271238 0.18714037537575
v 0.06995906680822 0.07977826148272 0.1950302273035
v 0.09099145978689 0.07996886968613 0.20313686132431
v 0.06995906680822 0.07996886968613 0.20313684642315
v 0.09403998404741 0.01992738433182 0.18831224739552
v 0.09403998404741 0.01702602393925 0.19801850616932
v 0.09403998404741 0.02652578987181 0.18062521517277
v 0.09403998404741 0.03568033501506 0.17628657817841
v 0.09403998404741 0.04580810666084 0.17604653537273
v 0.09403998404741 0.05515792220831 0.17994657158852
v 0.09403998404741 0.06211312115192 0.18731234967709
v 0.09403998404741 0.06547106802464 0.1968702673912
v 0.09403998404741 0.06465116143227 0.20696763694286
v 0.09403998404741 0.05979515984654 0.21585857868195
v 0.09403998404741 0.05174272507429 0.22200573980808
v 0.09403998404741 0.04188617691398 0.22434622049332
v 0.09403998404741 0.03192980960011 0.22247533500195
v 0.09403998404741 0.02359516918659 0.21671658754349
v 0.09403998404741 0.01832339912653 0.20806570351124
v 0.09072554111481 0.02230440080166 0.18961051106453
v 0.09072554111481 0.019725587219 0.19823771715164
v 0.09072554111481 0.02816925011575 0.18277806043625
v 0.09072554856539 0.0363060683012 0.17892175912857
v 0.09072554111481 0.04530792310834 0.17870838940144
v 0.09072554111481 0.05361830443144 0.18217486143112
v 0.09072554856539 0.05980028584599 0.18872177600861
v 0.09072554856539 0.06278493255377 0.19721712172031
v 0.09072554856539 0.06205616518855 0.20619195699692
v 0.09072554111481 0.05774001404643 0.21409447491169
v 0.09072554111481 0.05058277770877 0.21955823898315
v 0.09072554111481 0.04182199761271 0.22163854539394
v 0.09072554111481 0.03297249600291 0.21997563540936
v 0.09072554111481 0.02556442841887 0.21485710144043
v 0.09072554111481 0.02087873220444 0.20716793835163
v 0.09330625087023 0.02885025925934 0.19318568706512
v 0.09330625087023 0.02715968713164 0.1988413631916
v 0.09330625087023 0.03269503638148 0.18870659172535
v 0.09330625832081 0.03802922740579 0.18617855012417
v 0.09330625087023 0.04393050447106 0.18603867292404
v 0.09330625087023 0.04937847703695 0.18831115961075
v 0.09330625832081 0.05343115329742 0.19260306656361
v 0.09330625832081 0.05538777261972 0.198172301054
v 0.09330625087023 0.0549100227654 0.20405586063862
v 0.09330625087023 0.0520805157721 0.20923645794392
v 0.09330625087023 0.04738850146532 0.21281829476357
v 0.09330625087023 0.04164526239038 0.21418206393719
v 0.09330625087023 0.03584386408329 0.21309192478657
v 0.09330625087023 0.03098741360009 0.20973640680313
v 0.09330625087023 0.02791564725339 0.20469568669796
v 0.09213177859783 0.04130889102817 0.19999027252197
# 181 vertices

vn 0.99952387809753 -0.03063414804637 0.00368570513092
vn 0.83313196897507 -0.55110120773315 -0.04667534679174
vn 0.83294028043747 -0.54908883571625 0.06864399462938
vn 0.83294016122818 -0.52953767776489 -0.16062539815903
vn 0.99952387809753 -0.02948477305472 -0.00909298285842
vn 0.83313208818436 -0.48447120189667 -0.26679316163063
vn 0.83293986320496 -0.41842505335808 -0.36212110519409
vn 0.99952387809753 -0.0232372302562 -0.02029940113425
vn 0.8331316113472 -0.33407241106033 -0.44078031182289
vn 0.83294039964676 -0.23496179282665 -0.5010022521019
vn 0.99952387809753 -0.0129718137905 -0.02799597196281
vn 0.83313202857971 -0.12590879201889 -0.53855180740356
vn 0.83293998241425 -0.01087251212448 -0.55325651168823
vn 0.99952387809753 -0.00046333236969 -0.03085163980722
vn 0.83313226699829 0.1040256395936 -0.54320281744003
vn 0.83294081687927 0.21509636938572 -0.50984621047974
vn 0.99952387809753 0.01212510839105 -0.02837278880179
vn 0.83313250541687 0.31597217917442 -0.45392924547195
vn 0.83294057846069 0.40387403964996 -0.37827995419502
vn 0.99952387809753 0.02261716499925 -0.02098807506263
vn 0.8331326842308 0.47328445315361 -0.286167293787
vn 0.83294081687927 0.52281731367111 -0.18130539357662
vn 0.99952387809753 0.02919849939644 -0.00997436232865
vn 0.8331326842308 0.54876160621643 -0.06892472505569
vn 0.83294075727463 0.55136108398438 0.04701792448759
vn 0.99952387809753 0.03073099441826 0.00276400987059
vn 0.83313238620758 0.5293533205986 0.16023574769497
vn 0.83294075727463 0.48456943035126 0.26721185445786
vn 0.99952387809753 0.02694987133145 0.01502449437976
vn 0.83313304185867 0.4184139072895 0.36168935894966
vn 0.83294063806534 0.33399137854576 0.44120255112648
vn 0.99952387809753 0.01850887387991 0.02468731068075
vn 0.83313184976578 0.23512871563435 0.50060546398163
vn 0.83294016122818 0.12566341459751 0.53890573978424
vn 0.99952387809753 0.00686760153621 0.03008116781712
vn 0.83313238620758 0.01118565537035 0.55296051502228
vn 0.83294081687927 -0.10439351201057 0.54342579841614
vn 0.99952387809753 -0.00596124818549 0.03027387149632
vn 0.83313274383545 -0.21468979120255 0.50970393419266
vn 0.83294069766998 -0.31639942526817 0.45398372411728
vn 0.99952387809753 -0.01775930635631 0.02523187361658
vn 0.83313244581223 -0.40344467759132 0.37831556797028
vn 0.83294063806534 -0.47369700670242 0.28604373335838
vn 0.99952387809753 -0.0264865141362 0.01582721434534
vn 0.83313232660294 -0.52244013547897 0.18151259422302
vn -0.91915547847748 0.22397115826607 -0.32402175664902
vn -0.91915559768677 -0.29883524775505 -0.25661346316338
vn -0.9191552400589 -0.23895236849785 -0.31313794851303
vn -0.91915541887283 0.1517089009285 -0.36350753903389
vn -0.91915529966354 0.28644496202469 -0.27037528157234
vn -0.91915571689606 -0.345657736063 -0.18887437880039
vn -0.85405021905899 -0.12008406221867 -0.50614029169083
vn -0.85405051708221 -0.01222749520093 -0.5200462937355
vn -0.91915518045425 0.07281606644392 -0.38710659742355
vn -0.91915488243103 -0.16862618923187 -0.35597687959671
vn -0.91915559768677 -0.37737375497818 -0.11288091540337
vn -0.91915535926819 0.33639943599701 -0.20491173863411
vn -0.91915547847748 0.37165173888206 -0.13049228489399
vn -0.91915541887283 -0.3925969004631 -0.03195371851325
vn -0.91915535926819 0.39066129922867 -0.05036986246705
vn -0.91915541887283 -0.39066123962402 0.05037002265453
vn -0.91915535926819 0.39259701967239 0.03195362910628
vn -0.91915565729141 -0.37165126204491 0.13049212098122
vn -0.91915547847748 0.37737384438515 0.11288110166788
vn -0.91915589570999 -0.33639842271805 0.20491097867489
vn -0.91915565729141 0.34565779566765 0.18887458741665
vn -0.91915601491928 -0.2864436507225 0.27037420868874
vn -0.91915571689606 0.2988353073597 0.25661298632622
vn -0.91915571689606 -0.22397069633007 0.32402139902115
vn -0.91915541887283 0.23895241320133 0.31313744187355
vn -0.91915535926819 -0.1517089754343 0.36350756883621
vn -0.91915500164032 0.16862587630749 0.35597670078278
vn -0.91915518045425 -0.07281651347876 0.38710656762123
vn -0.85405015945435 0.12008415162563 0.50614047050476
vn -0.85405057668686 0.01222750917077 0.52004623413086
vn -0.37131899595261 0.39749073982239 0.83912056684494
vn -0.37131890654564 0.21434225142002 0.90342664718628
vn -0.37131944298744 0.02182505838573 0.92824864387512
vn 0.26744011044502 0.22243778407574 0.93754851818085
vn 0.26744022965431 0.41250386834145 0.87081354856491
vn 0.26744079589844 0.02264882810414 0.96330809593201
vn -0.37132090330124 0.70442700386047 0.6048995256424
vn -0.37132003903389 0.56326752901077 0.73814028501511
vn 0.26744148135185 0.58454144001007 0.76601982116699
vn 0.26744225621223 0.73103255033493 0.62774682044983
vn -0.37132021784782 0.88956087827682 0.26608788967133
vn -0.37132063508034 0.81479907035828 0.4452229142189
vn 0.26744151115417 0.84557378292084 0.46203896403313
vn 0.26744124293327 0.92315924167633 0.27613797783852
vn -0.37131956219673 -0.17164576053619 0.9125018119812
vn -0.37132015824318 -0.35761412978172 0.8568742275238
vn 0.26744145154953 -0.17812888324261 0.94696629047394
vn 0.26744168996811 -0.37112087011337 0.88923799991608
vn -0.37132096290588 -0.52795344591141 0.76379704475403
vn -0.37132152915001 -0.67521834373474 0.63733857870102
vn 0.26744112372398 -0.54789447784424 0.79264545440674
vn 0.26744106411934 -0.70072185993195 0.66141068935394
vn -0.37132126092911 -0.79297363758087 0.48302522301674
vn -0.37132063508034 -0.87607216835022 0.30760118365288
vn 0.26744130253792 -0.8229244351387 0.50126892328262
vn 0.26744115352631 -0.90916138887405 0.31921896338463
vn -0.37132006883621 -0.92088198661804 0.11873403936625
vn -0.37132003903389 -0.9254447221756 -0.07532269507647
vn 0.26744079589844 -0.95566344261169 0.12321840971708
vn 0.26744055747986 -0.96039855480194 -0.07816777378321
vn -0.37132039666176 -0.88956087827682 -0.26608765125275
vn -0.37132069468498 -0.81479907035828 -0.44522294402122
vn 0.26744067668915 -0.92315942049026 -0.27613797783852
vn 0.26744079589844 -0.84557384252548 -0.46203923225403
vn -0.37132039666176 -0.70442658662796 -0.60490024089813
vn -0.37131956219673 -0.56326746940613 -0.73814064264297
vn 0.26744025945663 -0.73103272914886 -0.62774747610092
vn 0.26744014024734 -0.58454191684723 -0.76601988077164
vn -0.37131881713867 -0.39749106764793 -0.8391205072403
vn -0.37131893634796 -0.21434192359447 -0.90342670679092
vn 0.26744112372398 -0.41250365972519 -0.87081336975098
vn 0.26744079589844 -0.22243741154671 -0.93754839897156
vn -0.37131926417351 -0.02182527817786 -0.92824870347977
vn -0.37131956219673 0.17164500057697 -0.91250193119049
vn 0.26744028925896 -0.02264951914549 -0.9633082151413
vn 0.2674412727356 0.17812851071358 -0.94696640968323
vn -0.37132000923157 0.35761412978172 -0.85687434673309
vn -0.37132024765015 0.52795392274857 -0.76379704475403
vn 0.26744186878204 0.37112087011337 -0.88923794031143
vn 0.26744151115417 0.54789453744888 -0.79264533519745
vn -0.37131989002228 0.67521911859512 -0.63733869791031
vn -0.37131997942924 0.79297399520874 -0.48302561044693
vn 0.26744130253792 0.70072209835052 -0.66141039133072
vn 0.2674418091774 0.82292437553406 -0.50126874446869
vn -0.37132006883621 0.8760724067688 -0.30760133266449
vn -0.37131994962692 0.92088204622269 -0.11873379349709
vn 0.26744189858437 0.90916121006012 -0.31921887397766
vn 0.26744189858437 0.95566314458847 -0.12321820855141
vn -0.37131994962692 0.92544478178024 0.0753225684166
vn 0.26744168996811 0.96039819717407 0.07816770672798
vn 0.87309002876282 0.48595952987671 0.03945997357368
vn 0.87308996915817 0.42789652943611 0.23370602726936
vn 0.87309002876282 0.29584613442421 0.3875420987606
vn 0.87308990955353 0.11264138668776 0.47436892986298
vn 0.87308984994888 -0.09004033356905 0.47917306423187
vn 0.87308973073959 -0.27715343236923 0.40112379193306
vn 0.87308984994888 -0.41634377837181 0.25371626019478
vn 0.87308996915817 -0.48354449868202 0.06243885681033
vn 0.87309002876282 -0.46713590621948 -0.13963447511196
vn 0.87309002876282 -0.36995562911034 -0.3175635933876
vn 0.87308996915817 -0.20880696177483 -0.4405831694603
vn 0.87308996915817 -0.01155291777104 -0.4874222278595
vn 0.87308984994888 0.18769858777523 -0.44998145103455
vn 0.87309002876282 0.35449492931366 -0.33473446965218
vn 0.87309002876282 0.45999595522881 -0.16160902380943
vn 0.96311235427856 0.26821672916412 0.02177924849093
vn 0.96311229467392 0.23616994917393 0.12898996472359
vn 0.96311235427856 0.16328710317612 0.21389710903168
vn 0.96311229467392 0.06217043474317 0.26181972026825
vn 0.96311223506927 -0.04969626292586 0.26447135210037
vn 0.96311217546463 -0.15297009050846 0.22139348089695
vn 0.96311223506927 -0.22979383170605 0.1400343477726
vn 0.96311229467392 -0.26688399910927 0.03446206077933
vn 0.96311235427856 -0.25782740116119 -0.07706873863935
vn 0.96311235427856 -0.20419043302536 -0.17527361214161
vn 0.96311217546463 -0.1152476593852 -0.24317270517349
vn 0.96311205625534 -0.00637653190643 -0.26902514696121
vn 0.9631119966507 0.10359744727612 -0.24836029112339
vn 0.96311211585999 0.19565786421299 -0.18475142121315
vn 0.96311223506927 0.25388705730438 -0.08919736742973
vn 0.992192029953 -0.12431035935879 -0.01009393949062
vn 0.992192029953 -0.10945753753185 -0.05978287011385
vn 0.992192029953 -0.07567851990461 -0.09913469105959
vn 0.992192029953 -0.02881410345435 -0.12134524434805
vn 0.99219208955765 0.02303258702159 -0.12257409840822
vn 0.992192029953 0.07089678943157 -0.10260880738497
vn 0.99219208955765 0.10650216788054 -0.06490147858858
vn 0.992192029953 0.12369246035814 -0.0159720517695
vn 0.992192029953 0.11949515342712 0.03571905568242
vn 0.992192029953 0.09463606774807 0.0812339708209
vn 0.99219208955765 0.05341295897961 0.11270278692245
vn 0.992192029953 0.00295526953414 0.12468433380127
vn 0.99219208955765 -0.04801377654076 0.11510647833347
vn 0.992192029953 -0.09068138152361 0.08562610298395
vn 0.992192029953 -0.11766862869263 0.04134048521519
vn 1 -0.00000012761063 0.00000007950741
# 181 normals

vt 0.90113043785095 0.97170227766037 0
vt 0.89938503503799 0.99066781997681 0
vt 0.88197785615921 0.98758584260941 0
vt 0.9170543551445 0.99008619785309 0
vt 0.92817437648773 0.96796458959579 0
vt 0.93421339988708 0.98586624860764 0
vt 0.95011234283447 0.97819268703461 0
vt 0.95134907960892 0.95357531309128 0
vt 0.96405631303787 0.96740067005157 0
vt 0.97543555498123 0.95396202802658 0
vt 0.96664768457413 0.9310222864151 0
vt 0.98375344276428 0.93846380710602 0
vt 0.98864549398422 0.92158365249634 0
vt 0.97142463922501 0.90420526266098 0
vt 0.9898989200592 0.90405917167664 0
vt 0.98745822906494 0.88665622472763 0
vt 0.96485394239426 0.87776106595993 0
vt 0.98143029212952 0.87013548612595 0
vt 0.97207862138748 0.85521912574768 0
vt 0.94807213544846 0.85626214742661 0
vt 0.95981168746948 0.84255868196487 0
vt 0.94516611099243 0.83270782232285 0
vt 0.92398029565811 0.84342586994171 0
vt 0.92878150939941 0.82609689235687 0
vt 0.91137409210205 0.82301497459412 0
vt 0.89674454927444 0.8414717912674 0
vt 0.89370477199554 0.82359659671783 0
vt 0.87654590606689 0.82781654596329 0
vt 0.87107419967651 0.85073775053024 0
vt 0.86064678430557 0.83549010753632 0
vt 0.84670281410217 0.84628218412399 0
vt 0.85140776634216 0.86962151527405 0
vt 0.83532357215881 0.85972100496292 0
vt 0.8270058631897 0.87521910667419 0
vt 0.84114569425583 0.8948580622673 0
vt 0.82211363315582 0.89209920167923 0
vt 0.82086038589478 0.90962380170822 0
vt 0.84206247329712 0.92208361625671 0
vt 0.82330107688904 0.92702662944794 0
vt 0.82932901382446 0.94354730844498 0
vt 0.85399967432022 0.94659066200256 0
vt 0.8386806845665 0.95846384763718 0
vt 0.85094749927521 0.97112411260605 0
vt 0.87489330768585 0.96414172649384 0
vt 0.86559319496155 0.98097497224808 0
vt 0.96934098005295 0.85328191518784 0
vt 0.96529501676559 0.96397823095322 0
vt 0.97601628303528 0.95035821199417 0
vt 0.97903972864151 0.86764168739319 0
vt 0.95685493946075 0.84124338626862 0
vt 0.95196336507797 0.97508162260056 0
vt 0.98788857460022 0.91803294420242 0
vt 0.98852074146271 0.90074044466019 0
vt 0.98552745580673 0.88369500637054 0
vt 0.98365896940231 0.93481665849686 0
vt 0.93660396337509 0.98318284749985 0
vt 0.94212782382965 0.83205223083496 0
vt 0.92580270767212 0.8261102437973 0
vt 0.91988849639893 0.98792815208435 0
vt 0.90859371423721 0.82367694377899 0
vt 0.90254706144333 0.98911011219025 0
vt 0.89125245809555 0.8248587846756 0
vt 0.88533806800842 0.98667669296265 0
vt 0.87453681230545 0.82960397005081 0
vt 0.86901313066483 0.9807345867157 0
vt 0.85917776823044 0.83770537376404 0
vt 0.85428589582443 0.97154349088669 0
vt 0.84584593772888 0.84880858659744 0
vt 0.84180003404617 0.95950502157211 0
vt 0.83729654550552 0.86279535293579 0
vt 0.83210122585297 0.94514524936676 0
vt 0.82748180627823 0.87797027826309 0
vt 0.82561331987381 0.9290919303894 0
vt 0.82325220108032 0.89475399255753 0
vt 0.82262027263641 0.91204655170441 0
vt 0.9434067606926 0.8144297003746 0
vt 0.94752645492554 0.8144297003746 0
vt 0.94752645492554 0.79132384061813 0
vt 0.9434067606926 0.79132384061813 0
vt 0.94752645492554 0.76621025800705 0
vt 0.9434067606926 0.76621025800705 0
vt 0.99003010988235 0.79132384061813 0
vt 0.99003010988235 0.8144297003746 0
vt 0.99491316080093 0.8144297003746 0
vt 0.99491316080093 0.79132384061813 0
vt 0.99003005027771 0.76621025800705 0
vt 0.99491316080093 0.76621025800705 0
vt 0.90198141336441 0.96232396364212 0
vt 0.92502248287201 0.95904672145844 0
vt 0.92835611104965 0.96810013055801 0
vt 0.90133512020111 0.97194337844849 0
vt 0.94472652673721 0.94670689105988 0
vt 0.95146369934082 0.953628718853 0
vt 0.95768654346466 0.92743813991547 0
vt 0.96666240692139 0.93103170394897 0
vt 0.96166163682938 0.90457212924957 0
vt 0.97132402658463 0.90421599149704 0
vt 0.95596444606781 0.88206273317337 0
vt 0.96464276313782 0.8778184056282 0
vt 0.94158005714416 0.86380183696747 0
vt 0.94777369499207 0.85640335083008 0
vt 0.92099577188492 0.85294723510742 0
vt 0.92363375425339 0.84367370605469 0
vt 0.89777046442032 0.85137540102005 0
vt 0.89639681577682 0.84183037281036 0
vt 0.87592047452927 0.85935831069946 0
vt 0.8707726597786 0.85119223594666 0
vt 0.85922354459763 0.8755156993866 0
vt 0.85119152069092 0.87014049291611 0
vt 0.85056680440903 0.89705365896225 0
vt 0.84103953838348 0.89539879560471 0
vt 0.85144716501236 0.92024827003479 0
vt 0.84207189083099 0.92259985208511 0
vt 0.86171227693558 0.94108879566193 0
vt 0.85411018133163 0.94704037904739 0
vt 0.87958723306656 0.95597177743912 0
vt 0.87507271766663 0.9644940495491 0
vt 0.90239727497101 0.9561328291893 0
vt 0.92287689447403 0.95321995019913 0
vt 0.94039052724838 0.94225186109543 0
vt 0.95190978050232 0.9251252412796 0
vt 0.95544290542603 0.90480142831802 0
vt 0.9503790140152 0.88479441404343 0
vt 0.93759375810623 0.86856365203857 0
vt 0.91929775476456 0.85891562700272 0
vt 0.89865463972092 0.85751855373383 0
vt 0.87923365831375 0.86461400985718 0
vt 0.86439293622971 0.87897521257401 0
vt 0.85669857263565 0.89811879396439 0
vt 0.85748106241226 0.91873478889465 0
vt 0.86660498380661 0.93725836277008 0
vt 0.88249278068542 0.9504868388176 0
vt 0.90354293584824 0.93908357620239 0
vt 0.91696858406067 0.93717396259308 0
vt 0.92844974994659 0.92998379468918 0
vt 0.93600130081177 0.91875618696213 0
vt 0.93831747770309 0.90543270111084 0
vt 0.93499797582626 0.8923168182373 0
vt 0.92661637067795 0.88167649507523 0
vt 0.9146221280098 0.87535160779953 0
vt 0.90108919143677 0.87443578243256 0
vt 0.88835763931274 0.87908732891083 0
vt 0.87862867116928 0.8885018825531 0
vt 0.87358444929123 0.90105175971985 0
vt 0.87409746646881 0.91456687450409 0
vt 0.88007885217667 0.92671030759811 0
vt 0.89049416780472 0.93538236618042 0
vt 0.90572315454483 0.90663403272629 0
# 148 texture coordinates

o FL
usemtl Body
f 1655/1861/1849 1656/1860/1848 1641/1859/1847
f 1640/1863/1851 1641/1859/1847 1656/1860/1848 1657/1862/1850
f 1657/1862/1850 1658/1864/1852 1640/1863/1851
f 1642/1866/1854 1640/1863/1851 1658/1864/1852 1659/1865/1853
f 1659/1865/1853 1660/1867/1855 1642/1866/1854
f 1643/1869/1857 1642/1866/1854 1660/1867/1855 1661/1868/1856
f 1661/1868/1856 1662/1870/1858 1643/1869/1857
f 1644/1872/1860 1643/1869/1857 1662/1870/1858 1663/1871/1859
f 1663/1871/1859 1664/1873/1861 1644/1872/1860
f 1645/1875/1863 1644/1872/1860 1664/1873/1861 1665/1874/1862
f 1665/1874/1862 1666/1876/1864 1645/1875/1863
f 1646/1878/1866 1645/1875/1863 1666/1876/1864 1667/1877/1865
f 1667/1877/1865 1668/1879/1867 1646/1878/1866
f 1647/1881/1869 1646/1878/1866 1668/1879/1867 1669/1880/1868
f 1669/1880/1868 1670/1882/1870 1647/1881/1869
f 1648/1884/1872 1647/1881/1869 1670/1882/1870 1671/1883/1871
f 1671/1883/1871 1672/1885/1873 1648/1884/1872
f 1649/1887/1875 1648/1884/1872 1672/1885/1873 1673/1886/1874
f 1673/1886/1874 1674/1888/1876 1649/1887/1875
f 1650/1890/1878 1649/1887/1875 1674/1888/1876 1675/1889/1877
f 1675/1889/1877 1676/1891/1879 1650/1890/1878
f 1651/1893/1881 1650/1890/1878 1676/1891/1879 1677/1892/1880
f 1677/1892/1880 1678/1894/1882 1651/1893/1881
f 1652/1896/1884 1651/1893/1881 1678/1894/1882 1679/1895/1883
f 1679/1895/1883 1680/1897/1885 1652/1896/1884
f 1653/1899/1887 1652/1896/1884 1680/1897/1885 1681/1898/1886
f 1681/1898/1886 1682/1900/1888 1653/1899/1887
f 1654/1902/1890 1653/1899/1887 1682/1900/1888 1683/1901/1889
f 1683/1901/1889 1684/1903/1891 1654/1902/1890
f 1641/1859/1847 1654/1902/1890 1684/1903/1891 1655/1861/1849
f 1689/1907/1895 1711/1906/1894 1710/1905/1893 1685/1904/1892
f 1709/1909/1897 1686/1908/1896 1685/1904/1892 1710/1905/1893
f 1712/1913/1901 1688/1912/1900 1714/1911/1899 1713/1910/1898
f 1688/1912/1900 1712/1913/1901 1711/1906/1894 1689/1907/1895
f 1707/1917/1905 1690/1916/1904 1687/1915/1903 1708/1914/1902
f 1706/1919/1907 1691/1918/1906 1690/1916/1904 1707/1917/1905
f 1691/1918/1906 1706/1919/1907 1705/1921/1909 1692/1920/1908
f 1692/1920/1908 1705/1921/1909 1704/1923/1911 1693/1922/1910
f 1693/1922/1910 1704/1923/1911 1703/1925/1913 1694/1924/1912
f 1694/1924/1912 1703/1925/1913 1702/1927/1915 1695/1926/1914
f 1695/1926/1914 1702/1927/1915 1701/1929/1917 1696/1928/1916
f 1696/1928/1916 1701/1929/1917 1700/1931/1919 1697/1930/1918
f 1699/1933/1921 1698/1932/1920 1697/1930/1918 1700/1931/1919
f 1708/1914/1902 1687/1915/1903 1686/1908/1896 1709/1909/1897
f 1698/1937/1920 1719/1936/1923 1718/1935/1922 1697/1934/1918
f 1699/1939/1921 1720/1938/1924 1719/1936/1923 1698/1937/1920
f 1677/1943/1880 1676/1942/1879 1715/1941/1926 1716/1940/1925
f 1678/1945/1882 1677/1943/1880 1716/1940/1925 1717/1944/1927
f 1716/1940/1925 1715/1941/1926 1718/1935/1922 1719/1936/1923
f 1717/1944/1927 1716/1940/1925 1719/1936/1923 1720/1938/1924
f 1696/1937/1916 1724/1936/1929 1723/1935/1928 1695/1934/1914
f 1697/1939/1918 1718/1938/1922 1724/1936/1929 1696/1937/1916
f 1675/1943/1877 1674/1942/1876 1721/1941/1931 1722/1940/1930
f 1676/1945/1879 1675/1943/1877 1722/1940/1930 1715/1944/1926
f 1722/1940/1930 1721/1941/1931 1723/1935/1928 1724/1936/1929
f 1715/1944/1926 1722/1940/1930 1724/1936/1929 1718/1938/1922
f 1694/1937/1912 1728/1936/1933 1727/1935/1932 1693/1934/1910
f 1695/1939/1914 1723/1938/1928 1728/1936/1933 1694/1937/1912
f 1673/1943/1874 1672/1942/1873 1725/1941/1935 1726/1940/1934
f 1674/1945/1876 1673/1943/1874 1726/1940/1934 1721/1944/1931
f 1726/1940/1934 1725/1941/1935 1727/1935/1932 1728/1936/1933
f 1721/1944/1931 1726/1940/1934 1728/1936/1933 1723/1938/1928
f 1700/1937/1919 1731/1936/1936 1720/1935/1924 1699/1934/1921
f 1701/1939/1917 1732/1938/1937 1731/1936/1936 1700/1937/1919
f 1679/1943/1883 1678/1942/1882 1717/1941/1927 1729/1940/1938
f 1680/1945/1885 1679/1943/1883 1729/1940/1938 1730/1944/1939
f 1729/1940/1938 1717/1941/1927 1720/1935/1924 1731/1936/1936
f 1730/1944/1939 1729/1940/1938 1731/1936/1936 1732/1938/1937
f 1702/1937/1915 1735/1936/1940 1732/1935/1937 1701/1934/1917
f 1703/1939/1913 1736/1938/1941 1735/1936/1940 1702/1937/1915
f 1681/1943/1886 1680/1942/1885 1730/1941/1939 1733/1940/1942
f 1682/1945/1888 1681/1943/1886 1733/1940/1942 1734/1944/1943
f 1733/1940/1942 1730/1941/1939 1732/1935/1937 1735/1936/1940
f 1734/1944/1943 1733/1940/1942 1735/1936/1940 1736/1938/1941
f 1704/1937/1911 1739/1936/1944 1736/1935/1941 1703/1934/1913
f 1705/1939/1909 1740/1938/1945 1739/1936/1944 1704/1937/1911
f 1683/1943/1889 1682/1942/1888 1734/1941/1943 1737/1940/1946
f 1684/1945/1891 1683/1943/1889 1737/1940/1946 1738/1944/1947
f 1737/1940/1946 1734/1941/1943 1736/1935/1941 1739/1936/1944
f 1738/1944/1947 1737/1940/1946 1739/1936/1944 1740/1938/1945
f 1706/1937/1907 1743/1936/1948 1740/1935/1945 1705/1934/1909
f 1707/1939/1905 1744/1938/1949 1743/1936/1948 1706/1937/1907
f 1655/1943/1849 1684/1942/1891 1738/1941/1947 1741/1940/1950
f 1656/1945/1848 1655/1943/1849 1741/1940/1950 1742/1944/1951
f 1741/1940/1950 1738/1941/1947 1740/1935/1945 1743/1936/1948
f 1742/1944/1951 1741/1940/1950 1743/1936/1948 1744/1938/1949
f 1708/1937/1902 1747/1936/1952 1744/1935/1949 1707/1934/1905
f 1709/1939/1897 1748/1938/1953 1747/1936/1952 1708/1937/1902
f 1657/1943/1850 1656/1942/1848 1742/1941/1951 1745/1940/1954
f 1658/1945/1852 1657/1943/1850 1745/1940/1954 1746/1944/1955
f 1745/1940/1954 1742/1941/1951 1744/1935/1949 1747/1936/1952
f 1746/1944/1955 1745/1940/1954 1747/1936/1952 1748/1938/1953
f 1710/1937/1893 1751/1936/1956 1748/1935/1953 1709/1934/1897
f 1711/1939/1894 1752/1938/1957 1751/1936/1956 1710/1937/1893
f 1659/1943/1853 1658/1942/1852 1746/1941/1955 1749/1940/1958
f 1660/1945/1855 1659/1943/1853 1749/1940/1958 1750/1944/1959
f 1749/1940/1958 1746/1941/1955 1748/1935/1953 1751/1936/1956
f 1750/1944/1959 1749/1940/1958 1751/1936/1956 1752/1938/1957
f 1712/1937/1901 1755/1936/1960 1752/1935/1957 1711/1934/1894
f 1713/1939/1898 1756/1938/1961 1755/1936/1960 1712/1937/1901
f 1661/1943/1856 1660/1942/1855 1750/1941/1959 1753/1940/1962
f 1662/1945/1858 1661/1943/1856 1753/1940/1962 1754/1944/1963
f 1753/1940/1962 1750/1941/1959 1752/1935/1957 1755/1936/1960
f 1754/1944/1963 1753/1940/1962 1755/1936/1960 1756/1938/1961
f 1714/1937/1899 1759/1936/1964 1756/1935/1961 1713/1934/1898
f 1688/1939/1900 1760/1938/1965 1759/1936/1964 1714/1937/1899
f 1663/1943/1859 1662/1942/1858 1754/1941/1963 1757/1940/1966
f 1664/1945/1861 1663/1943/1859 1757/1940/1966 1758/1944/1967
f 1757/1940/1966 1754/1941/1963 1756/1935/1961 1759/1936/1964
f 1758/1944/1967 1757/1940/1966 1759/1936/1964 1760/1938/1965
f 1689/1937/1895 1763/1936/1968 1760/1935/1965 1688/1934/1900
f 1685/1939/1892 1764/1938/1969 1763/1936/1968 1689/1937/1895
f 1665/1943/1862 1664/1942/1861 1758/1941/1967 1761/1940/1970
f 1666/1945/1864 1665/1943/1862 1761/1940/1970 1762/1944/1971
f 1761/1940/1970 1758/1941/1967 1760/1935/1965 1763/1936/1968
f 1762/1944/1971 1761/1940/1970 1763/1936/1968 1764/1938/1969
f 1686/1937/1896 1767/1936/1972 1764/1935/1969 1685/1934/1892
f 1687/1939/1903 1768/1938/1973 1767/1936/1972 1686/1937/1896
f 1667/1943/1865 1666/1942/1864 1762/1941/1971 1765/1940/1974
f 1668/1945/1867 1667/1943/1865 1765/1940/1974 1766/1944/1975
f 1765/1940/1974 1762/1941/1971 1764/1935/1969 1767/1936/1972
f 1766/1944/1975 1765/1940/1974 1767/1936/1972 1768/1938/1973
f 1690/1937/1904 1771/1936/1976 1768/1935/1973 1687/1934/1903
f 1691/1939/1906 1772/1938/1977 1771/1936/1976 1690/1937/1904
f 1669/1943/1868 1668/1942/1867 1766/1941/1975 1769/1940/1978
f 1670/1945/1870 1669/1943/1868 1769/1940/1978 1770/1944/1979
f 1769/1940/1978 1766/1941/1975 1768/1935/1973 1771/1936/1976
f 1770/1944/1979 1769/1940/1978 1771/1936/1976 1772/1938/1977
f 1692/1937/1908 1774/1936/1980 1772/1935/1977 1691/1934/1906
f 1693/1939/1910 1727/1938/1932 1774/1936/1980 1692/1937/1908
f 1671/1943/1871 1670/1942/1870 1770/1941/1979 1773/1940/1981
f 1672/1945/1873 1671/1943/1871 1773/1940/1981 1725/1944/1935
f 1773/1940/1981 1770/1941/1979 1772/1935/1977 1774/1936/1980
f 1725/1944/1935 1773/1940/1981 1774/1936/1980 1727/1938/1932
f 1641/1949/1847 1640/1948/1851 1775/1947/1983 1776/1946/1982
f 1640/1948/1851 1642/1951/1854 1777/1950/1984 1775/1947/1983
f 1642/1951/1854 1643/1953/1857 1778/1952/1985 1777/1950/1984
f 1643/1953/1857 1644/1955/1860 1779/1954/1986 1778/1952/1985
f 1644/1955/1860 1645/1957/1863 1780/1956/1987 1779/1954/1986
f 1645/1957/1863 1646/1959/1866 1781/1958/1988 1780/1956/1987
f 1646/1959/1866 1647/1961/1869 1782/1960/1989 1781/1958/1988
f 1647/1961/1869 1648/1963/1872 1783/1962/1990 1782/1960/1989
f 1648/1963/1872 1649/1965/1875 1784/1964/1991 1783/1962/1990
f 1649/1965/1875 1650/1967/1878 1785/1966/1992 1784/1964/1991
f 1650/1967/1878 1651/1969/1881 1786/1968/1993 1785/1966/1992
f 1651/1969/1881 1652/1971/1884 1787/1970/1994 1786/1968/1993
f 1652/1971/1884 1653/1973/1887 1788/1972/1995 1787/1970/1994
f 1653/1973/1887 1654/1975/1890 1789/1974/1996 1788/1972/1995
f 1654/1975/1890 1641/1949/1847 1776/1946/1982 1789/1974/1996
f 1776/1946/1982 1775/1947/1983 1790/1977/1998 1791/1976/1997
f 1775/1947/1983 1777/1950/1984 1792/1978/1999 1790/1977/1998
f 1777/1950/1984 1778/1952/1985 1793/1979/2000 1792/1978/1999
f 1778/1952/1985 1779/1954/1986 1794/1980/2001 1793/1979/2000
f 1779/1954/1986 1780/1956/1987 1795/1981/2002 1794/1980/2001
f 1780/1956/1987 1781/1958/1988 1796/1982/2003 1795/1981/2002
f 1781/1958/1988 1782/1960/1989 1797/1983/2004 1796/1982/2003
f 1782/1960/1989 1783/1962/1990 1798/1984/2005 1797/1983/2004
f 1783/1962/1990 1784/1964/1991 1799/1985/2006 1798/1984/2005
f 1784/1964/1991 1785/1966/1992 1800/1986/2007 1799/1985/2006
f 1785/1966/1992 1786/1968/1993 1801/1987/2008 1800/1986/2007
f 1786/1968/1993 1787/1970/1994 1802/1988/2009 1801/1987/2008
f 1787/1970/1994 1788/1972/1995 1803/1989/2010 1802/1988/2009
f 1788/1972/1995 1789/1974/1996 1804/1990/2011 1803/1989/2010
f 1789/1974/1996 1776/1946/1982 1791/1976/1997 1804/1990/2011
f 1791/1976/1997 1790/1977/1998 1805/1992/2013 1806/1991/2012
f 1790/1977/1998 1792/1978/1999 1807/1993/2014 1805/1992/2013
f 1792/1978/1999 1793/1979/2000 1808/1994/2015 1807/1993/2014
f 1793/1979/2000 1794/1980/2001 1809/1995/2016 1808/1994/2015
f 1794/1980/2001 1795/1981/2002 1810/1996/2017 1809/1995/2016
f 1795/1981/2002 1796/1982/2003 1811/1997/2018 1810/1996/2017
f 1796/1982/2003 1797/1983/2004 1812/1998/2019 1811/1997/2018
f 1797/1983/2004 1798/1984/2005 1813/1999/2020 1812/1998/2019
f 1798/1984/2005 1799/1985/2006 1814/2000/2021 1813/1999/2020
f 1799/1985/2006 1800/1986/2007 1815/2001/2022 1814/2000/2021
f 1800/1986/2007 1801/1987/2008 1816/2002/2023 1815/2001/2022
f 1801/1987/2008 1802/1988/2009 1817/2003/2024 1816/2002/2023
f 1802/1988/2009 1803/1989/2010 1818/2004/2025 1817/2003/2024
f 1803/1989/2010 1804/1990/2011 1819/2005/2026 1818/2004/2025
f 1804/1990/2011 1791/1976/1997 1806/1991/2012 1819/2005/2026
f 1806/1991/2012 1805/1992/2013 1820/2006/2027
f 1805/1992/2013 1807/1993/2014 1820/2006/2027
f 1807/1993/2014 1808/1994/2015 1820/2006/2027
f 1808/1994/2015 1809/1995/2016 1820/2006/2027
f 1809/1995/2016 1810/1996/2017 1820/2006/2027
f 1810/1996/2017 1811/1997/2018 1820/2006/2027
f 1811/1997/2018 1812/1998/2019 1820/2006/2027
f 1812/1998/2019 1813/1999/2020 1820/2006/2027
f 1813/1999/2020 1814/2000/2021 1820/2006/2027
f 1814/2000/2021 1815/2001/2022 1820/2006/2027
f 1815/2001/2022 1816/2002/2023 1820/2006/2027
f 1816/2002/2023 1817/2003/2024 1820/2006/2027
f 1817/2003/2024 1818/2004/2025 1820/2006/2027
f 1818/2004/2025 1819/2005/2026 1820/2006/2027
f 1819/2005/2026 1806/1991/2012 1820/2006/2027

v -0.10756064206362 0.06638366729021 0.18629506230354
v -0.10756064206362 0.06978618353605 0.19767791032791
v -0.10756063461304 0.05864549428225 0.17728024721146
v -0.10756064206362 0.04790967330337 0.17219220101833
v -0.10756063461304 0.03603250905871 0.17191068828106
v -0.10756063461304 0.02506768517196 0.17648439109325
v -0.10756064206362 0.01691110804677 0.18512247502804
v -0.10756064206362 0.01297313347459 0.19633133709431
v -0.10756064206362 0.01393467001617 0.20817285776138
v -0.10756064206362 0.01962946355343 0.21859954297543
v -0.1075606495142 0.02907281368971 0.22580851614475
v -0.10756064206362 0.04063190147281 0.22855326533318
v -0.10756064206362 0.05230804905295 0.22635921835899
v -0.10756064206362 0.06208234280348 0.21960574388504
v -0.10756064206362 0.06826470792294 0.20946057140827
v -0.10625156760216 0.07839334011078 0.20477172732353
v -0.10625157505274 0.07857707887888 0.19695696234703
v -0.10625156760216 0.07713201642036 0.18927474319935
v -0.10625156760216 0.07412131130695 0.18206086754799
v -0.10625156760216 0.06967655569315 0.17563058435917
v -0.10625157505274 0.06399198621511 0.170264929533
v -0.10625156760216 0.0573160611093 0.16619843244553
v -0.10625156760216 0.04994054511189 0.16360877454281
v -0.10625156760216 0.04218778014183 0.1626091748476
v -0.10625156760216 0.03439661115408 0.16324330866337
v -0.10625156760216 0.02690753899515 0.16548347473145
v -0.10625156760216 0.02004787325859 0.16923172771931
v -0.10625156760216 0.01411741878837 0.17432430386543
v -0.10625156760216 0.00937536451966 0.18053857982159
v -0.10625156760216 0.00602895254269 0.18760301172733
v -0.10625157505274 0.00422445032746 0.19520880281925
v -0.10625157505274 0.00404071249068 0.20302358269691
v -0.10625157505274 0.00548576377332 0.21070578694344
v -0.10625157505274 0.0084964800626 0.21791967749596
v -0.10625157505274 0.01294123753905 0.22434996068478
v -0.10625157505274 0.01862580701709 0.22971561551094
v -0.10625158250332 0.02530172094703 0.23378212749958
v -0.10625157505274 0.03267724439502 0.23637177050114
v -0.10625158250332 0.04042999818921 0.23737137019634
v -0.10625157505274 0.04822117835283 0.23673722147942
v -0.10625157505274 0.05571024492383 0.2344970703125
v -0.10625157505274 0.0625699236989 0.23074881732464
v -0.10625157505274 0.06850036233664 0.22565625607967
v -0.10625157505274 0.07324242591858 0.21944196522236
v -0.10625157505274 0.07658883184195 0.21237754821777
v -0.08085411787033 0.02035665698349 0.16967841982841
v -0.08085411787033 0.01451233122498 0.17469704151154
v -0.08085411787033 0.00983913615346 0.18082106113434
v -0.08085411787033 0.03449701145291 0.16377697885036
v -0.08085411787033 0.02711670100689 0.16598460078239
v -0.08085411787033 0.00654132245108 0.1877828836441
v -0.08085411787033 0.00476301461458 0.19527824223042
v -0.08085411787033 0.00458195013925 0.20297951996326
v -0.08085412532091 0.00600601220503 0.21055015921593
v -0.08085412532091 0.00897299684584 0.21765926480293
v -0.08085412532091 0.01335320342332 0.22399617731571
v -0.08085412532091 0.01895520836115 0.22928391396999
v -0.08085412532091 0.02553417719901 0.23329137265682
v -0.08085412532091 0.03280257433653 0.23584340512753
v -0.08085412532091 0.04044274240732 0.23682849109173
v -0.08085412532091 0.04812076315284 0.23620356619358
v -0.08085412532091 0.05550107732415 0.23399594426155
v -0.08085412532091 0.06226111203432 0.23030211031437
v -0.08085412532091 0.06810545176268 0.22528350353241
v -0.08085412532091 0.072778634727 0.21915948390961
v -0.08085412532091 0.0760764554143 0.21219766139984
v -0.08085411787033 0.07785475999117 0.20470231771469
v -0.08085411787033 0.07803583145142 0.19700102508068
v -0.08085411787033 0.07661175727844 0.18943040072918
v -0.08085411787033 0.07364478707314 0.18232128024101
v -0.08085411787033 0.06926456838846 0.17598436772823
v -0.08085411787033 0.06366257369518 0.17069664597511
v -0.08085411787033 0.05708359926939 0.16668920218945
v -0.08085411787033 0.04981520026922 0.16413715481758
v -0.08085411787033 0.04217503592372 0.16315206885338
v -0.10392774641514 0.02470394596457 0.2350440621376
v -0.10392774641514 0.03235489875078 0.23773041367531
v -0.10392774641514 0.04039717465639 0.2387673407793
v -0.08289534598589 0.02470393292606 0.2350440621376
v -0.08289534598589 0.03235488012433 0.23773039877415
v -0.08289534598589 0.04039715975523 0.2387673407793
v -0.10392774641514 0.01188185531646 0.2252596616745
v -0.10392774641514 0.01777871884406 0.23082569241524
v -0.08289534598589 0.0118818487972 0.2252596616745
v -0.08289534598589 0.01777870580554 0.23082569241524
v -0.10392773896456 0.00414797151461 0.2111059576273
v -0.10392774641514 0.00727111520246 0.21858924627304
v -0.08289534598589 0.00414796499535 0.21110594272614
v -0.08289534598589 0.00727110542357 0.21858923137188
v -0.10392774641514 0.04847931116819 0.2381095290184
v -0.10392774641514 0.05624805390835 0.23578572273254
v -0.08289534598589 0.04847928881645 0.23810951411724
v -0.08289534598589 0.0562480352819 0.23578572273254
v -0.10392774641514 0.06336388736963 0.2318974584341
v -0.10392774641514 0.06951580941677 0.22661472856998
v -0.08289534598589 0.06336387246847 0.23189747333527
v -0.08289534598589 0.06951580196619 0.22661474347115
v -0.10392774641514 0.07443496584892 0.22016836702824
v -0.10392774641514 0.07790634036064 0.21284013986588
v -0.08289534598589 0.07443495094776 0.2201683819294
v -0.08289534598589 0.07790633291006 0.21284015476704
v -0.10392773896456 0.07977823168039 0.20495028793812
v -0.10392773896456 0.07996883243322 0.19684368371964
v -0.08289534598589 0.07977822422981 0.20495031774044
v -0.08289533853531 0.07996883243322 0.1968436986208
v -0.10392773896456 0.07846980541945 0.18887458741665
v -0.10392773896456 0.07534667104483 0.1813912987709
v -0.08289533853531 0.07846981287003 0.18887461721897
v -0.08289533853531 0.07534667849541 0.18139131367207
v -0.10392773896456 0.07073591649532 0.17472088336945
v -0.10392773896456 0.06483906507492 0.16915486752987
v -0.08289533853531 0.07073593139648 0.17472089827061
v -0.08289533853531 0.06483907997608 0.16915486752987
v -0.10392773896456 0.05791382864118 0.16493648290634
v -0.10392773151398 0.05026288330555 0.16225013136864
v -0.08289533853531 0.05791384354234 0.16493651270866
v -0.08289533853531 0.05026289820671 0.16225013136864
v -0.10392773151398 0.04222059249878 0.16121320426464
v -0.10392773151398 0.03413847088814 0.16187101602554
v -0.08289533853531 0.04222061485052 0.1612132191658
v -0.08289533853531 0.0341384857893 0.1618710309267
v -0.10392773896456 0.02636971883476 0.16419483721256
v -0.10392773896456 0.01925388909876 0.16808307170868
v -0.08289533853531 0.0263697411865 0.16419483721256
v -0.08289533853531 0.01925390213728 0.16808307170868
v -0.10392773896456 0.01310195866972 0.17336583137512
v -0.10392773896456 0.00818281434476 0.17981217801571
v -0.08289533853531 0.0131019782275 0.17336581647396
v -0.08289533853531 0.00818282365799 0.17981216311455
v -0.10392773896456 0.00471143750474 0.18714042007923
v -0.10392773896456 0.0028395478148 0.19503025710583
v -0.08289533853531 0.004711444024 0.18714040517807
v -0.08289533853531 0.0028395478148 0.19503024220467
v -0.10392773896456 0.00264895148575 0.20313687622547
v -0.08289534598589 0.00264895148575 0.20313684642315
v -0.1069762557745 0.06269037723541 0.18831224739552
v -0.1069762557745 0.06559173762798 0.19801849126816
v -0.1069762557745 0.05609197542071 0.18062523007393
v -0.1069762557745 0.04693743959069 0.17628659307957
v -0.1069762557745 0.0368096716702 0.1760465502739
v -0.1069762557745 0.0274598672986 0.17994658648968
v -0.1069762557745 0.02050467580557 0.18731236457825
v -0.10697626322508 0.0171467307955 0.1968702673912
v -0.10697626322508 0.01796664297581 0.20696763694286
v -0.10697626322508 0.02282264269888 0.21585856378078
v -0.10697626322508 0.03087507560849 0.22200572490692
v -0.10697626322508 0.04073161631823 0.22434620559216
v -0.10697626322508 0.05068797618151 0.22247532010078
v -0.10697626322508 0.05902260914445 0.21671655774117
v -0.10697626322508 0.06429436802864 0.20806568861008
v -0.10366182029247 0.06031336635351 0.18961051106453
v -0.10366182029247 0.06289218366146 0.19823770225048
v -0.10366182029247 0.05444851890206 0.18277806043625
v -0.10366182029247 0.04631170630455 0.17892175912857
v -0.10366181284189 0.03730985894799 0.1787084043026
v -0.10366182029247 0.02899948507547 0.18217487633228
v -0.10366182029247 0.02281750924885 0.18872179090977
v -0.10366182029247 0.01983286999166 0.19721712172031
v -0.10366182029247 0.02056163735688 0.20619195699692
v -0.10366182029247 0.024877788499 0.21409446001053
v -0.10366182774305 0.03203501924872 0.21955822408199
v -0.10366182029247 0.04079579561949 0.22163851559162
v -0.10366182774305 0.04964528605342 0.21997562050819
v -0.10366182029247 0.05705334991217 0.21485707163811
v -0.10366182029247 0.06173903867602 0.20716792345047
v -0.10624253004789 0.05376751348376 0.19318568706512
v -0.10624253004789 0.05545808374882 0.19884134829044
v -0.10624253004789 0.04992273822427 0.18870659172535
v -0.10624253004789 0.04458854719996 0.18617855012417
v -0.10624253004789 0.03868727758527 0.18603867292404
v -0.10624253004789 0.03323930874467 0.18831115961075
v -0.10624253004789 0.02918663807213 0.19260308146477
v -0.10624253004789 0.02723002247512 0.198172301054
v -0.10624253004789 0.02770777232945 0.20405586063862
v -0.10624253004789 0.03053728118539 0.20923644304276
v -0.10624253004789 0.03522929176688 0.21281829476357
v -0.10624253004789 0.04097252711654 0.21418204903603
v -0.10624253004789 0.04677392169833 0.21309190988541
v -0.10624253004789 0.0516303665936 0.20973639190197
v -0.10624253004789 0.054702129215 0.2046956717968
v -0.1050680577755 0.04130889475346 0.19999027252197
# 181 vertices

vn -0.99952387809753 0.03063442930579 0.00368554331362
vn -0.83313232660294 0.55110061168671 -0.04667583107948
vn -0.83294093608856 0.54908782243729 0.06864345818758
vn -0.83294004201889 0.52953785657883 -0.16062539815903
vn -0.99952387809753 0.02948490530252 -0.00909313280135
vn -0.83313202857971 0.48447129130363 -0.26679319143295
vn -0.83294063806534 0.41842421889305 -0.36212030053139
vn -0.99952387809753 0.02323715575039 -0.02029962837696
vn -0.83313274383545 0.33407136797905 -0.44077908992767
vn -0.83294069766998 0.23496167361736 -0.50100183486938
vn -0.99952387809753 0.01297177560627 -0.02799605019391
vn -0.83313238620758 0.12590858340263 -0.53855121135712
vn -0.83294022083282 0.01087241712958 -0.55325615406036
vn -0.99952387809753 0.00046327713062 -0.03085154667497
vn -0.83313226699829 -0.10402552038431 -0.54320281744003
vn -0.83294075727463 -0.21509638428688 -0.50984632968903
vn -0.99952387809753 -0.0121248755604 -0.02837277203798
vn -0.8331326842308 -0.31597197055817 -0.45392915606499
vn -0.83294075727463 -0.40387383103371 -0.37827986478806
vn -0.99952387809753 -0.02261707186699 -0.02098844386637
vn -0.8331326842308 -0.47328436374664 -0.28616750240326
vn -0.83294081687927 -0.52281737327576 -0.18130522966385
vn -0.99952387809753 -0.0291985552758 -0.00997435580939
vn -0.83313286304474 -0.5487614274025 -0.06892453879118
vn -0.83294105529785 -0.55136060714722 0.04701789841056
vn -0.99952387809753 -0.03073104657233 0.00276404176839
vn -0.83313304185867 -0.529352247715 0.16023564338684
vn -0.83294159173965 -0.48456814885139 0.26721152663231
vn -0.99952387809753 -0.0269499886781 0.01502456981689
vn -0.83313363790512 -0.41841313242912 0.36168882250786
vn -0.83294135332108 -0.33399099111557 0.4412015080452
vn -0.99952387809753 -0.01850897632539 0.02468679659069
vn -0.83313286304474 -0.235127851367 0.50060421228409
vn -0.83294069766998 -0.12566320598125 0.53890496492386
vn -0.99952387809753 -0.0068676113151 0.03008061088622
vn -0.83313262462616 -0.01118634175509 0.55296015739441
vn -0.8329411149025 0.10439341515303 0.54342538118362
vn -0.99952387809753 0.00596109358594 0.03027337230742
vn -0.83313304185867 0.21469013392925 0.50970327854156
vn -0.83294087648392 0.31639918684959 0.45398351550102
vn -0.99952387809753 0.01775930821896 0.025231750682
vn -0.83313262462616 0.40344461798668 0.37831529974937
vn -0.83294075727463 0.47369709610939 0.28604316711426
vn -0.99952387809753 0.0264868568629 0.01582693867385
vn -0.83313286304474 0.52243942022324 0.18151214718819
vn 0.9191552400589 -0.22397182881832 -0.32402205467224
vn 0.9191557765007 0.29883497953415 -0.25661310553551
vn 0.91915565729141 0.23895202577114 -0.313137114048
vn 0.91915488243103 -0.15170966088772 -0.36350855231285
vn 0.9191557765007 -0.2864443063736 -0.27037438750267
vn 0.91915601491928 0.34565705060959 -0.18887405097485
vn 0.85405105352402 0.12008415162563 -0.506138920784
vn 0.85405057668686 0.01222714222968 -0.52004623413086
vn 0.91915488243103 -0.07281663268805 -0.38710731267929
vn 0.91915547847748 0.16862569749355 -0.35597547888756
vn 0.91915583610535 0.37737321853638 -0.11288067698479
vn 0.91915589570999 -0.33639851212502 -0.20491096377373
vn 0.91915571689606 -0.37165120244026 -0.13049209117889
vn 0.9191552400589 0.39259725809097 -0.03195370733738
vn 0.91915541887283 -0.39066126942635 -0.05036950483918
vn 0.91915500164032 0.3906621336937 0.05037009343505
vn 0.91915512084961 -0.39259752631187 0.03195401281118
vn 0.9191552400589 0.37165227532387 0.1304923593998
vn 0.91915518045425 -0.37737464904785 0.11288123577833
vn 0.91915529966354 0.33639970421791 0.20491153001785
vn 0.9191552400589 -0.34565830230713 0.18887546658516
vn 0.91915541887283 0.28644469380379 0.2703752219677
vn 0.91915541887283 -0.29883533716202 0.25661396980286
vn 0.91915541887283 0.22397086024284 0.32402214407921
vn 0.91915571689606 -0.23895178735256 0.31313702464104
vn 0.9191552400589 0.15170881152153 0.36350801587105
vn 0.91915565729141 -0.16862532496452 0.35597530007362
vn 0.91915541887283 0.07281656563282 0.38710594177246
vn 0.85405147075653 -0.12008373439312 0.50613832473755
vn 0.85405188798904 -0.01222682651132 0.52004408836365
vn 0.37132039666176 -0.39749038219452 0.83912009000778
vn 0.37132021784782 -0.21434198319912 0.90342617034912
vn 0.37132093310356 -0.02182455919683 0.92824804782867
vn -0.26744148135185 -0.2224372625351 0.93754822015762
vn -0.26744189858437 -0.41250324249268 0.87081336975098
vn -0.26744142174721 -0.02264934778214 0.96330791711807
vn 0.37132042646408 -0.70442670583725 0.60490012168884
vn 0.37132075428963 -0.56326723098755 0.73814016580582
vn -0.26744267344475 -0.58454138040543 0.76601946353912
vn -0.26744359731674 -0.73103201389313 0.62774682044983
vn 0.37131944298744 -0.88956117630005 0.26608788967133
vn 0.37131994962692 -0.81479907035828 0.44522348046303
vn -0.26744318008423 -0.84557312726974 0.46203920245171
vn -0.26744249463081 -0.92315888404846 0.27613803744316
vn 0.37132030725479 0.17164625227451 0.91250139474869
vn 0.37131977081299 0.35761407017708 0.85687446594238
vn -0.26744186878204 0.17812928557396 0.94696611166
vn -0.26744204759598 0.37112158536911 0.88923758268356
vn 0.37132036685944 0.52795344591141 0.76379728317261
vn 0.37132030725479 0.67521929740906 0.6373382806778
vn -0.26744183897972 0.54789412021637 0.79264551401138
vn -0.26744168996811 0.70072209835052 0.66141027212143
vn 0.37131989002228 0.79297435283661 0.48302501440048
vn 0.37131968140602 0.87607264518738 0.30760112404823
vn -0.26744168996811 0.82292467355728 0.50126826763153
vn -0.26744198799133 0.90916126966476 0.31921872496605
vn 0.37131920456886 0.92088234424591 0.11873380839825
vn 0.37131968140602 0.92544484138489 -0.07532284408808
vn -0.26744171977043 0.95566326379776 0.12321785837412
vn -0.26744100451469 0.96039837598801 -0.07816834747791
vn 0.37132090330124 0.88956063985825 -0.26608768105507
vn 0.37132132053375 0.8147988319397 -0.44522285461426
vn -0.26744064688683 0.92315930128098 -0.27613833546638
vn -0.26744094491005 0.84557384252548 -0.46203917264938
vn 0.37132075428963 0.70442652702332 -0.60490018129349
vn 0.37132021784782 0.56326693296432 -0.73814064264297
vn -0.26744142174721 0.73103260993958 -0.62774711847305
vn -0.26744142174721 0.58454138040543 -0.76601988077164
vn 0.37132009863853 0.39749071002007 -0.83912009000778
vn 0.37131997942924 0.21434220671654 -0.90342622995377
vn -0.26744124293327 0.41250342130661 -0.87081348896027
vn -0.26744109392166 0.22243732213974 -0.93754833936691
vn 0.37131932377815 0.02182439342141 -0.92824870347977
vn 0.37131854891777 -0.17164582014084 -0.91250216960907
vn -0.26744055747986 0.02264861762524 -0.96330815553665
vn -0.26744076609612 -0.1781290024519 -0.94696646928787
vn 0.37131842970848 -0.35761457681656 -0.85687482357025
vn 0.37131947278976 -0.52795428037643 -0.76379716396332
vn -0.26744136214256 -0.37112122774124 -0.88923794031143
vn -0.26744139194489 -0.54789465665817 -0.7926452755928
vn 0.37132096290588 -0.67521899938583 -0.6373382806778
vn 0.3713211119175 -0.79297387599945 -0.48302495479584
vn -0.26744183897972 -0.70072209835052 -0.66141015291214
vn -0.26744201779366 -0.82292449474335 -0.50126838684082
vn 0.37132060527802 -0.87607222795486 -0.30760118365288
vn 0.37132006883621 -0.92088210582733 -0.11873313039541
vn -0.26744201779366 -0.90916126966476 -0.31921872496605
vn -0.26744225621223 -0.95566314458847 -0.12321776151657
vn 0.37131941318512 -0.92544496059418 0.07532315701246
vn -0.2674423456192 -0.96039801836014 0.07816793769598
vn -0.87309014797211 -0.48595929145813 0.03946011140943
vn -0.87308984994888 -0.4278966486454 0.23370617628098
vn -0.87308973073959 -0.29584661126137 0.38754233717918
vn -0.8730896115303 -0.11264155060053 0.47436946630478
vn -0.87308973073959 0.09004047513008 0.47917333245277
vn -0.87308979034424 0.27715390920639 0.40112337470055
vn -0.87308973073959 0.41634428501129 0.25371593236923
vn -0.87308979034424 0.48354479670525 0.06243883445859
vn -0.87308984994888 0.46713620424271 -0.13963459432125
vn -0.87308979034424 0.36995583772659 -0.31756398081779
vn -0.87308943271637 0.20880687236786 -0.4405842423439
vn -0.87308937311172 0.01155279949307 -0.48742324113846
vn -0.8730896115303 -0.18769890069962 -0.44998189806938
vn -0.87308967113495 -0.35449561476707 -0.33473473787308
vn -0.87308984994888 -0.45999628305435 -0.16160923242569
vn -0.96311229467392 -0.26821699738503 0.02177930995822
vn -0.96311229467392 -0.23617002367973 0.12898981571198
vn -0.96311229467392 -0.1632873415947 0.21389706432819
vn -0.96311205625534 -0.06217095628381 0.2618203163147
vn -0.96311217546463 0.04969610273838 0.26447167992592
vn -0.96311223506927 0.15297065675259 0.22139279544353
vn -0.96311217546463 0.22979426383972 0.14003390073776
vn -0.96311223506927 0.2668841779232 0.03446206450462
vn -0.96311229467392 0.25782763957977 -0.077068798244
vn -0.96311223506927 0.2041906863451 -0.17527395486832
vn -0.96311205625534 0.11524740606546 -0.2431733161211
vn -0.9631119966507 0.00637645181268 -0.2690252661705
vn -0.96311211585999 -0.10359719395638 -0.24835988879204
vn -0.96311211585999 -0.19565795361996 -0.18475119769573
vn -0.96311217546463 -0.25388720631599 -0.08919747918844
vn -0.992192029953 0.12431044131517 -0.01009401027113
vn -0.992192029953 0.10945767909288 -0.05978320911527
vn -0.99219197034836 0.07567884773016 -0.09913531690836
vn -0.992192029953 0.02881358377635 -0.12134577333927
vn -0.99219197034836 -0.02303340472281 -0.1225745305419
vn -0.99219197034836 -0.07089652866125 -0.10260970145464
vn -0.992192029953 -0.10650189965963 -0.06490217149258
vn -0.992192029953 -0.12369254231453 -0.01597207225859
vn -0.992192029953 -0.11949519813061 0.0357191003859
vn -0.992192029953 -0.09463603049517 0.0812339708209
vn -0.99219208955765 -0.05341351032257 0.11270273476839
vn -0.99219208955765 -0.00295518967323 0.12468428164721
vn -0.992192029953 0.04801402613521 0.11510679870844
vn -0.992192029953 0.09068116545677 0.08562633395195
vn -0.992192029953 0.11766888946295 0.04134026914835
vn -1 -0.0000000428692 -0.00000013944951
# 181 normals

# 0 texture coordinate

o FR
usemtl Body
f 1836/1861/2030 1837/1860/2029 1822/1859/2028
f 1821/1863/2032 1822/1859/2028 1837/1860/2029 1838/1862/2031
f 1838/1862/2031 1839/1864/2033 1821/1863/2032
f 1823/1866/2035 1821/1863/2032 1839/1864/2033 1840/1865/2034
f 1840/1865/2034 1841/1867/2036 1823/1866/2035
f 1824/1869/2038 1823/1866/2035 1841/1867/2036 1842/1868/2037
f 1842/1868/2037 1843/1870/2039 1824/1869/2038
f 1825/1872/2041 1824/1869/2038 1843/1870/2039 1844/1871/2040
f 1844/1871/2040 1845/1873/2042 1825/1872/2041
f 1826/1875/2044 1825/1872/2041 1845/1873/2042 1846/1874/2043
f 1846/1874/2043 1847/1876/2045 1826/1875/2044
f 1827/1878/2047 1826/1875/2044 1847/1876/2045 1848/1877/2046
f 1848/1877/2046 1849/1879/2048 1827/1878/2047
f 1828/1881/2050 1827/1878/2047 1849/1879/2048 1850/1880/2049
f 1850/1880/2049 1851/1882/2051 1828/1881/2050
f 1829/1884/2053 1828/1881/2050 1851/1882/2051 1852/1883/2052
f 1852/1883/2052 1853/1885/2054 1829/1884/2053
f 1830/1887/2056 1829/1884/2053 1853/1885/2054 1854/1886/2055
f 1854/1886/2055 1855/1888/2057 1830/1887/2056
f 1831/1890/2059 1830/1887/2056 1855/1888/2057 1856/1889/2058
f 1856/1889/2058 1857/1891/2060 1831/1890/2059
f 1832/1893/2062 1831/1890/2059 1857/1891/2060 1858/1892/2061
f 1858/1892/2061 1859/1894/2063 1832/1893/2062
f 1833/1896/2065 1832/1893/2062 1859/1894/2063 1860/1895/2064
f 1860/1895/2064 1861/1897/2066 1833/1896/2065
f 1834/1899/2068 1833/1896/2065 1861/1897/2066 1862/1898/2067
f 1862/1898/2067 1863/1900/2069 1834/1899/2068
f 1835/1902/2071 1834/1899/2068 1863/1900/2069 1864/1901/2070
f 1864/1901/2070 1865/1903/2072 1835/1902/2071
f 1822/1859/2028 1835/1902/2071 1865/1903/2072 1836/1861/2030
f 1870/1907/2076 1892/1906/2075 1891/1905/2074 1866/1904/2073
f 1890/1909/2078 1867/1908/2077 1866/1904/2073 1891/1905/2074
f 1893/1913/2082 1869/1912/2081 1895/1911/2080 1894/1910/2079
f 1869/1912/2081 1893/1913/2082 1892/1906/2075 1870/1907/2076
f 1888/1917/2086 1871/1916/2085 1868/1915/2084 1889/1914/2083
f 1887/1919/2088 1872/1918/2087 1871/1916/2085 1888/1917/2086
f 1872/1918/2087 1887/1919/2088 1886/1921/2090 1873/1920/2089
f 1873/1920/2089 1886/1921/2090 1885/1923/2092 1874/1922/2091
f 1874/1922/2091 1885/1923/2092 1884/1925/2094 1875/1924/2093
f 1875/1924/2093 1884/1925/2094 1883/1927/2096 1876/1926/2095
f 1876/1926/2095 1883/1927/2096 1882/1929/2098 1877/1928/2097
f 1877/1928/2097 1882/1929/2098 1881/1931/2100 1878/1930/2099
f 1880/1933/2102 1879/1932/2101 1878/1930/2099 1881/1931/2100
f 1889/1914/2083 1868/1915/2084 1867/1908/2077 1890/1909/2078
f 1879/1937/2101 1900/1936/2104 1899/1935/2103 1878/1934/2099
f 1880/1939/2102 1901/1938/2105 1900/1936/2104 1879/1937/2101
f 1858/1943/2061 1857/1942/2060 1896/1941/2107 1897/1940/2106
f 1859/1945/2063 1858/1943/2061 1897/1940/2106 1898/1944/2108
f 1897/1940/2106 1896/1941/2107 1899/1935/2103 1900/1936/2104
f 1898/1944/2108 1897/1940/2106 1900/1936/2104 1901/1938/2105
f 1877/1937/2097 1905/1936/2110 1904/1935/2109 1876/1934/2095
f 1878/1939/2099 1899/1938/2103 1905/1936/2110 1877/1937/2097
f 1856/1943/2058 1855/1942/2057 1902/1941/2112 1903/1940/2111
f 1857/1945/2060 1856/1943/2058 1903/1940/2111 1896/1944/2107
f 1903/1940/2111 1902/1941/2112 1904/1935/2109 1905/1936/2110
f 1896/1944/2107 1903/1940/2111 1905/1936/2110 1899/1938/2103
f 1875/1937/2093 1909/1936/2114 1908/1935/2113 1874/1934/2091
f 1876/1939/2095 1904/1938/2109 1909/1936/2114 1875/1937/2093
f 1854/1943/2055 1853/1942/2054 1906/1941/2116 1907/1940/2115
f 1855/1945/2057 1854/1943/2055 1907/1940/2115 1902/1944/2112
f 1907/1940/2115 1906/1941/2116 1908/1935/2113 1909/1936/2114
f 1902/1944/2112 1907/1940/2115 1909/1936/2114 1904/1938/2109
f 1881/1937/2100 1912/1936/2117 1901/1935/2105 1880/1934/2102
f 1882/1939/2098 1913/1938/2118 1912/1936/2117 1881/1937/2100
f 1860/1943/2064 1859/1942/2063 1898/1941/2108 1910/1940/2119
f 1861/1945/2066 1860/1943/2064 1910/1940/2119 1911/1944/2120
f 1910/1940/2119 1898/1941/2108 1901/1935/2105 1912/1936/2117
f 1911/1944/2120 1910/1940/2119 1912/1936/2117 1913/1938/2118
f 1883/1937/2096 1916/1936/2121 1913/1935/2118 1882/1934/2098
f 1884/1939/2094 1917/1938/2122 1916/1936/2121 1883/1937/2096
f 1862/1943/2067 1861/1942/2066 1911/1941/2120 1914/1940/2123
f 1863/1945/2069 1862/1943/2067 1914/1940/2123 1915/1944/2124
f 1914/1940/2123 1911/1941/2120 1913/1935/2118 1916/1936/2121
f 1915/1944/2124 1914/1940/2123 1916/1936/2121 1917/1938/2122
f 1885/1937/2092 1920/1936/2125 1917/1935/2122 1884/1934/2094
f 1886/1939/2090 1921/1938/2126 1920/1936/2125 1885/1937/2092
f 1864/1943/2070 1863/1942/2069 1915/1941/2124 1918/1940/2127
f 1865/1945/2072 1864/1943/2070 1918/1940/2127 1919/1944/2128
f 1918/1940/2127 1915/1941/2124 1917/1935/2122 1920/1936/2125
f 1919/1944/2128 1918/1940/2127 1920/1936/2125 1921/1938/2126
f 1887/1937/2088 1924/1936/2129 1921/1935/2126 1886/1934/2090
f 1888/1939/2086 1925/1938/2130 1924/1936/2129 1887/1937/2088
f 1836/1943/2030 1865/1942/2072 1919/1941/2128 1922/1940/2131
f 1837/1945/2029 1836/1943/2030 1922/1940/2131 1923/1944/2132
f 1922/1940/2131 1919/1941/2128 1921/1935/2126 1924/1936/2129
f 1923/1944/2132 1922/1940/2131 1924/1936/2129 1925/1938/2130
f 1889/1937/2083 1928/1936/2133 1925/1935/2130 1888/1934/2086
f 1890/1939/2078 1929/1938/2134 1928/1936/2133 1889/1937/2083
f 1838/1943/2031 1837/1942/2029 1923/1941/2132 1926/1940/2135
f 1839/1945/2033 1838/1943/2031 1926/1940/2135 1927/1944/2136
f 1926/1940/2135 1923/1941/2132 1925/1935/2130 1928/1936/2133
f 1927/1944/2136 1926/1940/2135 1928/1936/2133 1929/1938/2134
f 1891/1937/2074 1932/1936/2137 1929/1935/2134 1890/1934/2078
f 1892/1939/2075 1933/1938/2138 1932/1936/2137 1891/1937/2074
f 1840/1943/2034 1839/1942/2033 1927/1941/2136 1930/1940/2139
f 1841/1945/2036 1840/1943/2034 1930/1940/2139 1931/1944/2140
f 1930/1940/2139 1927/1941/2136 1929/1935/2134 1932/1936/2137
f 1931/1944/2140 1930/1940/2139 1932/1936/2137 1933/1938/2138
f 1893/1937/2082 1936/1936/2141 1933/1935/2138 1892/1934/2075
f 1894/1939/2079 1937/1938/2142 1936/1936/2141 1893/1937/2082
f 1842/1943/2037 1841/1942/2036 1931/1941/2140 1934/1940/2143
f 1843/1945/2039 1842/1943/2037 1934/1940/2143 1935/1944/2144
f 1934/1940/2143 1931/1941/2140 1933/1935/2138 1936/1936/2141
f 1935/1944/2144 1934/1940/2143 1936/1936/2141 1937/1938/2142
f 1895/1937/2080 1940/1936/2145 1937/1935/2142 1894/1934/2079
f 1869/1939/2081 1941/1938/2146 1940/1936/2145 1895/1937/2080
f 1844/1943/2040 1843/1942/2039 1935/1941/2144 1938/1940/2147
f 1845/1945/2042 1844/1943/2040 1938/1940/2147 1939/1944/2148
f 1938/1940/2147 1935/1941/2144 1937/1935/2142 1940/1936/2145
f 1939/1944/2148 1938/1940/2147 1940/1936/2145 1941/1938/2146
f 1870/1937/2076 1944/1936/2149 1941/1935/2146 1869/1934/2081
f 1866/1939/2073 1945/1938/2150 1944/1936/2149 1870/1937/2076
f 1846/1943/2043 1845/1942/2042 1939/1941/2148 1942/1940/2151
f 1847/1945/2045 1846/1943/2043 1942/1940/2151 1943/1944/2152
f 1942/1940/2151 1939/1941/2148 1941/1935/2146 1944/1936/2149
f 1943/1944/2152 1942/1940/2151 1944/1936/2149 1945/1938/2150
f 1867/1937/2077 1948/1936/2153 1945/1935/2150 1866/1934/2073
f 1868/1939/2084 1949/1938/2154 1948/1936/2153 1867/1937/2077
f 1848/1943/2046 1847/1942/2045 1943/1941/2152 1946/1940/2155
f 1849/1945/2048 1848/1943/2046 1946/1940/2155 1947/1944/2156
f 1946/1940/2155 1943/1941/2152 1945/1935/2150 1948/1936/2153
f 1947/1944/2156 1946/1940/2155 1948/1936/2153 1949/1938/2154
f 1871/1937/2085 1952/1936/2157 1949/1935/2154 1868/1934/2084
f 1872/1939/2087 1953/1938/2158 1952/1936/2157 1871/1937/2085
f 1850/1943/2049 1849/1942/2048 1947/1941/2156 1950/1940/2159
f 1851/1945/2051 1850/1943/2049 1950/1940/2159 1951/1944/2160
f 1950/1940/2159 1947/1941/2156 1949/1935/2154 1952/1936/2157
f 1951/1944/2160 1950/1940/2159 1952/1936/2157 1953/1938/2158
f 1873/1937/2089 1955/1936/2161 1953/1935/2158 1872/1934/2087
f 1874/1939/2091 1908/1938/2113 1955/1936/2161 1873/1937/2089
f 1852/1943/2052 1851/1942/2051 1951/1941/2160 1954/1940/2162
f 1853/1945/2054 1852/1943/2052 1954/1940/2162 1906/1944/2116
f 1954/1940/2162 1951/1941/2160 1953/1935/2158 1955/1936/2161
f 1906/1944/2116 1954/1940/2162 1955/1936/2161 1908/1938/2113
f 1822/1949/2028 1821/1948/2032 1956/1947/2164 1957/1946/2163
f 1821/1948/2032 1823/1951/2035 1958/1950/2165 1956/1947/2164
f 1823/1951/2035 1824/1953/2038 1959/1952/2166 1958/1950/2165
f 1824/1953/2038 1825/1955/2041 1960/1954/2167 1959/1952/2166
f 1825/1955/2041 1826/1957/2044 1961/1956/2168 1960/1954/2167
f 1826/1957/2044 1827/1959/2047 1962/1958/2169 1961/1956/2168
f 1827/1959/2047 1828/1961/2050 1963/1960/2170 1962/1958/2169
f 1828/1961/2050 1829/1963/2053 1964/1962/2171 1963/1960/2170
f 1829/1963/2053 1830/1965/2056 1965/1964/2172 1964/1962/2171
f 1830/1965/2056 1831/1967/2059 1966/1966/2173 1965/1964/2172
f 1831/1967/2059 1832/1969/2062 1967/1968/2174 1966/1966/2173
f 1832/1969/2062 1833/1971/2065 1968/1970/2175 1967/1968/2174
f 1833/1971/2065 1834/1973/2068 1969/1972/2176 1968/1970/2175
f 1834/1973/2068 1835/1975/2071 1970/1974/2177 1969/1972/2176
f 1835/1975/2071 1822/1949/2028 1957/1946/2163 1970/1974/2177
f 1957/1946/2163 1956/1947/2164 1971/1977/2179 1972/1976/2178
f 1956/1947/2164 1958/1950/2165 1973/1978/2180 1971/1977/2179
f 1958/1950/2165 1959/1952/2166 1974/1979/2181 1973/1978/2180
f 1959/1952/2166 1960/1954/2167 1975/1980/2182 1974/1979/2181
f 1960/1954/2167 1961/1956/2168 1976/1981/2183 1975/1980/2182
f 1961/1956/2168 1962/1958/2169 1977/1982/2184 1976/1981/2183
f 1962/1958/2169 1963/1960/2170 1978/1983/2185 1977/1982/2184
f 1963/1960/2170 1964/1962/2171 1979/1984/2186 1978/1983/2185
f 1964/1962/2171 1965/1964/2172 1980/1985/2187 1979/1984/2186
f 1965/1964/2172 1966/1966/2173 1981/1986/2188 1980/1985/2187
f 1966/1966/2173 1967/1968/2174 1982/1987/2189 1981/1986/2188
f 1967/1968/2174 1968/1970/2175 1983/1988/2190 1982/1987/2189
f 1968/1970/2175 1969/1972/2176 1984/1989/2191 1983/1988/2190
f 1969/1972/2176 1970/1974/2177 1985/1990/2192 1984/1989/2191
f 1970/1974/2177 1957/1946/2163 1972/1976/2178 1985/1990/2192
f 1972/1976/2178 1971/1977/2179 1986/1992/2194 1987/1991/2193
f 1971/1977/2179 1973/1978/2180 1988/1993/2195 1986/1992/2194
f 1973/1978/2180 1974/1979/2181 1989/1994/2196 1988/1993/2195
f 1974/1979/2181 1975/1980/2182 1990/1995/2197 1989/1994/2196
f 1975/1980/2182 1976/1981/2183 1991/1996/2198 1990/1995/2197
f 1976/1981/2183 1977/1982/2184 1992/1997/2199 1991/1996/2198
f 1977/1982/2184 1978/1983/2185 1993/1998/2200 1992/1997/2199
f 1978/1983/2185 1979/1984/2186 1994/1999/2201 1993/1998/2200
f 1979/1984/2186 1980/1985/2187 1995/2000/2202 1994/1999/2201
f 1980/1985/2187 1981/1986/2188 1996/2001/2203 1995/2000/2202
f 1981/1986/2188 1982/1987/2189 1997/2002/2204 1996/2001/2203
f 1982/1987/2189 1983/1988/2190 1998/2003/2205 1997/2002/2204
f 1983/1988/2190 1984/1989/2191 1999/2004/2206 1998/2003/2205
f 1984/1989/2191 1985/1990/2192 2000/2005/2207 1999/2004/2206
f 1985/1990/2192 1972/1976/2178 1987/1991/2193 2000/2005/2207
f 1987/1991/2193 1986/1992/2194 2001/2006/2208
f 1986/1992/2194 1988/1993/2195 2001/2006/2208
f 1988/1993/2195 1989/1994/2196 2001/2006/2208
f 1989/1994/2196 1990/1995/2197 2001/2006/2208
f 1990/1995/2197 1991/1996/2198 2001/2006/2208
f 1991/1996/2198 1992/1997/2199 2001/2006/2208
f 1992/1997/2199 1993/1998/2200 2001/2006/2208
f 1993/1998/2200 1994/1999/2201 2001/2006/2208
f 1994/1999/2201 1995/2000/2202 2001/2006/2208
f 1995/2000/2202 1996/2001/2203 2001/2006/2208
f 1996/2001/2203 1997/2002/2204 2001/2006/2208
f 1997/2002/2204 1998/2003/2205 2001/2006/2208
f 1998/2003/2205 1999/2004/2206 2001/2006/2208
f 1999/2004/2206 2000/2005/2207 2001/2006/2208
f 2000/2005/2207 1987/1991/2193 2001/2006/2208

v -0.10756064206362 0.06638366729021 -0.18870569765568
v -0.10756064206362 0.06978618353605 -0.17732284963131
v -0.10756063461304 0.05864549428225 -0.19772051274776
v -0.10756064206362 0.04790967330337 -0.20280855894089
v -0.10756063461304 0.03603250905871 -0.20309008657932
v -0.10756063461304 0.02506768517196 -0.19851636886597
v -0.10756064206362 0.01691110804677 -0.18987828493118
v -0.10756064206362 0.01297313347459 -0.17866942286491
v -0.10756064206362 0.01393467001617 -0.16682790219784
v -0.10756064206362 0.01962946355343 -0.1564012169838
v -0.1075606495142 0.02907281368971 -0.14919225871563
v -0.10756064206362 0.04063190147281 -0.14644749462605
v -0.10756064206362 0.05230804905295 -0.14864154160023
v -0.10756064206362 0.06208234280348 -0.15539501607418
v -0.10756064206362 0.06826470792294 -0.16554018855095
v -0.10625156760216 0.07839334011078 -0.17022903263569
v -0.10625157505274 0.07857707887888 -0.17804379761219
v -0.10625156760216 0.07713201642036 -0.18572601675987
v -0.10625156760216 0.07412131130695 -0.19293989241123
v -0.10625156760216 0.06967655569315 -0.19937017560005
v -0.10625157505274 0.06399198621511 -0.20473583042622
v -0.10625156760216 0.0573160611093 -0.20880234241486
v -0.10625156760216 0.04994054511189 -0.21139198541641
v -0.10625156760216 0.04218778014183 -0.21239158511162
v -0.10625156760216 0.03439661115408 -0.21175745129585
v -0.10625156760216 0.02690753899515 -0.20951728522778
v -0.10625156760216 0.02004787325859 -0.20576903223991
v -0.10625156760216 0.01411741878837 -0.20067647099495
v -0.10625156760216 0.00937536451966 -0.19446218013763
v -0.10625156760216 0.00602895254269 -0.18739774823189
v -0.10625157505274 0.00422445032746 -0.17979195713997
v -0.10625157505274 0.00404071249068 -0.17197717726231
v -0.10625157505274 0.00548576377332 -0.16429497301579
v -0.10625157505274 0.0084964800626 -0.15708108246326
v -0.10625157505274 0.01294123753905 -0.15065079927444
v -0.10625157505274 0.01862580701709 -0.14528514444828
v -0.10625158250332 0.02530172094703 -0.14121863245964
v -0.10625157505274 0.03267724439502 -0.13862898945808
v -0.10625158250332 0.04042999818921 -0.13762940466404
v -0.10625157505274 0.04822117835283 -0.1382635384798
v -0.10625157505274 0.05571024492383 -0.14050368964672
v -0.10625157505274 0.0625699236989 -0.14425195753574
v -0.10625157505274 0.06850036233664 -0.14934450387955
v -0.10625157505274 0.07324242591858 -0.15555880963802
v -0.10625157505274 0.07658883184195 -0.16262322664261
v -0.08085411787033 0.02035665698349 -0.20532234013081
v -0.08085411787033 0.01451233122498 -0.20030373334885
v -0.08085411787033 0.00983913615346 -0.19417969882488
v -0.08085411787033 0.03449701145291 -0.21122378110886
v -0.08085411787033 0.02711670100689 -0.20901615917683
v -0.08085411787033 0.00654132245108 -0.18721787631512
v -0.08085411787033 0.00476301461458 -0.17972251772881
v -0.08085411787033 0.00458195013925 -0.17202123999596
v -0.08085412532091 0.00600601220503 -0.16445061564445
v -0.08085412532091 0.00897299684584 -0.15734149515629
v -0.08085412532091 0.01335320342332 -0.15100459754467
v -0.08085412532091 0.01895520836115 -0.14571686089039
v -0.08085412532091 0.02553417719901 -0.14170940220356
v -0.08085412532091 0.03280257433653 -0.1391573548317
v -0.08085412532091 0.04044274240732 -0.13817228376865
v -0.08085412532091 0.04812076315284 -0.13879719376564
v -0.08085412532091 0.05550107732415 -0.14100481569767
v -0.08085412532091 0.06226111203432 -0.14469864964485
v -0.08085412532091 0.06810545176268 -0.14971725642681
v -0.08085412532091 0.072778634727 -0.15584127604961
v -0.08085412532091 0.0760764554143 -0.16280309855938
v -0.08085411787033 0.07785475999117 -0.17029844224453
v -0.08085411787033 0.07803583145142 -0.17799973487854
v -0.08085411787033 0.07661175727844 -0.18557035923004
v -0.08085411787033 0.07364478707314 -0.19267947971821
v -0.08085411787033 0.06926456838846 -0.19901639223099
v -0.08085411787033 0.06366257369518 -0.20430411398411
v -0.08085411787033 0.05708359926939 -0.20831157267094
v -0.08085411787033 0.04981520026922 -0.21086360514164
v -0.08085411787033 0.04217503592372 -0.21184869110584
v -0.10392774641514 0.02470394596457 -0.13995669782162
v -0.10392774641514 0.03235489875078 -0.13727034628391
v -0.10392774641514 0.04039717465639 -0.13623341917992
v -0.08289534598589 0.02470393292606 -0.13995669782162
v -0.08289534598589 0.03235488012433 -0.13727036118507
v -0.08289534598589 0.04039715975523 -0.13623341917992
v -0.10392774641514 0.01188185531646 -0.14974109828472
v -0.10392774641514 0.01777871884406 -0.14417506754398
v -0.08289534598589 0.0118818487972 -0.14974111318588
v -0.08289534598589 0.01777870580554 -0.14417508244514
v -0.10392773896456 0.00414797151461 -0.16389480233192
v -0.10392774641514 0.00727111520246 -0.15641151368618
v -0.08289534598589 0.00414796499535 -0.16389481723309
v -0.08289534598589 0.00727110542357 -0.15641152858734
v -0.10392774641514 0.04847931116819 -0.13689124584198
v -0.10392774641514 0.05624805390835 -0.13921505212784
v -0.08289534598589 0.04847928881645 -0.13689124584198
v -0.08289534598589 0.0562480352819 -0.13921503722668
v -0.10392774641514 0.06336388736963 -0.14310330152512
v -0.10392774641514 0.06951580941677 -0.14838603138924
v -0.08289534598589 0.06336387246847 -0.14310328662395
v -0.08289534598589 0.06951580196619 -0.14838601648808
v -0.10392774641514 0.07443496584892 -0.15483239293098
v -0.10392774641514 0.07790634036064 -0.16216062009335
v -0.08289534598589 0.07443495094776 -0.15483237802982
v -0.08289534598589 0.07790633291006 -0.16216060519218
v -0.10392773896456 0.07977823168039 -0.1700504720211
v -0.10392773896456 0.07996883243322 -0.17815707623959
v -0.08289534598589 0.07977822422981 -0.17005044221878
v -0.08289533853531 0.07996883243322 -0.17815706133842
v -0.10392773896456 0.07846980541945 -0.18612617254257
v -0.10392773896456 0.07534667104483 -0.19360946118832
v -0.08289533853531 0.07846981287003 -0.18612615764141
v -0.08289533853531 0.07534667849541 -0.19360944628716
v -0.10392773896456 0.07073591649532 -0.20027987658978
v -0.10392773896456 0.06483906507492 -0.20584590733051
v -0.08289533853531 0.07073593139648 -0.20027986168861
v -0.08289533853531 0.06483907997608 -0.20584589242935
v -0.10392773896456 0.05791382864118 -0.21006427705288
v -0.10392773151398 0.05026288330555 -0.21275062859058
v -0.08289533853531 0.05791384354234 -0.21006426215172
v -0.08289533853531 0.05026289820671 -0.21275062859058
v -0.10392773151398 0.04222059249878 -0.21378755569458
v -0.10392773151398 0.03413847088814 -0.21312974393368
v -0.08289533853531 0.04222061485052 -0.21378754079342
v -0.08289533853531 0.0341384857893 -0.21312974393368
v -0.10392773896456 0.02636971883476 -0.21080592274666
v -0.10392773896456 0.01925388909876 -0.20691768825054
v -0.08289533853531 0.0263697411865 -0.21080593764782
v -0.08289533853531 0.01925390213728 -0.20691768825054
v -0.10392773896456 0.01310195866972 -0.20163494348526
v -0.10392773896456 0.00818281434476 -0.19518858194351
v -0.08289533853531 0.0131019782275 -0.20163495838642
v -0.08289533853531 0.00818282365799 -0.19518859684467
v -0.10392773896456 0.00471143750474 -0.18786033987999
v -0.10392773896456 0.0028395478148 -0.17997051775455
v -0.08289533853531 0.004711444024 -0.18786036968231
v -0.08289533853531 0.0028395478148 -0.17997051775455
v -0.10392773896456 0.00264895148575 -0.17186388373375
v -0.08289534598589 0.00264895148575 -0.17186391353607
v -0.1069762557745 0.06269037723541 -0.18668852746487
v -0.1069762557745 0.06559173762798 -0.17698226869106
v -0.1069762557745 0.05609197542071 -0.19437554478645
v -0.1069762557745 0.04693743959069 -0.19871416687965
v -0.1069762557745 0.0368096716702 -0.19895422458649
v -0.1069762557745 0.0274598672986 -0.19505417346954
v -0.1069762557745 0.02050467580557 -0.18768839538097
v -0.10697626322508 0.0171467307955 -0.17813049256802
v -0.10697626322508 0.01796664297581 -0.16803312301636
v -0.10697626322508 0.02282264269888 -0.15914219617844
v -0.10697626322508 0.03087507560849 -0.15299504995346
v -0.10697626322508 0.04073161631823 -0.15065456926823
v -0.10697626322508 0.05068797618151 -0.1525254547596
v -0.10697626322508 0.05902260914445 -0.15828420221806
v -0.10697626322508 0.06429436802864 -0.16693507134914
v -0.10366182029247 0.06031336635351 -0.18539026379585
v -0.10366182029247 0.06289218366146 -0.17676305770874
v -0.10366182029247 0.05444851890206 -0.19222269952297
v -0.10366182029247 0.04631170630455 -0.19607900083065
v -0.10366181284189 0.03730985894799 -0.19629235565662
v -0.10366182029247 0.02899948507547 -0.19282588362694
v -0.10366182029247 0.02281750924885 -0.18627896904945
v -0.10366182029247 0.01983286999166 -0.17778363823891
v -0.10366182029247 0.02056163735688 -0.1688088029623
v -0.10366182029247 0.024877788499 -0.16090629994869
v -0.10366182774305 0.03203501924872 -0.15544253587723
v -0.10366182029247 0.04079579561949 -0.1533622443676
v -0.10366182774305 0.04964528605342 -0.15502513945103
v -0.10366182029247 0.05705334991217 -0.16014368832111
v -0.10366182029247 0.06173903867602 -0.16783283650875
v -0.10624253004789 0.05376751348376 -0.1818150728941
v -0.10624253004789 0.05545808374882 -0.17615941166878
v -0.10624253004789 0.04992273822427 -0.18629416823387
v -0.10624253004789 0.04458854719996 -0.18882220983505
v -0.10624253004789 0.03868727758527 -0.18896208703518
v -0.10624253004789 0.03323930874467 -0.18668960034847
v -0.10624253004789 0.02918663807213 -0.18239767849445
v -0.10624253004789 0.02723002247512 -0.17682845890522
v -0.10624253004789 0.02770777232945 -0.1709448993206
v -0.10624253004789 0.03053728118539 -0.16576431691647
v -0.10624253004789 0.03522929176688 -0.16218248009682
v -0.10624253004789 0.04097252711654 -0.16081871092319
v -0.10624253004789 0.04677392169833 -0.16190885007381
v -0.10624253004789 0.0516303665936 -0.16526436805725
v -0.10624253004789 0.054702129215 -0.17030508816242
v -0.1050680577755 0.04130889475346 -0.17501048743725
# 181 vertices

vn -0.99952387809753 -0.03073104657233 0.00276403268799
vn -0.83294147253036 -0.48456832766533 0.26721155643463
vn -0.99952387809753 -0.02694990858436 0.01502448227257
vn -0.8331333398819 -0.41841360926628 0.36168903112412
vn -0.83294069766998 -0.33399158716202 0.44120222330093
vn -0.99952387809753 -0.01850889250636 0.02468674071133
vn -0.83313250541687 -0.23512810468674 0.5006046295166
vn -0.83294087648392 -0.125662997365 0.53890472650528
vn -0.99952387809753 -0.00686758477241 0.03008074313402
vn -0.83313280344009 -0.01118584536016 0.55295985937119
vn -0.83294087648392 0.1043933108449 0.54342573881149
vn -0.99952387809753 0.0059610446915 0.03027339652181
vn -0.83313274383545 0.21469001471996 0.50970387458801
vn -0.83294069766998 0.31639969348907 0.45398345589638
vn -0.99952387809753 0.01775930263102 0.02523165382445
vn -0.83313286304474 0.40344443917274 0.37831500172615
vn -0.83294123411179 0.4736964404583 0.28604301810265
vn -0.99952387809753 0.02648682333529 0.01582694426179
vn -0.83313304185867 0.52243918180466 0.18151208758354
vn 0.91915529966354 0.3716521859169 0.13049225509167
vn 0.91915512084961 -0.37737476825714 0.11288124322891
vn 0.91915553808212 0.33639931678772 0.20491124689579
vn 0.91915529966354 -0.34565824270248 0.18887542188168
vn 0.91915565729141 0.28644406795502 0.27037504315376
vn 0.91915559768677 -0.29883494973183 0.25661382079124
vn 0.91915559768677 0.22397068142891 0.32402184605598
vn 0.91915559768677 -0.23895199596882 0.31313720345497
vn 0.91915547847748 0.15170899033546 0.36350736021996
vn 0.91915541887283 -0.16862553358078 0.35597571730614
vn 0.91915535926819 0.07281642407179 0.38710623979568
vn 0.85405117273331 -0.12008367478848 0.50613880157471
vn 0.85405117273331 -0.01222730055451 0.5200452208519
vn 0.37132006883621 -0.39749076962471 0.83912009000778
vn 0.37132009863853 -0.2143416851759 0.90342628955841
vn 0.37132009863853 -0.0218247435987 0.92824840545654
vn -0.26744168996811 -0.22243696451187 0.93754827976227
vn -0.26744118332863 -0.41250362992287 0.87081342935562
vn -0.26744177937508 -0.02264877408743 0.96330779790878
vn 0.37132081389427 -0.70442640781403 0.60490018129349
vn 0.3713204562664 -0.56326729059219 0.73814028501511
vn -0.26744145154953 -0.58454149961472 0.76601976156235
vn -0.267442882061 -0.73103219270706 0.62774699926376
vn 0.37131935358047 -0.88956123590469 0.266087859869
vn 0.37132000923157 -0.81479907035828 0.44522339105606
vn -0.26744300127029 -0.84557324647903 0.46203914284706
vn 0.37131986021996 0.17164580523968 0.91250163316727
vn 0.37132015824318 0.35761451721191 0.85687404870987
vn -0.26744168996811 0.17812888324261 0.94696623086929
vn -0.2674415409565 0.37112152576447 0.8892377614975
vn 0.37132075428963 0.5279535651207 0.76379704475403
vn 0.37132078409195 0.67521876096725 0.63733863830566
vn -0.26744157075882 0.54789459705353 0.7926452755928
vn -0.26744222640991 0.7007218003273 0.66141033172607
vn 0.37132027745247 0.79297423362732 0.48302492499352
vn 0.37131980061531 0.87607264518738 0.30760097503662
vn -0.26744258403778 0.82292437553406 0.50126832723618
vn -0.26744231581688 0.90916121006012 0.31921860575676
vn -0.87308979034424 0.46713629364967 -0.13963471353054
vn -0.87308979034424 0.36995586752892 -0.31756392121315
vn -0.87308984994888 0.20880664885044 -0.44058361649513
vn -0.87308984994888 0.01155251357704 -0.48742243647575
vn -0.87308979034424 -0.18769866228104 -0.44998160004616
vn -0.87308979034424 -0.35449525713921 -0.33473470807076
vn -0.87308990955353 -0.45999625325203 -0.16160912811756
vn -0.96311229467392 0.25782769918442 -0.07706890255213
vn -0.96311229467392 0.20419070124626 -0.17527379095554
vn -0.96311229467392 0.11524707823992 -0.24317239224911
vn -0.96311229467392 0.00637614773586 -0.26902428269386
vn -0.96311223506927 -0.10359693318605 -0.24835954606533
vn -0.96311223506927 -0.19565756618977 -0.18475104868412
vn -0.96311223506927 -0.25388711690903 -0.08919737488031
vn -0.992192029953 -0.09463603049517 0.08123403042555
vn -0.992192029953 -0.05341352894902 0.11270288378
vn -0.992192029953 -0.00295519339852 0.12468448281288
vn -0.992192029953 0.04801402613521 0.11510694772005
vn -0.992192029953 0.09068115800619 0.08562637865543
# 76 normals

# 0 texture coordinate

o BR
usemtl Body
f 2017/1861/2030 2018/1860/2029 2003/1859/2028
f 2002/1863/2032 2003/1859/2028 2018/1860/2029 2019/1862/2031
f 2019/1862/2031 2020/1864/2033 2002/1863/2032
f 2004/1866/2035 2002/1863/2032 2020/1864/2033 2021/1865/2034
f 2021/1865/2034 2022/1867/2036 2004/1866/2035
f 2005/1869/2038 2004/1866/2035 2022/1867/2036 2023/1868/2037
f 2023/1868/2037 2024/1870/2039 2005/1869/2038
f 2006/1872/2041 2005/1869/2038 2024/1870/2039 2025/1871/2040
f 2025/1871/2040 2026/1873/2042 2006/1872/2041
f 2007/1875/2044 2006/1872/2041 2026/1873/2042 2027/1874/2043
f 2027/1874/2043 2028/1876/2045 2007/1875/2044
f 2008/1878/2047 2007/1875/2044 2028/1876/2045 2029/1877/2046
f 2029/1877/2046 2030/1879/2048 2008/1878/2047
f 2009/1881/2050 2008/1878/2047 2030/1879/2048 2031/1880/2049
f 2031/1880/2049 2032/1882/2051 2009/1881/2050
f 2010/1884/2209 2009/1881/2050 2032/1882/2051 2033/1883/2052
f 2033/1883/2052 2034/1885/2054 2010/1884/2209
f 2011/1887/2211 2010/1884/2209 2034/1885/2054 2035/1886/2210
f 2035/1886/2210 2036/1888/2212 2011/1887/2211
f 2012/1890/2214 2011/1887/2211 2036/1888/2212 2037/1889/2213
f 2037/1889/2213 2038/1891/2215 2012/1890/2214
f 2013/1893/2217 2012/1890/2214 2038/1891/2215 2039/1892/2216
f 2039/1892/2216 2040/1894/2218 2013/1893/2217
f 2014/1896/2220 2013/1893/2217 2040/1894/2218 2041/1895/2219
f 2041/1895/2219 2042/1897/2221 2014/1896/2220
f 2015/1899/2223 2014/1896/2220 2042/1897/2221 2043/1898/2222
f 2043/1898/2222 2044/1900/2224 2015/1899/2223
f 2016/1902/2226 2015/1899/2223 2044/1900/2224 2045/1901/2225
f 2045/1901/2225 2046/1903/2227 2016/1902/2226
f 2003/1859/2028 2016/1902/2226 2046/1903/2227 2017/1861/2030
f 2051/1907/2076 2073/1906/2075 2072/1905/2074 2047/1904/2073
f 2071/1909/2078 2048/1908/2077 2047/1904/2073 2072/1905/2074
f 2074/1913/2082 2050/1912/2081 2076/1911/2080 2075/1910/2079
f 2050/1912/2081 2074/1913/2082 2073/1906/2075 2051/1907/2076
f 2069/1917/2086 2052/1916/2085 2049/1915/2084 2070/1914/2083
f 2068/1919/2088 2053/1918/2087 2052/1916/2085 2069/1917/2086
f 2053/1918/2087 2068/1919/2088 2067/1921/2228 2054/1920/2089
f 2054/1920/2089 2067/1921/2228 2066/1923/2230 2055/1922/2229
f 2055/1922/2229 2066/1923/2230 2065/1925/2232 2056/1924/2231
f 2056/1924/2231 2065/1925/2232 2064/1927/2234 2057/1926/2233
f 2057/1926/2233 2064/1927/2234 2063/1929/2236 2058/1928/2235
f 2058/1928/2235 2063/1929/2236 2062/1931/2238 2059/1930/2237
f 2061/1933/2240 2060/1932/2239 2059/1930/2237 2062/1931/2238
f 2070/1914/2083 2049/1915/2084 2048/1908/2077 2071/1909/2078
f 2060/1937/2239 2081/1936/2242 2080/1935/2241 2059/1934/2237
f 2061/1939/2240 2082/1938/2243 2081/1936/2242 2060/1937/2239
f 2039/1943/2216 2038/1942/2215 2077/1941/2245 2078/1940/2244
f 2040/1945/2218 2039/1943/2216 2078/1940/2244 2079/1944/2246
f 2078/1940/2244 2077/1941/2245 2080/1935/2241 2081/1936/2242
f 2079/1944/2246 2078/1940/2244 2081/1936/2242 2082/1938/2243
f 2058/1937/2235 2086/1936/2248 2085/1935/2247 2057/1934/2233
f 2059/1939/2237 2080/1938/2241 2086/1936/2248 2058/1937/2235
f 2037/1943/2213 2036/1942/2212 2083/1941/2250 2084/1940/2249
f 2038/1945/2215 2037/1943/2213 2084/1940/2249 2077/1944/2245
f 2084/1940/2249 2083/1941/2250 2085/1935/2247 2086/1936/2248
f 2077/1944/2245 2084/1940/2249 2086/1936/2248 2080/1938/2241
f 2056/1937/2231 2090/1936/2252 2089/1935/2251 2055/1934/2229
f 2057/1939/2233 2085/1938/2247 2090/1936/2252 2056/1937/2231
f 2035/1943/2210 2034/1942/2054 2087/1941/2116 2088/1940/2253
f 2036/1945/2212 2035/1943/2210 2088/1940/2253 2083/1944/2250
f 2088/1940/2253 2087/1941/2116 2089/1935/2251 2090/1936/2252
f 2083/1944/2250 2088/1940/2253 2090/1936/2252 2085/1938/2247
f 2062/1937/2238 2093/1936/2254 2082/1935/2243 2061/1934/2240
f 2063/1939/2236 2094/1938/2255 2093/1936/2254 2062/1937/2238
f 2041/1943/2219 2040/1942/2218 2079/1941/2246 2091/1940/2256
f 2042/1945/2221 2041/1943/2219 2091/1940/2256 2092/1944/2257
f 2091/1940/2256 2079/1941/2246 2082/1935/2243 2093/1936/2254
f 2092/1944/2257 2091/1940/2256 2093/1936/2254 2094/1938/2255
f 2064/1937/2234 2097/1936/2258 2094/1935/2255 2063/1934/2236
f 2065/1939/2232 2098/1938/2259 2097/1936/2258 2064/1937/2234
f 2043/1943/2222 2042/1942/2221 2092/1941/2257 2095/1940/2260
f 2044/1945/2224 2043/1943/2222 2095/1940/2260 2096/1944/2261
f 2095/1940/2260 2092/1941/2257 2094/1935/2255 2097/1936/2258
f 2096/1944/2261 2095/1940/2260 2097/1936/2258 2098/1938/2259
f 2066/1937/2230 2101/1936/2262 2098/1935/2259 2065/1934/2232
f 2067/1939/2228 2102/1938/2263 2101/1936/2262 2066/1937/2230
f 2045/1943/2225 2044/1942/2224 2096/1941/2261 2099/1940/2264
f 2046/1945/2227 2045/1943/2225 2099/1940/2264 2100/1944/2265
f 2099/1940/2264 2096/1941/2261 2098/1935/2259 2101/1936/2262
f 2100/1944/2265 2099/1940/2264 2101/1936/2262 2102/1938/2263
f 2068/1937/2088 2105/1936/2129 2102/1935/2263 2067/1934/2228
f 2069/1939/2086 2106/1938/2130 2105/1936/2129 2068/1937/2088
f 2017/1943/2030 2046/1942/2227 2100/1941/2265 2103/1940/2131
f 2018/1945/2029 2017/1943/2030 2103/1940/2131 2104/1944/2132
f 2103/1940/2131 2100/1941/2265 2102/1935/2263 2105/1936/2129
f 2104/1944/2132 2103/1940/2131 2105/1936/2129 2106/1938/2130
f 2070/1937/2083 2109/1936/2133 2106/1935/2130 2069/1934/2086
f 2071/1939/2078 2110/1938/2134 2109/1936/2133 2070/1937/2083
f 2019/1943/2031 2018/1942/2029 2104/1941/2132 2107/1940/2135
f 2020/1945/2033 2019/1943/2031 2107/1940/2135 2108/1944/2136
f 2107/1940/2135 2104/1941/2132 2106/1935/2130 2109/1936/2133
f 2108/1944/2136 2107/1940/2135 2109/1936/2133 2110/1938/2134
f 2072/1937/2074 2113/1936/2137 2110/1935/2134 2071/1934/2078
f 2073/1939/2075 2114/1938/2138 2113/1936/2137 2072/1937/2074
f 2021/1943/2034 2020/1942/2033 2108/1941/2136 2111/1940/2139
f 2022/1945/2036 2021/1943/2034 2111/1940/2139 2112/1944/2140
f 2111/1940/2139 2108/1941/2136 2110/1935/2134 2113/1936/2137
f 2112/1944/2140 2111/1940/2139 2113/1936/2137 2114/1938/2138
f 2074/1937/2082 2117/1936/2141 2114/1935/2138 2073/1934/2075
f 2075/1939/2079 2118/1938/2142 2117/1936/2141 2074/1937/2082
f 2023/1943/2037 2022/1942/2036 2112/1941/2140 2115/1940/2143
f 2024/1945/2039 2023/1943/2037 2115/1940/2143 2116/1944/2144
f 2115/1940/2143 2112/1941/2140 2114/1935/2138 2117/1936/2141
f 2116/1944/2144 2115/1940/2143 2117/1936/2141 2118/1938/2142
f 2076/1937/2080 2121/1936/2145 2118/1935/2142 2075/1934/2079
f 2050/1939/2081 2122/1938/2146 2121/1936/2145 2076/1937/2080
f 2025/1943/2040 2024/1942/2039 2116/1941/2144 2119/1940/2147
f 2026/1945/2042 2025/1943/2040 2119/1940/2147 2120/1944/2148
f 2119/1940/2147 2116/1941/2144 2118/1935/2142 2121/1936/2145
f 2120/1944/2148 2119/1940/2147 2121/1936/2145 2122/1938/2146
f 2051/1937/2076 2125/1936/2149 2122/1935/2146 2050/1934/2081
f 2047/1939/2073 2126/1938/2150 2125/1936/2149 2051/1937/2076
f 2027/1943/2043 2026/1942/2042 2120/1941/2148 2123/1940/2151
f 2028/1945/2045 2027/1943/2043 2123/1940/2151 2124/1944/2152
f 2123/1940/2151 2120/1941/2148 2122/1935/2146 2125/1936/2149
f 2124/1944/2152 2123/1940/2151 2125/1936/2149 2126/1938/2150
f 2048/1937/2077 2129/1936/2153 2126/1935/2150 2047/1934/2073
f 2049/1939/2084 2130/1938/2154 2129/1936/2153 2048/1937/2077
f 2029/1943/2046 2028/1942/2045 2124/1941/2152 2127/1940/2155
f 2030/1945/2048 2029/1943/2046 2127/1940/2155 2128/1944/2156
f 2127/1940/2155 2124/1941/2152 2126/1935/2150 2129/1936/2153
f 2128/1944/2156 2127/1940/2155 2129/1936/2153 2130/1938/2154
f 2052/1937/2085 2133/1936/2157 2130/1935/2154 2049/1934/2084
f 2053/1939/2087 2134/1938/2158 2133/1936/2157 2052/1937/2085
f 2031/1943/2049 2030/1942/2048 2128/1941/2156 2131/1940/2159
f 2032/1945/2051 2031/1943/2049 2131/1940/2159 2132/1944/2160
f 2131/1940/2159 2128/1941/2156 2130/1935/2154 2133/1936/2157
f 2132/1944/2160 2131/1940/2159 2133/1936/2157 2134/1938/2158
f 2054/1937/2089 2136/1936/2161 2134/1935/2158 2053/1934/2087
f 2055/1939/2229 2089/1938/2251 2136/1936/2161 2054/1937/2089
f 2033/1943/2052 2032/1942/2051 2132/1941/2160 2135/1940/2162
f 2034/1945/2054 2033/1943/2052 2135/1940/2162 2087/1944/2116
f 2135/1940/2162 2132/1941/2160 2134/1935/2158 2136/1936/2161
f 2087/1944/2116 2135/1940/2162 2136/1936/2161 2089/1938/2251
f 2003/1949/2028 2002/1948/2032 2137/1947/2164 2138/1946/2163
f 2002/1948/2032 2004/1951/2035 2139/1950/2165 2137/1947/2164
f 2004/1951/2035 2005/1953/2038 2140/1952/2166 2139/1950/2165
f 2005/1953/2038 2006/1955/2041 2141/1954/2167 2140/1952/2166
f 2006/1955/2041 2007/1957/2044 2142/1956/2168 2141/1954/2167
f 2007/1957/2044 2008/1959/2047 2143/1958/2169 2142/1956/2168
f 2008/1959/2047 2009/1961/2050 2144/1960/2170 2143/1958/2169
f 2009/1961/2050 2010/1963/2209 2145/1962/2266 2144/1960/2170
f 2010/1963/2209 2011/1965/2211 2146/1964/2267 2145/1962/2266
f 2011/1965/2211 2012/1967/2214 2147/1966/2268 2146/1964/2267
f 2012/1967/2214 2013/1969/2217 2148/1968/2269 2147/1966/2268
f 2013/1969/2217 2014/1971/2220 2149/1970/2270 2148/1968/2269
f 2014/1971/2220 2015/1973/2223 2150/1972/2271 2149/1970/2270
f 2015/1973/2223 2016/1975/2226 2151/1974/2272 2150/1972/2271
f 2016/1975/2226 2003/1949/2028 2138/1946/2163 2151/1974/2272
f 2138/1946/2163 2137/1947/2164 2152/1977/2179 2153/1976/2178
f 2137/1947/2164 2139/1950/2165 2154/1978/2180 2152/1977/2179
f 2139/1950/2165 2140/1952/2166 2155/1979/2181 2154/1978/2180
f 2140/1952/2166 2141/1954/2167 2156/1980/2182 2155/1979/2181
f 2141/1954/2167 2142/1956/2168 2157/1981/2183 2156/1980/2182
f 2142/1956/2168 2143/1958/2169 2158/1982/2184 2157/1981/2183
f 2143/1958/2169 2144/1960/2170 2159/1983/2185 2158/1982/2184
f 2144/1960/2170 2145/1962/2266 2160/1984/2273 2159/1983/2185
f 2145/1962/2266 2146/1964/2267 2161/1985/2274 2160/1984/2273
f 2146/1964/2267 2147/1966/2268 2162/1986/2275 2161/1985/2274
f 2147/1966/2268 2148/1968/2269 2163/1987/2276 2162/1986/2275
f 2148/1968/2269 2149/1970/2270 2164/1988/2277 2163/1987/2276
f 2149/1970/2270 2150/1972/2271 2165/1989/2278 2164/1988/2277
f 2150/1972/2271 2151/1974/2272 2166/1990/2279 2165/1989/2278
f 2151/1974/2272 2138/1946/2163 2153/1976/2178 2166/1990/2279
f 2153/1976/2178 2152/1977/2179 2167/1992/2194 2168/1991/2193
f 2152/1977/2179 2154/1978/2180 2169/1993/2195 2167/1992/2194
f 2154/1978/2180 2155/1979/2181 2170/1994/2196 2169/1993/2195
f 2155/1979/2181 2156/1980/2182 2171/1995/2197 2170/1994/2196
f 2156/1980/2182 2157/1981/2183 2172/1996/2198 2171/1995/2197
f 2157/1981/2183 2158/1982/2184 2173/1997/2199 2172/1996/2198
f 2158/1982/2184 2159/1983/2185 2174/1998/2200 2173/1997/2199
f 2159/1983/2185 2160/1984/2273 2175/1999/2201 2174/1998/2200
f 2160/1984/2273 2161/1985/2274 2176/2000/2280 2175/1999/2201
f 2161/1985/2274 2162/1986/2275 2177/2001/2281 2176/2000/2280
f 2162/1986/2275 2163/1987/2276 2178/2002/2282 2177/2001/2281
f 2163/1987/2276 2164/1988/2277 2179/2003/2283 2178/2002/2282
f 2164/1988/2277 2165/1989/2278 2180/2004/2284 2179/2003/2283
f 2165/1989/2278 2166/1990/2279 2181/2005/2207 2180/2004/2284
f 2166/1990/2279 2153/1976/2178 2168/1991/2193 2181/2005/2207
f 2168/1991/2193 2167/1992/2194 2182/2006/2208
f 2167/1992/2194 2169/1993/2195 2182/2006/2208
f 2169/1993/2195 2170/1994/2196 2182/2006/2208
f 2170/1994/2196 2171/1995/2197 2182/2006/2208
f 2171/1995/2197 2172/1996/2198 2182/2006/2208
f 2172/1996/2198 2173/1997/2199 2182/2006/2208
f 2173/1997/2199 2174/1998/2200 2182/2006/2208
f 2174/1998/2200 2175/1999/2201 2182/2006/2208
f 2175/1999/2201 2176/2000/2280 2182/2006/2208
f 2176/2000/2280 2177/2001/2281 2182/2006/2208
f 2177/2001/2281 2178/2002/2282 2182/2006/2208
f 2178/2002/2282 2179/2003/2283 2182/2006/2208
f 2179/2003/2283 2180/2004/2284 2182/2006/2208
f 2180/2004/2284 2181/2005/2207 2182/2006/2208
f 2181/2005/2207 2168/1991/2193 2182/2006/2208

v 0.09462436288595 0.01623409613967 -0.18870569765568
v 0.09462436288595 0.01283157803118 -0.17732284963131
v 0.09462436288595 0.02397226728499 -0.19772052764893
v 0.09462436288595 0.0347080975771 -0.20280858874321
v 0.09462436288595 0.04658526927233 -0.20309010148048
v 0.09462436288595 0.05755010247231 -0.19851639866829
v 0.09462436288595 0.06570669263601 -0.18987829983234
v 0.09462436288595 0.06964467465878 -0.17866942286491
v 0.09462436288595 0.06868313997984 -0.16682790219784
v 0.09462436288595 0.06298834085464 -0.1564012169838
v 0.09462436288595 0.05354498699307 -0.14919224381447
v 0.09462436288595 0.0419858917594 -0.14644746482372
v 0.09462436288595 0.03030973672867 -0.14864152669907
v 0.09462436288595 0.02053543180227 -0.15539500117302
v 0.09462436288595 0.01435305643827 -0.16554017364979
v 0.09331529587507 0.00422441866249 -0.17022901773453
v 0.09331529587507 0.00404067430645 -0.17804378271103
v 0.09331529587507 0.00548573629931 -0.18572600185871
v 0.09331529587507 0.00849644187838 -0.19293989241123
v 0.09331529587507 0.0129412021488 -0.19937019050121
v 0.09331529587507 0.01862577162683 -0.20473584532738
v 0.09331529587507 0.02530170045793 -0.20880235731602
v 0.09331529587507 0.03267722576857 -0.21139201521873
v 0.09331529587507 0.04042999073863 -0.21239161491394
v 0.09331529587507 0.04822116717696 -0.21175748109818
v 0.09331529587507 0.05571024492383 -0.2095173150301
v 0.09331529587507 0.06256991624832 -0.20576906204224
v 0.09331529587507 0.0685003772378 -0.20067648589611
v 0.09331529587507 0.07324244081974 -0.1944621950388
v 0.09331529587507 0.07658886164427 -0.18739777803421
v 0.09331529587507 0.07839336246252 -0.17979197204113
v 0.09331529587507 0.07857710123062 -0.17197717726231
v 0.09331529587507 0.07713205367327 -0.16429497301579
v 0.09331529587507 0.0741213336587 -0.15708108246326
v 0.09331529587507 0.06967657804489 -0.15065078437328
v 0.09331529587507 0.06399200111628 -0.14528512954712
v 0.09331529587507 0.05731608718634 -0.14121861755848
v 0.09331529587507 0.04994056001306 -0.13862895965576
v 0.09331529587507 0.04218779876828 -0.13762935996056
v 0.09331529587507 0.03439661487937 -0.13826350867748
v 0.09331529587507 0.02690754272044 -0.1405036598444
v 0.09331529587507 0.02004785835743 -0.14425191283226
v 0.09331529587507 0.01411740668118 -0.14934447407722
v 0.09331529587507 0.00937534030527 -0.1555587798357
v 0.09331529587507 0.00602892925963 -0.16262319684029
v 0.06791784614325 0.06226113438606 -0.20532236993313
v 0.06791784614325 0.06810546666384 -0.20030376315117
v 0.06791784614325 0.07277866452932 -0.1941797286272
v 0.06791784614325 0.04812076687813 -0.21122381091118
v 0.06791784614325 0.05550108104944 -0.20901618897915
v 0.06791784614325 0.07607648521662 -0.18721790611744
v 0.06791784614325 0.07785479724407 -0.17972253262997
v 0.06791784614325 0.07803586125374 -0.17202125489712
v 0.06791784614325 0.07661180198193 -0.16445061564445
v 0.06791784614325 0.07364481687546 -0.15734149515629
v 0.06791784614325 0.06926461309195 -0.15100458264351
v 0.06791784614325 0.06366260349751 -0.14571684598923
v 0.06791784614325 0.05708362907171 -0.14170937240124
v 0.06791784614325 0.04981522634625 -0.13915733993053
v 0.06791784614325 0.04217505455017 -0.13817225396633
v 0.06791784614325 0.03449702635407 -0.13879716396332
v 0.06791784614325 0.02711670659482 -0.14100478589535
v 0.06791784614325 0.02035666257143 -0.14469861984253
v 0.06791784614325 0.01451231911778 -0.14971722662449
v 0.06791784614325 0.00983913149685 -0.15584124624729
v 0.06791784614325 0.00654130894691 -0.16280308365822
v 0.06791784614325 0.00476299971342 -0.17029842734337
v 0.06791784614325 0.00458191893995 -0.17799971997738
v 0.06791784614325 0.00600599171594 -0.18557035923004
v 0.06791784614325 0.00897297263145 -0.19267949461937
v 0.06791784614325 0.0133531820029 -0.19901640713215
v 0.06791784614325 0.01895518600941 -0.20430412888527
v 0.06791784614325 0.02553416229784 -0.2083115875721
v 0.06791784614325 0.03280256688595 -0.21086363494396
v 0.06791784614325 0.04044273868203 -0.21184872090816
v 0.09099145978689 0.05791386216879 -0.13995668292046
v 0.09099145978689 0.050262901932 -0.13727031648159
v 0.09099145978689 0.0422206223011 -0.13623338937759
v 0.06995906680822 0.05791387706995 -0.13995668292046
v 0.06995906680822 0.05026292428374 -0.13727033138275
v 0.06995906680822 0.04222063720226 -0.13623338937759
v 0.09099145978689 0.07073596119881 -0.14974108338356
v 0.09099145978689 0.06483909487724 -0.14417505264282
v 0.06995906680822 0.07073596864939 -0.14974109828472
v 0.06995906680822 0.0648391097784 -0.14417506754398
v 0.09099145978689 0.07846984267235 -0.16389480233192
v 0.09099145978689 0.07534670084715 -0.15641151368618
v 0.06995906680822 0.07846985012293 -0.16389481723309
v 0.06995906680822 0.07534670829773 -0.15641152858734
v 0.09099145978689 0.03413848206401 -0.1368912011385
v 0.09099145978689 0.02636973187327 -0.13921500742435
v 0.06995906680822 0.03413850441575 -0.13689121603966
v 0.06995906680822 0.02636974863708 -0.13921500742435
v 0.09099145978689 0.01925388723612 -0.14310325682163
v 0.09099145978689 0.01310195960104 -0.14838600158691
v 0.06995906680822 0.01925390772521 -0.14310325682163
v 0.06995906680822 0.01310196984559 -0.14838598668575
v 0.09099145978689 0.00818279851228 -0.15483236312866
v 0.09099145978689 0.00471141934395 -0.16216060519218
v 0.06995906680822 0.00818281527609 -0.1548323482275
v 0.06995906680822 0.00471142632887 -0.16216059029102
v 0.09099145978689 0.0028395249974 -0.17005045711994
v 0.09099145978689 0.00264891865663 -0.17815706133842
v 0.06995906680822 0.00283953151666 -0.17005042731762
v 0.06995906680822 0.00264891865663 -0.17815706133842
v 0.09099145978689 0.00414794962853 -0.18612617254257
v 0.09099145978689 0.00727108260617 -0.19360946118832
v 0.06995906680822 0.00414794310927 -0.18612614274025
v 0.06995906680822 0.00727107282728 -0.19360944628716
v 0.09099145978689 0.01188183948398 -0.20027989149094
v 0.09099146723747 0.01777868717909 -0.20584592223167
v 0.06995906680822 0.01188182644546 -0.20027987658978
v 0.06995906680822 0.01777867600322 -0.20584590733051
v 0.09099146723747 0.0247039347887 -0.21006429195404
v 0.09099146723747 0.03235488012433 -0.21275065839291
v 0.06995906680822 0.02470391616225 -0.21006427705288
v 0.06995906680822 0.03235486522317 -0.21275065839291
v 0.09099146723747 0.04039717838168 -0.2137875854969
v 0.09099146723747 0.0484793074429 -0.213129773736
v 0.06995906680822 0.04039715602994 -0.2137875854969
v 0.06995906680822 0.04847929254174 -0.213129773736
v 0.09099146723747 0.05624806508422 -0.21080595254898
v 0.09099146723747 0.06336390227079 -0.20691771805286
v 0.06995906680822 0.05624804273248 -0.21080596745014
v 0.06995906680822 0.06336388736963 -0.20691771805286
v 0.09099145978689 0.06951583921909 -0.20163497328758
v 0.09099145978689 0.07443498820066 -0.19518861174583
v 0.06995906680822 0.06951581686735 -0.20163498818874
v 0.06995906680822 0.07443498075008 -0.195188626647
v 0.09099145978689 0.07790637016296 -0.18786035478115
v 0.09099145978689 0.0797782689333 -0.17997053265572
v 0.06995906680822 0.07790636271238 -0.18786038458347
v 0.06995906680822 0.07977826148272 -0.17997054755688
v 0.09099145978689 0.07996886968613 -0.17186389863491
v 0.06995906680822 0.07996886968613 -0.17186391353607
v 0.09403998404741 0.01992738433182 -0.18668852746487
v 0.09403998404741 0.01702602393925 -0.1769822537899
v 0.09403998404741 0.02652578987181 -0.19437554478645
v 0.09403998404741 0.03568033501506 -0.19871418178082
v 0.09403998404741 0.04580810666084 -0.19895423948765
v 0.09403998404741 0.05515792220831 -0.1950541883707
v 0.09403998404741 0.06211312115192 -0.18768841028214
v 0.09403998404741 0.06547106802464 -0.17813050746918
v 0.09403998404741 0.06465116143227 -0.16803312301636
v 0.09403998404741 0.05979515984654 -0.15914219617844
v 0.09403998404741 0.05174272507429 -0.15299502015114
v 0.09403998404741 0.04188617691398 -0.1506545394659
v 0.09403998404741 0.03192980960011 -0.15252542495728
v 0.09403998404741 0.02359516918659 -0.15828417241573
v 0.09403998404741 0.01832339912653 -0.16693505644798
v 0.09072554111481 0.02230440080166 -0.18539026379585
v 0.09072554111481 0.019725587219 -0.17676305770874
v 0.09072554111481 0.02816925011575 -0.19222269952297
v 0.09072554856539 0.0363060683012 -0.19607901573181
v 0.09072554111481 0.04530792310834 -0.19629237055779
v 0.09072554111481 0.05361830443144 -0.19282591342926
v 0.09072554856539 0.05980028584599 -0.18627898395061
v 0.09072554856539 0.06278493255377 -0.17778365314007
v 0.09072554856539 0.06205616518855 -0.1688088029623
v 0.09072554111481 0.05774001404643 -0.16090628504753
v 0.09072554111481 0.05058277770877 -0.15544252097607
v 0.09072554111481 0.04182199761271 -0.15336222946644
v 0.09072554111481 0.03297249600291 -0.15502512454987
v 0.09072554111481 0.02556442841887 -0.16014365851879
v 0.09072554111481 0.02087873220444 -0.16783282160759
v 0.09330625087023 0.02885025925934 -0.1818150728941
v 0.09330625087023 0.02715968713164 -0.17615941166878
v 0.09330625087023 0.03269503638148 -0.18629416823387
v 0.09330625832081 0.03802922740579 -0.18882222473621
v 0.09330625087023 0.04393050447106 -0.18896208703518
v 0.09330625087023 0.04937847703695 -0.18668960034847
v 0.09330625832081 0.05343115329742 -0.18239769339561
v 0.09330625832081 0.05538777261972 -0.17682847380638
v 0.09330625087023 0.0549100227654 -0.1709448993206
v 0.09330625087023 0.0520805157721 -0.1657643020153
v 0.09330625087023 0.04738850146532 -0.16218246519566
v 0.09330625087023 0.04164526239038 -0.16081869602203
v 0.09330625087023 0.03584386408329 -0.16190883517265
v 0.09330625087023 0.03098741360009 -0.16526436805725
v 0.09330625087023 0.02791564725339 -0.17030507326126
v 0.09213177859783 0.04130889102817 -0.17501048743725
# 181 vertices

vn 0.99952387809753 0.03073099441826 0.00276402034797
vn 0.83313256502151 0.52935308218002 0.16023568809032
vn 0.83294099569321 0.48456904292107 0.26721173524857
vn 0.99952387809753 0.02694987133145 0.01502447668463
vn 0.83313316106796 0.41841387748718 0.36168912053108
vn 0.83294117450714 0.33399093151093 0.44120180606842
vn 0.99952387809753 0.01850884221494 0.02468731999397
vn 0.83313286304474 0.23512776196003 0.50060421228409
vn 0.83294087648392 0.12566286325455 0.53890472650528
vn 0.99952387809753 0.00686764670536 0.03008123114705
vn 0.83313256502151 0.01118612661958 0.55296021699905
vn 0.83294081687927 -0.10439319163561 0.54342585802078
vn 0.99952387809753 -0.00596127426252 0.03027393296361
vn 0.83313250541687 -0.21469037234783 0.50970411300659
vn 0.83294034004211 -0.31639978289604 0.45398414134979
vn 0.99952387809753 -0.01775930635631 0.02523188106716
vn 0.83313226699829 -0.40344479680061 0.37831583619118
vn 0.99952387809753 -0.02648649923503 0.01582721248269
vn -0.91915559768677 -0.37165141105652 0.13049222528934
vn -0.91915547847748 0.37737396359444 0.11288110166788
vn -0.91915565729141 -0.33639895915985 0.20491133630276
vn -0.91915547847748 0.34565803408623 0.18887473642826
vn -0.91915565729141 -0.28644439578056 0.27037474513054
vn -0.91915553808212 0.29883548617363 0.25661337375641
vn -0.91915541887283 -0.22397117316723 0.32402187585831
vn -0.91915535926819 0.23895247280598 0.31313762068748
vn -0.91915518045425 -0.15170913934708 0.36350801587105
vn -0.91915512084961 0.16862589120865 0.35597640275955
vn -0.9191552400589 -0.07281631231308 0.38710653781891
vn -0.85405057668686 0.12008399516344 0.50613975524902
vn -0.85405099391937 0.01222749333829 0.52004551887512
vn -0.37131947278976 0.39749073982239 0.83912038803101
vn -0.37131947278976 0.21434190869331 0.90342646837234
vn -0.37131994962692 0.02182521484792 0.92824846506119
vn 0.26744151115417 0.22243712842464 0.93754827976227
vn 0.26744198799133 0.41250348091125 0.87081319093704
vn 0.26744124293327 0.02264936454594 0.96330791711807
vn -0.37132048606873 0.70442700386047 0.60489970445633
vn -0.37131997942924 0.56326764822006 0.73814022541046
vn 0.26744228601456 0.58454161882401 0.76601940393448
vn 0.26744240522385 0.73103260993958 0.62774664163589
vn -0.37132015824318 0.88956093788147 0.26608780026436
vn -0.37132039666176 0.81479907035828 0.44522312283516
vn 0.26744201779366 0.8455736041069 0.46203905344009
vn 0.2674415409565 0.92315918207169 0.27613791823387
vn -0.37131971120834 -0.17164541780949 0.9125018119812
vn -0.37131962180138 -0.35761445760727 0.85687434673309
vn 0.26744148135185 -0.17812846601009 0.94696635007858
vn 0.26744133234024 -0.37112152576447 0.88923788070679
vn -0.3713201880455 -0.52795380353928 0.76379716396332
vn -0.37132066488266 -0.67521870136261 0.63733869791031
vn 0.26744052767754 -0.54789471626282 0.79264557361603
vn 0.26744067668915 -0.70072185993195 0.66141092777252
vn -0.37132069468498 -0.79297381639481 0.48302537202835
vn -0.37132054567337 -0.87607216835022 0.30760133266449
vn 0.26744121313095 -0.8229244351387 0.50126898288727
vn 0.26744112372398 -0.90916138887405 0.31921902298927
vn 0.87309008836746 -0.36995562911034 -0.31756344437599
vn 0.8730902671814 -0.2088066637516 -0.44058269262314
vn 0.87309038639069 -0.01155271939933 -0.48742148280144
vn 0.8730902671814 0.18769817054272 -0.44998088479042
vn 0.8730902671814 0.35449457168579 -0.3347342312336
vn 0.87309008836746 0.45999598503113 -0.16160894930363
vn 0.96311241388321 -0.2041904181242 -0.17527346313
vn 0.96311235427856 -0.1152473539114 -0.24317209422588
vn 0.96311229467392 -0.00637634471059 -0.2690241932869
vn 0.96311223506927 0.1035969927907 -0.24835957586765
vn 0.96311223506927 0.19565743207932 -0.18475107848644
vn 0.96311229467392 0.25388696789742 -0.08919727057219
vn 0.99219208955765 0.05341292917728 0.11270286142826
vn 0.992192029953 0.00295522203669 0.12468449771404
vn 0.99219208955765 -0.04801378399134 0.11510661244392
vn 0.992192029953 -0.09068137407303 0.08562614023685
# 73 normals

# 0 texture coordinate

o BL
usemtl Body
f 2198/1861/1849 2199/1860/1848 2184/1859/1847
f 2183/1863/1851 2184/1859/1847 2199/1860/1848 2200/1862/1850
f 2200/1862/1850 2201/1864/1852 2183/1863/1851
f 2185/1866/1854 2183/1863/1851 2201/1864/1852 2202/1865/1853
f 2202/1865/1853 2203/1867/1855 2185/1866/1854
f 2186/1869/1857 2185/1866/1854 2203/1867/1855 2204/1868/1856
f 2204/1868/1856 2205/1870/1858 2186/1869/1857
f 2187/1872/1860 2186/1869/1857 2205/1870/1858 2206/1871/1859
f 2206/1871/1859 2207/1873/1861 2187/1872/1860
f 2188/1875/1863 2187/1872/1860 2207/1873/1861 2208/1874/1862
f 2208/1874/1862 2209/1876/1864 2188/1875/1863
f 2189/1878/1866 2188/1875/1863 2209/1876/1864 2210/1877/1865
f 2210/1877/1865 2211/1879/1867 2189/1878/1866
f 2190/1881/1869 2189/1878/1866 2211/1879/1867 2212/1880/1868
f 2212/1880/1868 2213/1882/1870 2190/1881/1869
f 2191/1884/2285 2190/1881/1869 2213/1882/1870 2214/1883/1871
f 2214/1883/1871 2215/1885/2286 2191/1884/2285
f 2192/1887/2288 2191/1884/2285 2215/1885/2286 2216/1886/2287
f 2216/1886/2287 2217/1888/2289 2192/1887/2288
f 2193/1890/2291 2192/1887/2288 2217/1888/2289 2218/1889/2290
f 2218/1889/2290 2219/1891/2292 2193/1890/2291
f 2194/1893/2294 2193/1890/2291 2219/1891/2292 2220/1892/2293
f 2220/1892/2293 2221/1894/2295 2194/1893/2294
f 2195/1896/2297 2194/1893/2294 2221/1894/2295 2222/1895/2296
f 2222/1895/2296 2223/1897/2298 2195/1896/2297
f 2196/1899/2300 2195/1896/2297 2223/1897/2298 2224/1898/2299
f 2224/1898/2299 2225/1900/2301 2196/1899/2300
f 2197/1902/2302 2196/1899/2300 2225/1900/2301 2226/1901/1889
f 2226/1901/1889 2227/1903/1891 2197/1902/2302
f 2184/1859/1847 2197/1902/2302 2227/1903/1891 2198/1861/1849
f 2232/1907/1895 2254/1906/1894 2253/1905/1893 2228/1904/1892
f 2252/1909/1897 2229/1908/1896 2228/1904/1892 2253/1905/1893
f 2255/1913/1901 2231/1912/1900 2257/1911/1899 2256/1910/1898
f 2231/1912/1900 2255/1913/1901 2254/1906/1894 2232/1907/1895
f 2250/1917/1905 2233/1916/1904 2230/1915/1903 2251/1914/1902
f 2249/1919/1907 2234/1918/1906 2233/1916/1904 2250/1917/1905
f 2234/1918/1906 2249/1919/1907 2248/1921/2303 2235/1920/1908
f 2235/1920/1908 2248/1921/2303 2247/1923/2305 2236/1922/2304
f 2236/1922/2304 2247/1923/2305 2246/1925/2307 2237/1924/2306
f 2237/1924/2306 2246/1925/2307 2245/1927/2309 2238/1926/2308
f 2238/1926/2308 2245/1927/2309 2244/1929/2311 2239/1928/2310
f 2239/1928/2310 2244/1929/2311 2243/1931/2313 2240/1930/2312
f 2242/1933/2315 2241/1932/2314 2240/1930/2312 2243/1931/2313
f 2251/1914/1902 2230/1915/1903 2229/1908/1896 2252/1909/1897
f 2241/1937/2314 2262/1936/2317 2261/1935/2316 2240/1934/2312
f 2242/1939/2315 2263/1938/2318 2262/1936/2317 2241/1937/2314
f 2220/1943/2293 2219/1942/2292 2258/1941/2320 2259/1940/2319
f 2221/1945/2295 2220/1943/2293 2259/1940/2319 2260/1944/2321
f 2259/1940/2319 2258/1941/2320 2261/1935/2316 2262/1936/2317
f 2260/1944/2321 2259/1940/2319 2262/1936/2317 2263/1938/2318
f 2239/1937/2310 2267/1936/2323 2266/1935/2322 2238/1934/2308
f 2240/1939/2312 2261/1938/2316 2267/1936/2323 2239/1937/2310
f 2218/1943/2290 2217/1942/2289 2264/1941/2325 2265/1940/2324
f 2219/1945/2292 2218/1943/2290 2265/1940/2324 2258/1944/2320
f 2265/1940/2324 2264/1941/2325 2266/1935/2322 2267/1936/2323
f 2258/1944/2320 2265/1940/2324 2267/1936/2323 2261/1938/2316
f 2237/1937/2306 2271/1936/2327 2270/1935/2326 2236/1934/2304
f 2238/1939/2308 2266/1938/2322 2271/1936/2327 2237/1937/2306
f 2216/1943/2287 2215/1942/2286 2268/1941/2329 2269/1940/2328
f 2217/1945/2289 2216/1943/2287 2269/1940/2328 2264/1944/2325
f 2269/1940/2328 2268/1941/2329 2270/1935/2326 2271/1936/2327
f 2264/1944/2325 2269/1940/2328 2271/1936/2327 2266/1938/2322
f 2243/1937/2313 2274/1936/2330 2263/1935/2318 2242/1934/2315
f 2244/1939/2311 2275/1938/2331 2274/1936/2330 2243/1937/2313
f 2222/1943/2296 2221/1942/2295 2260/1941/2321 2272/1940/2332
f 2223/1945/2298 2222/1943/2296 2272/1940/2332 2273/1944/2333
f 2272/1940/2332 2260/1941/2321 2263/1935/2318 2274/1936/2330
f 2273/1944/2333 2272/1940/2332 2274/1936/2330 2275/1938/2331
f 2245/1937/2309 2278/1936/2334 2275/1935/2331 2244/1934/2311
f 2246/1939/2307 2279/1938/2335 2278/1936/2334 2245/1937/2309
f 2224/1943/2299 2223/1942/2298 2273/1941/2333 2276/1940/2336
f 2225/1945/2301 2224/1943/2299 2276/1940/2336 2277/1944/2337
f 2276/1940/2336 2273/1941/2333 2275/1935/2331 2278/1936/2334
f 2277/1944/2337 2276/1940/2336 2278/1936/2334 2279/1938/2335
f 2247/1937/2305 2282/1936/2338 2279/1935/2335 2246/1934/2307
f 2248/1939/2303 2283/1938/2339 2282/1936/2338 2247/1937/2305
f 2226/1943/1889 2225/1942/2301 2277/1941/2337 2280/1940/2340
f 2227/1945/1891 2226/1943/1889 2280/1940/2340 2281/1944/2341
f 2280/1940/2340 2277/1941/2337 2279/1935/2335 2282/1936/2338
f 2281/1944/2341 2280/1940/2340 2282/1936/2338 2283/1938/2339
f 2249/1937/1907 2286/1936/1948 2283/1935/2339 2248/1934/2303
f 2250/1939/1905 2287/1938/1949 2286/1936/1948 2249/1937/1907
f 2198/1943/1849 2227/1942/1891 2281/1941/2341 2284/1940/1950
f 2199/1945/1848 2198/1943/1849 2284/1940/1950 2285/1944/1951
f 2284/1940/1950 2281/1941/2341 2283/1935/2339 2286/1936/1948
f 2285/1944/1951 2284/1940/1950 2286/1936/1948 2287/1938/1949
f 2251/1937/1902 2290/1936/1952 2287/1935/1949 2250/1934/1905
f 2252/1939/1897 2291/1938/1953 2290/1936/1952 2251/1937/1902
f 2200/1943/1850 2199/1942/1848 2285/1941/1951 2288/1940/1954
f 2201/1945/1852 2200/1943/1850 2288/1940/1954 2289/1944/1955
f 2288/1940/1954 2285/1941/1951 2287/1935/1949 2290/1936/1952
f 2289/1944/1955 2288/1940/1954 2290/1936/1952 2291/1938/1953
f 2253/1937/1893 2294/1936/1956 2291/1935/1953 2252/1934/1897
f 2254/1939/1894 2295/1938/1957 2294/1936/1956 2253/1937/1893
f 2202/1943/1853 2201/1942/1852 2289/1941/1955 2292/1940/1958
f 2203/1945/1855 2202/1943/1853 2292/1940/1958 2293/1944/1959
f 2292/1940/1958 2289/1941/1955 2291/1935/1953 2294/1936/1956
f 2293/1944/1959 2292/1940/1958 2294/1936/1956 2295/1938/1957
f 2255/1937/1901 2298/1936/1960 2295/1935/1957 2254/1934/1894
f 2256/1939/1898 2299/1938/1961 2298/1936/1960 2255/1937/1901
f 2204/1943/1856 2203/1942/1855 2293/1941/1959 2296/1940/1962
f 2205/1945/1858 2204/1943/1856 2296/1940/1962 2297/1944/1963
f 2296/1940/1962 2293/1941/1959 2295/1935/1957 2298/1936/1960
f 2297/1944/1963 2296/1940/1962 2298/1936/1960 2299/1938/1961
f 2257/1937/1899 2302/1936/1964 2299/1935/1961 2256/1934/1898
f 2231/1939/1900 2303/1938/1965 2302/1936/1964 2257/1937/1899
f 2206/1943/1859 2205/1942/1858 2297/1941/1963 2300/1940/1966
f 2207/1945/1861 2206/1943/1859 2300/1940/1966 2301/1944/1967
f 2300/1940/1966 2297/1941/1963 2299/1935/1961 2302/1936/1964
f 2301/1944/1967 2300/1940/1966 2302/1936/1964 2303/1938/1965
f 2232/1937/1895 2306/1936/1968 2303/1935/1965 2231/1934/1900
f 2228/1939/1892 2307/1938/1969 2306/1936/1968 2232/1937/1895
f 2208/1943/1862 2207/1942/1861 2301/1941/1967 2304/1940/1970
f 2209/1945/1864 2208/1943/1862 2304/1940/1970 2305/1944/1971
f 2304/1940/1970 2301/1941/1967 2303/1935/1965 2306/1936/1968
f 2305/1944/1971 2304/1940/1970 2306/1936/1968 2307/1938/1969
f 2229/1937/1896 2310/1936/1972 2307/1935/1969 2228/1934/1892
f 2230/1939/1903 2311/1938/1973 2310/1936/1972 2229/1937/1896
f 2210/1943/1865 2209/1942/1864 2305/1941/1971 2308/1940/1974
f 2211/1945/1867 2210/1943/1865 2308/1940/1974 2309/1944/1975
f 2308/1940/1974 2305/1941/1971 2307/1935/1969 2310/1936/1972
f 2309/1944/1975 2308/1940/1974 2310/1936/1972 2311/1938/1973
f 2233/1937/1904 2314/1936/1976 2311/1935/1973 2230/1934/1903
f 2234/1939/1906 2315/1938/1977 2314/1936/1976 2233/1937/1904
f 2212/1943/1868 2211/1942/1867 2309/1941/1975 2312/1940/1978
f 2213/1945/1870 2212/1943/1868 2312/1940/1978 2313/1944/1979
f 2312/1940/1978 2309/1941/1975 2311/1935/1973 2314/1936/1976
f 2313/1944/1979 2312/1940/1978 2314/1936/1976 2315/1938/1977
f 2235/1937/1908 2317/1936/1980 2315/1935/1977 2234/1934/1906
f 2236/1939/2304 2270/1938/2326 2317/1936/1980 2235/1937/1908
f 2214/1943/1871 2213/1942/1870 2313/1941/1979 2316/1940/1981
f 2215/1945/2286 2214/1943/1871 2316/1940/1981 2268/1944/2329
f 2316/1940/1981 2313/1941/1979 2315/1935/1977 2317/1936/1980
f 2268/1944/2329 2316/1940/1981 2317/1936/1980 2270/1938/2326
f 2184/1949/1847 2183/1948/1851 2318/1947/1983 2319/1946/1982
f 2183/1948/1851 2185/1951/1854 2320/1950/1984 2318/1947/1983
f 2185/1951/1854 2186/1953/1857 2321/1952/1985 2320/1950/1984
f 2186/1953/1857 2187/1955/1860 2322/1954/1986 2321/1952/1985
f 2187/1955/1860 2188/1957/1863 2323/1956/1987 2322/1954/1986
f 2188/1957/1863 2189/1959/1866 2324/1958/1988 2323/1956/1987
f 2189/1959/1866 2190/1961/1869 2325/1960/1989 2324/1958/1988
f 2190/1961/1869 2191/1963/2285 2326/1962/1990 2325/1960/1989
f 2191/1963/2285 2192/1965/2288 2327/1964/2342 2326/1962/1990
f 2192/1965/2288 2193/1967/2291 2328/1966/2343 2327/1964/2342
f 2193/1967/2291 2194/1969/2294 2329/1968/2344 2328/1966/2343
f 2194/1969/2294 2195/1971/2297 2330/1970/2345 2329/1968/2344
f 2195/1971/2297 2196/1973/2300 2331/1972/2346 2330/1970/2345
f 2196/1973/2300 2197/1975/2302 2332/1974/2347 2331/1972/2346
f 2197/1975/2302 2184/1949/1847 2319/1946/1982 2332/1974/2347
f 2319/1946/1982 2318/1947/1983 2333/1977/1998 2334/1976/1997
f 2318/1947/1983 2320/1950/1984 2335/1978/1999 2333/1977/1998
f 2320/1950/1984 2321/1952/1985 2336/1979/2000 2335/1978/1999
f 2321/1952/1985 2322/1954/1986 2337/1980/2001 2336/1979/2000
f 2322/1954/1986 2323/1956/1987 2338/1981/2002 2337/1980/2001
f 2323/1956/1987 2324/1958/1988 2339/1982/2003 2338/1981/2002
f 2324/1958/1988 2325/1960/1989 2340/1983/2004 2339/1982/2003
f 2325/1960/1989 2326/1962/1990 2341/1984/2005 2340/1983/2004
f 2326/1962/1990 2327/1964/2342 2342/1985/2348 2341/1984/2005
f 2327/1964/2342 2328/1966/2343 2343/1986/2349 2342/1985/2348
f 2328/1966/2343 2329/1968/2344 2344/1987/2350 2343/1986/2349
f 2329/1968/2344 2330/1970/2345 2345/1988/2351 2344/1987/2350
f 2330/1970/2345 2331/1972/2346 2346/1989/2352 2345/1988/2351
f 2331/1972/2346 2332/1974/2347 2347/1990/2353 2346/1989/2352
f 2332/1974/2347 2319/1946/1982 2334/1976/1997 2347/1990/2353
f 2334/1976/1997 2333/1977/1998 2348/1992/2013 2349/1991/2012
f 2333/1977/1998 2335/1978/1999 2350/1993/2014 2348/1992/2013
f 2335/1978/1999 2336/1979/2000 2351/1994/2015 2350/1993/2014
f 2336/1979/2000 2337/1980/2001 2352/1995/2016 2351/1994/2015
f 2337/1980/2001 2338/1981/2002 2353/1996/2017 2352/1995/2016
f 2338/1981/2002 2339/1982/2003 2354/1997/2018 2353/1996/2017
f 2339/1982/2003 2340/1983/2004 2355/1998/2019 2354/1997/2018
f 2340/1983/2004 2341/1984/2005 2356/1999/2020 2355/1998/2019
f 2341/1984/2005 2342/1985/2348 2357/2000/2021 2356/1999/2020
f 2342/1985/2348 2343/1986/2349 2358/2001/2354 2357/2000/2021
f 2343/1986/2349 2344/1987/2350 2359/2002/2355 2358/2001/2354
f 2344/1987/2350 2345/1988/2351 2360/2003/2356 2359/2002/2355
f 2345/1988/2351 2346/1989/2352 2361/2004/2357 2360/2003/2356
f 2346/1989/2352 2347/1990/2353 2362/2005/2026 2361/2004/2357
f 2347/1990/2353 2334/1976/1997 2349/1991/2012 2362/2005/2026
f 2349/1991/2012 2348/1992/2013 2363/2006/2027
f 2348/1992/2013 2350/1993/2014 2363/2006/2027
f 2350/1993/2014 2351/1994/2015 2363/2006/2027
f 2351/1994/2015 2352/1995/2016 2363/2006/2027
f 2352/1995/2016 2353/1996/2017 2363/2006/2027
f 2353/1996/2017 2354/1997/2018 2363/2006/2027
f 2354/1997/2018 2355/1998/2019 2363/2006/2027
f 2355/1998/2019 2356/1999/2020 2363/2006/2027
f 2356/1999/2020 2357/2000/2021 2363/2006/2027
f 2357/2000/2021 2358/2001/2354 2363/2006/2027
f 2358/2001/2354 2359/2002/2355 2363/2006/2027
f 2359/2002/2355 2360/2003/2356 2363/2006/2027
f 2360/2003/2356 2361/2004/2357 2363/2006/2027
f 2361/2004/2357 2362/2005/2026 2363/2006/2027
f 2362/2005/2026 2349/1991/2012 2363/2006/2027

v -0.10160863399506 0.13122157752514 0.06468335539103
v -0.10162729024887 0.13127963244915 0.07109425961971
v -0.10180050879717 0.11721127480268 0.07050063461065
v -0.10177724063396 0.11738935858011 0.06420847773552
v -0.10292810946703 0.13241668045521 0.064373716712
v -0.10292810946703 0.13109236955643 0.07153229415417
v -0.10292810946703 0.13133500516415 0.06337508559227
v -0.10292810946703 0.13241668045521 0.07024474442005
v -0.10292810946703 0.11640331149101 0.07017604261637
v -0.10292810946703 0.11710016429424 0.06337508559227
v -0.10292810946703 0.11786852777004 0.07153229415417
v -0.10292810946703 0.11640331149101 0.06420206278563
v -0.10163052380085 0.1307886838913 0.06368742883205
v -0.10163052380085 0.13178539276123 0.0646076053381
v -0.10163052380085 0.13178539276123 0.07001748681068
v -0.10163052380085 0.13056510686874 0.07120388746262
v -0.10163052380085 0.11837992817163 0.07120388746262
v -0.10163052380085 0.11702980101109 0.06995418667793
v -0.10163052380085 0.11702980101109 0.06444946676493
v -0.10163052380085 0.11767193675041 0.06368742883205
v -0.09989719837904 0.17309737205505 0.13169112801552
v -0.09988716989756 0.17317731678486 0.12709374725819
v -0.09661765396595 0.19515272974968 0.12420106679201
v -0.09663250297308 0.19506637752056 0.12885797023773
v -0.10319963097572 0.15110637247562 0.13452723622322
v -0.1031881198287 0.15118244290352 0.12998913228512
v -0.09341669082642 0.21229051053524 0.12199860066175
v -0.09341666847467 0.21229051053524 0.12668906152248
v -0.09642278403044 0.19627682864666 0.06355472654104
v -0.09453693777323 0.20534797012806 0.06365040689707
v -0.09137713909149 0.22054699063301 0.06381072849035
v -0.09472610801458 0.2055948227644 0.07128286361694
v -0.0964512899518 0.19611331820488 0.07237547636032
v -0.09399254620075 0.20940652489662 0.07216237485409
v -0.09353916347027 0.21168559789658 0.07714599370956
v -0.09151822328568 0.21956871449947 0.12722145020962
v -0.09163524210453 0.21830078959465 0.13247527182102
v -0.09977259486914 0.1740839779377 0.07495741546154
v -0.09974677860737 0.17428638041019 0.06331883370876
v -0.10305504500866 0.15206170082092 0.07753869891167
v -0.1030183583498 0.15230402350426 0.06308313459158
v -0.10357801616192 0.14255346357822 0.13563035428524
v -0.10357801616192 0.14284661412239 0.13108646869659
v -0.10162729024887 0.13127963244915 0.07109424471855
v -0.10164790600538 0.13003307580948 0.07263762503862
v -0.10178952664137 0.11857656389475 0.07245951145887
v -0.10180051624775 0.11721127480268 0.07050062716007
v -0.10528948158026 0.09831526875496 0.06497717648745
v -0.10528948158026 0.09664391726255 0.1880147755146
v -0.10528948158026 0.09298469871283 0.17663484811783
v -0.10528948158026 0.09441392123699 0.06552674621344
v -0.10528948158026 0.08552031964064 0.16543079912663
v -0.10528948158026 0.08697661012411 0.06657443195581
v -0.10528948158026 0.07638601213694 0.15707570314407
v -0.10528948158026 0.07794865965843 0.06784616410732
v -0.10528948158026 0.06633280962706 0.15078964829445
v -0.10528948158026 0.06752368062735 0.06931468844414
v -0.10457050055265 0.05544849485159 0.14697054028511
v -0.10457050055265 0.05659119784832 0.07085472345352
v -0.10254341363907 0.04297184571624 0.14369325339794
v -0.10254341363907 0.04389706999063 0.07264294475317
v -0.10328358411789 0.13374410569668 0.06399950385094
v -0.10328058153391 0.13265216350555 0.06287236511707
v -0.10332059860229 0.13382683694363 0.0740093588829
v -0.10357801616192 0.1466576308012 0.07817213237286
v -0.10357801616192 0.14372608065605 0.08095709979534
v -0.10334679484367 0.13223181664944 0.07661169022322
v -0.10357801616192 0.12862864136696 0.14926201105118
v -0.10353284329176 0.11695329844952 0.07635993510485
v -0.10160864144564 0.13122157752514 0.06468334794044
v -0.10355263948441 0.11485461145639 0.07409326732159
v -0.10351690649986 0.11494118720293 0.06268242746592
v -0.10177724808455 0.11738935858011 0.06420846283436
v -0.09929662197828 0.17213886976242 0.18059310317039
v -0.10087798535824 0.16644552350044 0.18018969893456
v -0.09999168664217 0.17233797907829 0.17535823583603
v -0.09671226888895 0.19460119307041 0.15395534038544
v -0.09622278809547 0.1945123821497 0.15874561667442
v -0.0935085862875 0.21183694899082 0.13548366725445
v -0.09283604472876 0.21296057105064 0.13867783546448
v -0.09243624657393 0.21488390862942 0.13637013733387
v -0.10528948158026 0.10166657716036 0.06450509279966
v -0.10528948158026 0.09980874508619 0.18804356455803
v -0.10357801616192 0.11034911870956 0.06328203529119
v -0.10357801616192 0.1080831065774 0.18811881542206
v -0.10352106392384 0.11462945491076 0.06267908960581
v -0.1035752594471 0.10859505087137 0.18812347948551
v -0.10357300937176 0.10884135216475 0.18812568485737
v -0.10357801616192 0.12760259211063 0.17388701438904
v -0.10357801616192 0.11755366623402 0.18820489943027
v -0.10357801616192 0.12936152517796 0.17828430235386
v -0.10348876565695 0.12471645325422 0.18827003240585
v -0.10357801616192 0.13302594423294 0.18048296868801
v -0.10343713313341 0.13056196272373 0.18832316994667
v -0.10331549495459 0.15034095942974 0.18018758296967
v -0.10306679457426 0.15020157396793 0.18850173056126
v -0.10185193270445 0.15821276605129 0.18857456743717
v -0.10060855001211 0.15046656131744 0.17994244396687
v -0.09819439798594 0.16641680896282 0.17994455993176
v -0.09719859063625 0.1732234954834 0.1267891228199
v -0.0939603894949 0.19498831033707 0.12392416596413
v -0.09398959577084 0.19476340711117 0.12910470366478
v -0.09722301363945 0.17300492525101 0.13191069662571
v -0.1004678979516 0.15143939852715 0.12965676188469
v -0.10049380362034 0.15122464299202 0.13471964001656
v -0.09079010039568 0.21196189522743 0.12174279987812
v -0.09080459177494 0.21182249486446 0.12695656716824
v -0.09208697080612 0.20533037185669 0.07151303440332
v -0.09379562735558 0.19593970477581 0.07259518653154
v -0.09136044979095 0.20910553634167 0.07238411903381
v -0.09091141074896 0.21136276423931 0.07731998711824
v -0.09708511829376 0.17412146925926 0.07515237480402
v -0.100336112082 0.15231022238731 0.07770892977715
v -0.10086856782436 0.13331747055054 0.18023498356342
v -0.10086856782436 0.14275369048119 0.13581217825413
v -0.10085406899452 0.14318342506886 0.13074359297752
v -0.10086856782436 0.12896230816841 0.1493132263422
v -0.10086856782436 0.12794607877731 0.1737022548914
v -0.10086856782436 0.12968817353249 0.17805740237236
v -0.10085406899452 0.14695793390274 0.07833629846573
v -0.10085406899452 0.14405447244644 0.08109457045794
v -0.09731659293175 0.17225281894207 0.17515939474106
v -0.09406860172749 0.19430269300938 0.15396156907082
v -0.09089562296867 0.21137326955795 0.13566690683365
v -0.10257812589407 0.09690266102552 0.18740954995155
v -0.10257812589407 0.09327850490808 0.17613868415356
v -0.10257812589407 0.08588564395905 0.16504201292992
v -0.10257812589407 0.07683888077736 0.15676693618298
v -0.10257812589407 0.06688200682402 0.15054112672806
v -0.10186602920294 0.05610198900104 0.14675861597061
v -0.09985838085413 0.04374490305781 0.14351274073124
v -0.09359832108021 0.19383332133293 0.15842086076736
v -0.09664269536734 0.17167420685291 0.18005898594856
v -0.0937963873148 0.19558084011078 0.0641421303153
v -0.09176184982061 0.20536723732948 0.06424535065889
v -0.10032877326012 0.15202941000462 0.06367505341768
v -0.09708855301142 0.17380112409592 0.06390848755836
v -0.08879910409451 0.21961843967438 0.06439566612244
v -0.08893882483244 0.21864955127239 0.12719875574112
v -0.09024402499199 0.21210470795631 0.13854536414146
v -0.08984805643559 0.21400962769985 0.13625979423523
v -0.08905473351479 0.21739375591278 0.13240224123001
v -0.09985838085413 0.04466125369072 0.07314324378967
v -0.10058847814798 0.13256585597992 0.06346628814936
v -0.10057452321053 0.13361144065857 0.06347751617432
v -0.10082253068686 0.11502460390329 0.06327817589045
v -0.10257812589407 0.10003715753555 0.18743805587292
v -0.10088305920362 0.10823221504688 0.18751260638237
v -0.10088032484055 0.10873927175999 0.18751721084118
v -0.10087810456753 0.10898321121931 0.18751938641071
v -0.10088305920362 0.11761204153299 0.1875978410244
v -0.10079466551542 0.12470619380474 0.18766234815121
v -0.10074352473021 0.13049568235874 0.18771497905254
v -0.10037671774626 0.14994710683823 0.18789184093475
v -0.09917351603508 0.15788151323795 0.18796397745609
v -0.10186602920294 0.05723374709487 0.0713721588254
v -0.10257812589407 0.06806146353483 0.06984689831734
v -0.10257812589407 0.07838655263186 0.06839241832495
v -0.10257812589407 0.08732799440622 0.06713289022446
v -0.10257812589407 0.09469403326511 0.06609524041414
v -0.10257812589407 0.09855799376965 0.06555093079805
v -0.10257812589407 0.10187719017267 0.06508339196444
v -0.10088305920362 0.11047653108835 0.06387203931808
v -0.10082665830851 0.11471586674452 0.06327487528324
v -0.10085408389568 0.14405447244644 0.08109457045794
v -0.10085406154394 0.14695791900158 0.07833628356457
v -0.10086857527494 0.12794607877731 0.17370226979256
v -0.10086856037378 0.12896229326725 0.14931324124336
v -0.09379562735558 0.19593970477581 0.07259517163038
v -0.09208697080612 0.20533037185669 0.07151301950216
v -0.0909113958478 0.21136273443699 0.07732000201941
v -0.09079010039568 0.21196189522743 0.12174279242754
v -0.09089561551809 0.21137326955795 0.13566692173481
v -0.09406859427691 0.19430270791054 0.15396158397198
v -0.09819439053535 0.16641679406166 0.17994455993176
v -0.10086856037378 0.13331747055054 0.18023501336575
v -0.10086856037378 0.12968818843365 0.17805740237236
v -0.10085406899452 0.14318342506886 0.13074360787868
v -0.10033608973026 0.15231022238731 0.07770894467831
v -0.09708512574434 0.17412148416042 0.07515237480402
v -0.10292809456587 0.13109236955643 0.07153229415417
v -0.10292809456587 0.13133500516415 0.06337507814169
v -0.10292809456587 0.13241666555405 0.064373716712
v -0.10292809456587 0.13241666555405 0.07024474442005
v -0.10292809456587 0.11710016429424 0.06337507814169
v -0.10292809456587 0.11786852777004 0.07153229415417
v -0.10292809456587 0.11640331149101 0.07017604261637
v -0.10292809456587 0.11640331149101 0.06420206278563
v -0.10163051635027 0.1307886838913 0.06368742883205
v -0.10163051635027 0.13178539276123 0.06460759788752
v -0.10163051635027 0.13178539276123 0.0700174793601
v -0.10163051635027 0.13056510686874 0.07120388001204
v -0.10163051635027 0.11837992817163 0.07120388001204
v -0.10163051635027 0.11702980101109 0.06995418667793
v -0.10163051635027 0.11702980101109 0.06444946676493
v -0.10163051635027 0.11767193675041 0.06368742883205
v -0.10087797790766 0.16644550859928 0.18018971383572
v -0.10331548005342 0.15034092962742 0.18018759787083
v -0.10357801616192 0.13302592933178 0.18048296868801
v -0.10357801616192 0.12936149537563 0.17828431725502
v -0.10357801616192 0.12760256230831 0.17388701438904
v -0.10357801616192 0.12862861156464 0.14926202595234
v -0.10357801616192 0.1425534337759 0.1356303691864
v -0.10319963097572 0.15110635757446 0.13452725112438
v -0.09989719092846 0.17309734225273 0.13169112801552
v -0.0966324955225 0.1950663626194 0.12885798513889
v -0.09341666102409 0.21229048073292 0.12668907642365
v -0.0935085862875 0.21183693408966 0.13548368215561
v -0.09671226143837 0.19460116326809 0.1539553552866
v -0.09999167919159 0.17233796417713 0.17535823583603
v -0.09341667592525 0.21229049563408 0.12199861556292
v -0.09661764651537 0.1951526850462 0.12420108169317
v -0.09988716989756 0.17317728698254 0.12709376215935
v -0.10318811237812 0.15118242800236 0.12998914718628
v -0.10357801616192 0.14284659922123 0.13108648359776
v -0.10357801616192 0.14372605085373 0.0809571146965
v -0.10357801616192 0.14665760099888 0.0781721547246
v -0.10305503755808 0.1520616710186 0.07753872126341
v -0.09977259486914 0.17408396303654 0.0749574303627
v -0.0964512899518 0.19611330330372 0.07237550616264
v -0.09472609311342 0.20559479296207 0.07128288596869
v -0.09399254620075 0.2094064950943 0.07216239720583
v -0.09353915601969 0.21168556809425 0.07714600861073
# 223 vertices

vn -0.9999184012413 0.01237163413316 -0.00318589992821
vn -0.99991869926453 0.01230363175273 -0.0033496862743
vn -0.99991804361343 0.01243963371962 -0.00302211311646
vn 0.45292574167252 0.75568729639053 -0.47306969761848
vn 0.31415390968323 0.21786335110664 -0.92403620481491
vn 0.37987104058266 0.43572577834129 -0.81599086523056
vn 0.45921686291695 0.85625386238098 -0.23653590679169
vn 0.4580269753933 0.85874301195145 0.22972109913826
vn 0.45235615968704 0.76438629627228 0.45944261550903
vn 0.38632050156593 0.44883048534393 0.80579632520676
vn 0.32381275296211 0.22441464662552 0.91912096738815
vn 0.44723078608513 -0.75837248563766 0.47418960928917
vn 0.31956294178963 -0.21876892447472 0.9219651222229
vn 0.37883388996124 -0.43753653764725 0.81550395488739
vn 0.45496714115143 -0.85836470127106 0.23709677159786
vn 0.40356215834618 -0.49576392769814 -0.76899659633636
vn 0.45675602555275 -0.86648881435394 -0.20142248272896
vn 0.45909997820854 -0.79179662466049 -0.40284651517868
vn 0.32860305905342 -0.24788077175617 -0.91135895252228
vn -0.98905158042908 0.14757005870342 0.00013428760576
vn -0.98897802829742 0.1480621099472 0.00026905670529
vn -0.98723238706589 0.15928639471531 0.00008279240137
vn -0.98520231246948 0.17139552533627 -0.00005005754429
vn -0.99350517988205 0.11378575116396 -0.00046569321421
vn -0.99680054187775 0.07992842048407 0.00040638813516
vn -0.97515344619751 0.22153030335903 0.0002944683074
vn -0.97030878067017 0.24162884056568 0.01078483834863
vn -0.98021560907364 0.19622313976288 -0.02595791965723
vn -0.98645204305649 0.16404996812344 -0.00014707335504
vn -0.98534852266312 0.17037963867188 -0.00768536701798
vn -0.97853541374207 0.20375776290894 -0.0308422781527
vn -0.97490519285202 0.22198791801929 -0.0167705770582
vn -0.97750264406204 0.20917616784573 -0.02708993293345
vn -0.97359848022461 0.228182554245 -0.00621832348406
vn -0.9678663611412 0.25110414624214 0.01346944831312
vn -0.95903158187866 0.28041368722916 0.04033048078418
vn -0.98888975381851 0.14865086972713 0.00011451118189
vn -0.98898100852966 0.14804215729237 0.0002446846047
vn -0.99147003889084 0.13033467531204 -0.0001951072627
vn -0.99852818250656 0.05287452042103 -0.01207427307963
vn -0.99984002113342 0.01786969602108 -0.00079024938168
vn -0.99999338388443 0.00359522178769 0.00054493866628
vn -0.95163720846176 -0.29645851254463 -0.08061625808477
vn -0.96159511804581 -0.06005654856563 -0.26782095432281
vn -0.97218781709671 0.14046868681908 -0.18740177154541
vn -0.94018578529358 0.33229050040245 -0.07505823671818
vn -0.99976074695587 -0.02187022380531 -0.00031966433744
vn -0.99904000759125 -0.04380193352699 -0.00064891943475
vn -0.99527078866959 -0.09712875634432 -0.00144949671812
vn -0.99177843332291 -0.12795408070087 -0.00181601929944
vn -0.98729825019836 -0.15886206924915 -0.00222772546113
vn -0.98744159936905 -0.15797097980976 -0.0020571181085
vn -0.99978464841843 0.01350945793092 -0.01575221307576
vn -0.99985682964325 0.01380520127714 -0.00978313758969
vn -0.99978220462799 -0.00235370965675 -0.02073696255684
vn -0.99971103668213 0.01518567930907 -0.01863306201994
vn -0.99982231855392 -0.01718351431191 -0.00774738192558
vn -0.99993324279785 -0.00929928291589 -0.0068539660424
vn -0.99999696016312 0.00188746675849 -0.00157948350534
vn -0.99998360872269 0.00569917401299 -0.00055370631162
vn -0.8415253162384 -0.52155178785324 0.14077949523926
vn -0.8819442987442 -0.45778253674507 -0.11229187995195
vn -0.85096216201782 -0.35445883870125 0.3875852227211
vn -0.93315184116364 -0.20807918906212 -0.29313945770264
vn -0.92395609617233 0.11602053046227 -0.36447814106941
vn -0.8753417134285 0.46712905168533 -0.12476924061775
vn -0.84082019329071 0.3300287425518 0.42907157540321
vn -0.85066425800323 0.33253401517868 0.40717503428459
vn -0.76051688194275 -0.15099805593491 0.63151699304581
vn -0.97536623477936 0.2033519744873 0.08549087494612
vn -0.9547752737999 0.26398131251335 0.13681374490261
vn -0.95843571424484 0.25436836481094 0.12921953201294
vn -0.95766526460648 0.26424562931061 0.11424294859171
vn -0.95786029100418 0.26844751834869 0.10217455774546
vn -0.95279365777969 0.29408901929855 0.07547145336866
vn -0.95044404268265 0.29566651582718 0.09611155092716
vn -0.94735842943192 0.30877396464348 0.08467981219292
vn -0.99769693613052 0.06782166659832 0.00101993139833
vn -0.99115115404129 0.13271974027157 0.00219798553735
vn -0.99703145027161 0.07698966562748 0.00095950625837
vn -0.99457192420959 0.10403451323509 0.00188840844203
vn -0.99999868869782 -0.00107742671389 -0.00119059195276
vn -0.99996894598007 0.0078749647364 0.0002340945648
vn -0.99999701976776 -0.00182058429345 -0.0016397574218
vn -0.9999064207077 0.01333882380277 -0.00302926870063
vn -0.9999908208847 0.00428183795884 -0.00004862286005
vn -0.99999064207077 0.00068328122143 0.00427352916449
vn -0.99999463558197 0.00260358140804 0.00197277124971
vn -0.99995654821396 0.0035879786592 0.0086036156863
vn -0.99993592500687 -0.00356187485158 0.01074608694762
vn -0.99983161687851 0.00609243335202 0.01730823144317
vn -0.99969935417175 0.00841058790684 0.02303203009069
vn -0.99606448411942 0.08354485034943 0.02959314547479
vn -0.99607771635056 0.08280567079782 0.03118366934359
vn -0.97531056404114 0.20327661931515 0.08630122244358
vn -0.0908210799098 0.01387779880315 -0.99577051401138
vn -0.09081745147705 0.01387786585838 -0.99577087163925
vn -0.09082471579313 0.01387773267925 -0.99577021598816
vn -0.10992683470249 -0.11362171173096 -0.98742401599884
vn -0.1099241450429 -0.11362181603909 -0.98742431402206
vn -0.10992951691151 -0.11362159997225 -0.98742371797562
vn -0.07628398388624 0.13864134252071 0.98740029335022
vn -0.07627905160189 0.13867099583149 0.98739647865295
vn -0.07627988606691 0.13867120444775 0.98739641904831
vn -0.07628931105137 0.13861183822155 0.98740404844284
vn -0.10993078351021 -0.11348760873079 -0.98743897676468
vn -0.10993357747793 -0.11348750442266 -0.98743867874146
vn -0.10992798954248 -0.11348772794008 -0.9874392747879
vn -0.07627473026514 0.13879428803921 0.98737949132919
vn -0.07627601921558 0.13879464566708 0.9873793721199
vn -0.07627344876528 0.1387939453125 0.98737967014313
vn -0.10957203805447 -0.10654006898403 -0.98825258016586
vn -0.10957188159227 -0.10654008388519 -0.98825258016586
vn -0.10957220196724 -0.10654006898403 -0.98825258016586
vn -0.07629358768463 0.13858203589916 0.98740786314011
vn -0.07629503309727 0.13858251273632 0.98740768432617
vn -0.07350537180901 0.12735864520073 0.98912930488586
vn -0.07350664585829 0.12735922634602 0.98912912607193
vn -0.07350408285856 0.12735804915428 0.98912942409515
vn -0.10535089671612 -0.20428818464279 0.97322529554367
vn -0.1053496748209 -0.20428931713104 0.97322523593903
vn -0.10535211116076 -0.20428703725338 0.97322541475296
vn -0.13802759349346 -0.89590239524841 0.42226445674896
vn -0.13802696764469 -0.89590263366699 0.42226415872574
vn -0.13802823424339 -0.89590215682983 0.42226475477219
vn -0.12282003462315 -0.99233412742615 0.01371892541647
vn -0.12282349169254 -0.99233371019363 0.01371913682669
vn -0.12281658500433 -0.99233454465866 0.01371871400625
vn -0.07353083789349 0.12702098488808 0.98917078971863
vn -0.07352945953608 0.12702061235905 0.98917096853256
vn -0.07353222370148 0.12702137231827 0.98917067050934
vn -0.07353032380342 0.1269049346447 0.98918575048447
vn -0.07353178411722 0.12690530717373 0.98918557167053
vn -0.07352886348963 0.12690454721451 0.98918586969376
vn -0.0894665569067 -0.01563251763582 -0.99586713314056
vn -0.08946419507265 -0.01563217677176 -0.99586737155914
vn -0.08946892619133 -0.01563285663724 -0.99586689472198
vn -0.07600481063128 0.13085171580315 0.9884842634201
vn -0.07600216567516 0.13085080683231 0.98848456144333
vn -0.07600745558739 0.13085263967514 0.98848390579224
vn -0.10871696472168 -0.12474195659161 -0.98621499538422
vn -0.10871537029743 -0.12474150955677 -0.9862152338028
vn -0.10871854424477 -0.12474239617586 -0.98621481657028
vn -0.1228893250227 0.9915599822998 0.04131567105651
vn -0.12288950383663 0.9915599822998 0.04131564870477
vn -0.12288913875818 0.99156004190445 0.04131569340825
vn -0.14159339666367 0.91912049055099 -0.36765319108963
vn -0.14159505069256 0.91911989450455 -0.36765399575233
vn -0.14159175753593 0.9191210269928 -0.36765238642693
vn -0.13265612721443 0.50995051860809 -0.849913418293
vn -0.13265925645828 0.50994849205017 -0.84991413354874
vn -0.13265296816826 0.50995254516602 -0.84991270303726
vn -0.07321554422379 0.12309187650681 0.98969078063965
vn -0.07321624457836 0.12309227883816 0.989690721035
vn -0.07321485131979 0.12309147417545 0.98969089984894
vn -0.11877705901861 0.68387204408646 0.71986871957779
vn -0.11877789348364 0.68387240171432 0.71986824274063
vn -0.11877623200417 0.68387168645859 0.71986919641495
vn -0.12053819745779 0.992555975914 0.0174133554101
vn -0.12053533643484 0.99255627393723 0.01741351746023
vn -0.12054105848074 0.99255561828613 0.01741319149733
vn -0.0991587266326 0.69609725475311 0.71106696128845
vn -0.09916052222252 0.69609731435776 0.71106666326523
vn -0.09915692359209 0.69609713554382 0.71106725931168
vn -0.07763507217169 -0.62512791156769 -0.77665168046951
vn -0.07763005048037 -0.62512719631195 -0.77665275335312
vn -0.07764009386301 -0.62512862682343 -0.77665060758591
vn -0.07566122710705 -0.6852400302887 -0.72437655925751
vn -0.07566449791193 -0.68523985147476 -0.72437644004822
vn -0.075657941401 -0.68524026870728 -0.72437673807144
vn -0.07988904416561 -0.72185790538788 -0.68741470575333
vn -0.07989163696766 -0.7218576669693 -0.68741458654404
vn -0.07988645136356 -0.72185808420181 -0.68741482496262
vn -0.17090620100498 -0.98388612270355 -0.0525272898376
vn -0.17090286314487 -0.98388665914536 -0.05252827331424
vn -0.17090953886509 -0.98388564586639 -0.05252629518509
vn 0.15719711780548 -0.94015902280808 0.30230790376663
vn 0.15719619393349 -0.94015908241272 0.30230817198753
vn 0.15719804167747 -0.94015896320343 0.30230763554573
vn 0.18821677565575 -0.81734675168991 0.54453539848328
vn 0.18821762502193 -0.81734669208527 0.54453510046005
vn 0.18821592628956 -0.81734675168991 0.54453557729721
vn 0.19305638968945 -0.6622371673584 0.72399663925171
vn 0.19305950403214 -0.66223728656769 0.72399568557739
vn 0.19305324554443 -0.66223710775375 0.72399759292603
vn 0.18201531469822 -0.52131247520447 0.8337287902832
vn 0.18201281130314 -0.52131217718124 0.83372956514359
vn 0.1820178180933 -0.52131271362305 0.83372807502747
vn 0.15029647946358 -0.31847670674324 0.93593990802765
vn 0.15029732882977 -0.31847676634789 0.93593978881836
vn 0.15029560029507 -0.31847661733627 0.93594008684158
vn 0.13153895735741 -0.23180098831654 0.96382874250412
vn 0.13153922557831 -0.23180098831654 0.96382868289948
vn 0.13153870403767 -0.23180095851421 0.96382874250412
vn 0.25762650370598 0.65671283006668 0.70877134799957
vn 0.2576302587986 0.65671157836914 0.70877110958099
vn 0.25762274861336 0.65671408176422 0.70877152681351
vn 0.20972813665867 -0.03329426795244 -0.97719269990921
vn 0.20972663164139 -0.03329402953386 -0.97719305753708
vn 0.20972783863544 -0.03329414501786 -0.97719275951386
vn 0.20972907543182 -0.03329418972135 -0.97719252109528
vn 0.21281896531582 -0.02119931951165 -0.97686165571213
vn 0.21281933784485 -0.02119932882488 -0.97686159610748
vn 0.21281859278679 -0.02119931206107 -0.97686171531677
vn 0.21273455023766 -0.02167721837759 -0.97686952352524
vn 0.21273517608643 -0.0216772351414 -0.97686940431595
vn 0.21273390948772 -0.02167720161378 -0.97686970233917
vn 0.33575689792633 0.94182479381561 0.01527706906199
vn 0.33575519919395 0.94182538986206 0.01527699455619
vn 0.33575862646103 0.94182413816452 0.01527714170516
vn 0.26178359985352 0.68810129165649 0.67674660682678
vn 0.26178121566772 0.68810206651688 0.67674672603607
vn 0.26178598403931 0.68810045719147 0.67674648761749
vn 0.26940974593163 0.71630704402924 0.64367896318436
vn 0.26940932869911 0.71630752086639 0.64367860555649
vn 0.26941016316414 0.71630656719208 0.64367932081223
vn 0.32857817411423 0.91642343997955 0.22848306596279
vn 0.32857722043991 0.91642385721207 0.22848258912563
vn 0.32857912778854 0.9164229631424 0.22848352789879
vn 0.27587461471558 -0.96111214160919 -0.01251566782594
vn 0.27587324380875 -0.96111255884171 -0.01251561939716
vn 0.27587595582008 -0.96111178398132 -0.01251571811736
vn 0.26401221752167 0.6974903345108 0.66618674993515
vn 0.2640133202076 0.69748955965042 0.66618716716766
vn 0.26401105523109 0.69749116897583 0.66618627309799
vn 0.21569117903709 0.00759826553985 -0.97643208503723
vn 0.21566522121429 0.00759475212544 -0.97643780708313
vn 0.21568235754967 0.00759721221402 -0.97643405199051
vn 0.21569092571735 0.00759844155982 -0.97643214464188
vn 0.21566471457481 0.00759510323405 -0.97643792629242
vn 0.21566395461559 0.00759374490008 -0.97643810510635
vn 0.21566466987133 0.00759384548292 -0.97643798589706
vn 0.21566328406334 0.0075936447829 -0.97643828392029
vn 0.21865463256836 -0.00887224730104 0.97576195001602
vn 0.21865274012089 -0.00887064822018 0.97576242685318
vn 0.21865653991699 -0.0088738463819 0.97576153278351
vn 0.22201690077782 -0.05477795004845 0.97350287437439
vn 0.2220192104578 -0.05477920547128 0.97350227832794
vn 0.22201459109783 -0.05477669462562 0.97350347042084
vn 0.21997976303101 -0.01004119776189 0.97545278072357
vn 0.21997730433941 -0.01003050711006 0.97545343637466
vn 0.2199822217226 -0.01005188934505 0.97545206546783
vn 0.22001868486404 -0.01073572039604 0.97543656826019
vn 0.22001370787621 -0.01069874037057 0.97543811798096
vn 0.22002364695072 -0.01077269949019 0.97543507814407
vn 0.21992373466492 -0.0087434919551 0.97547787427902
vn 0.21992638707161 -0.00874433480203 0.97547727823257
vn 0.21992109715939 -0.00874264910817 0.97547847032547
vn 0.21997773647308 -0.01160952541977 0.97543579339981
vn 0.21997377276421 -0.01160791702569 0.97543674707413
vn 0.21998170018196 -0.01161113381386 0.97543489933014
vn 0.21998430788517 -0.01081146113575 0.97544348239899
vn 0.21998655796051 -0.01081257686019 0.97544300556183
vn 0.21998208761215 -0.0108103454113 0.97544401884079
vn 0.21991828083992 -0.0130156846717 0.97543144226074
vn 0.21992461383343 -0.01301671657711 0.97543001174927
vn 0.21991196274757 -0.01301465462893 0.97543293237686
vn 0.21714854240417 -0.04179640859365 0.97524333000183
vn 0.21714654564857 -0.04179536923766 0.97524380683899
vn 0.21715052425861 -0.04179744422436 0.97524285316467
vn 0.25100892782211 0.44625109434128 0.85898452997208
vn 0.25100693106651 0.44625195860863 0.85898470878601
vn 0.25101095438004 0.44625028967857 0.85898441076279
vn 0.21053886413574 -0.10332091152668 -0.97211015224457
vn 0.21053682267666 -0.10332177579403 -0.97211050987244
vn 0.21054090559483 -0.10332005470991 -0.9721097946167
vn 0.2144832611084 -0.12239821255207 -0.96902817487717
vn 0.21448668837547 -0.12239695340395 -0.96902757883072
vn 0.21447981894016 -0.12239946424961 -0.96902877092361
vn 0.21675372123718 -0.13617396354675 -0.96668219566345
vn 0.2167511433363 -0.13617306947708 -0.96668291091919
vn 0.21675208210945 -0.13617368042469 -0.96668261289597
vn 0.2167584002018 -0.13617248833179 -0.96668136119843
vn 0.21675519645214 -0.13617390394211 -0.96668189764023
vn 0.2167534828186 -0.13617293536663 -0.96668237447739
vn 0.21675297617912 -0.13617464900017 -0.9666822552681
vn 0.21675454080105 -0.13617473840714 -0.96668189764023
vn 0.21675370633602 -0.13617186248302 -0.96668249368668
vn 0.21675215661526 -0.13617381453514 -0.96668255329132
vn 0.21675826609135 -0.1361673027277 -0.96668213605881
vn 0.21675483882427 -0.13617040216923 -0.96668243408203
vn 0.21847608685493 -0.17821481823921 -0.95943093299866
vn 0.21847432851791 -0.17821510136127 -0.95943129062653
vn 0.21847784519196 -0.17821455001831 -0.95943057537079
vn 0.21566486358643 0.0075756823644 -0.97643804550171
vn 0.21566411852837 0.00756635842845 -0.97643828392029
vn 0.21566559374332 0.00758500630036 -0.97643780708313
vn 0.21805542707443 -0.13897460699081 -0.96599060297012
vn 0.21805579960346 -0.13897435367107 -0.96599060297012
vn 0.21805502474308 -0.13897486031055 -0.96599066257477
vn 0.20972634851933 -0.03329387307167 -0.97719311714172
vn 0.20972548425198 -0.03329385817051 -0.97719329595566
vn 0.99994945526123 0.00507498113438 0.00867942068726
vn 0.9993360042572 -0.03339383378625 0.01457419339567
vn 0.99974673986435 -0.00587872462347 0.02172232046723
vn 0.59639692306519 -0.1052982956171 -0.79575306177139
vn 0.99208778142929 0.02570637315512 0.12288597971201
vn 0.00002309918455 -0.13948841392994 -0.99022370576859
vn 0.00005008669541 -0.13948535919189 -0.9902241230011
vn 0.00002548142402 -0.13948917388916 -0.9902235865593
vn 0.00001166382754 -0.13948954641819 -0.99022352695465
vn 0.00001014801092 -0.13949087262154 -0.99022334814072
vn 0.00000913845361 0.13948631286621 0.99022400379181
vn 0.29597324132919 -0.12922613322735 -0.94641453027725
vn -0.00002995021532 -0.13948348164558 -0.99022442102432
vn 0.0000050837034 -0.1394872367382 -0.99022388458252
vn 0.9842386841774 -0.01125729549676 -0.17648640275002
vn 0.99883300065994 -0.0052051669918 -0.04801603406668
vn 0.99883437156677 -0.04555454105139 0.01596042886376
vn 0.99935829639435 -0.03566753491759 -0.00329205393791
vn 0.99905210733414 -0.03855158016086 0.02021584101021
vn 0.99859219789505 -0.0475978590548 0.02341061644256
vn 0.99631798267364 -0.03317208588123 0.07905745506287
vn 0.98398888111114 -0.1772326529026 0.01882682181895
vn 0.98729449510574 -0.15879186987877 0.0058904895559
vn 0.97985291481018 -0.19647125899792 0.03587839752436
vn 0.97808235883713 -0.20378856360912 0.04272166267037
vn 0.97510290145874 -0.22015184164047 0.02659955434501
vn 0.97648829221725 -0.21307940781116 0.03267774730921
vn 0.96873831748962 -0.24804060161114 0.00468171667308
vn 0.96529603004456 -0.26089534163475 -0.01171546522528
vn 0.97860389947891 -0.20572312176228 -0.00351834576577
vn 0.97027343511581 -0.24165439605713 -0.01313961949199
vn 0.95207911729813 -0.30125451087952 -0.05283074453473
vn 0.94087618589401 -0.32379347085953 -0.09954807907343
vn 0.97606730461121 -0.21683242917061 -0.01662115193903
vn 0.97422182559967 -0.21984703838825 -0.05058751627803
vn 0.97603905200958 0.05093855410814 0.21154902875423
vn 0.94932043552399 -0.28349927067757 -0.13571633398533
vn 0.94055902957916 -0.11196538805962 -0.32064381241798
vn 0.99763631820679 -0.06138035282493 -0.03089037165046
vn 0.98576021194458 -0.16667482256889 -0.02227896079421
vn 0.90033251047134 -0.21917854249477 -0.37598150968552
vn 0.68317478895187 -0.18626561760902 -0.70610010623932
vn 0.99970227479935 -0.01044271606952 -0.0220528524369
vn 0.99966806173325 -0.01364132482558 -0.02185544557869
vn 0.99871009588242 -0.02745667472482 -0.04271165654063
vn 0.99992781877518 -0.00584581308067 -0.01049956213683
vn 0.99991238117218 -0.00415400695056 -0.0125665217638
vn 0.99972897768021 -0.00705228373408 -0.02218660153449
vn 0.94929933547974 -0.08809892088175 -0.30177703499794
vn 0.97858083248138 -0.09030839055777 -0.18499709665775
vn 0.99840748310089 -0.04101093113422 0.03873746469617
vn 0.99962252378464 -0.02710213325918 0.00450470298529
vn 0.99597764015198 -0.0887525677681 -0.01231083646417
vn 0.99594044685364 -0.01800702884793 0.08819536119699
vn 0.99639916419983 -0.00051525008166 0.08478485047817
vn 0.96631556749344 0.03564506396651 0.25487968325615
vn 0.98903501033783 -0.14763349294662 0.00376174761914
vn 0.98890626430511 -0.14846654236317 0.0046956744045
vn 0.99481815099716 -0.10115373879671 0.01023430377245
vn 0.99257814884186 -0.12157265841961 0.00295053096488
vn -1 0 0
vn 0.37986996769905 0.43572929501534 -0.81598949432373
vn 0.45920750498772 0.8562588095665 -0.23653595149517
vn 0.45292031764984 0.75569200515747 -0.47306746244431
vn 0.31415468454361 0.21786561608315 -0.92403537034988
vn 0.45235079526901 0.76439046859741 0.45944094657898
vn 0.45801690220833 0.85874879360199 0.22971959412098
vn 0.32381576299667 0.22441439330578 0.91911995410919
vn 0.38632044196129 0.44883322715759 0.80579483509064
vn 0.3788349032402 -0.43753635883331 0.81550353765488
vn 0.45496645569801 -0.85836488008499 0.23709757626057
vn 0.44723075628281 -0.75837248563766 0.47418969869614
vn 0.31956616044044 -0.21876911818981 0.92196398973465
vn 0.45910057425499 -0.79179686307907 -0.40284544229507
vn 0.32860332727432 -0.24788154661655 -0.91135865449905
vn 0.40356296300888 -0.49576443433762 -0.76899582147598
vn 0.45675665140152 -0.86648857593536 -0.20142228901386
vn -0.99846458435059 0.05527280643582 -0.00365495216101
vn -0.99958968162537 0.01473715435714 -0.02456190250814
vn -0.99979323148727 0.01386121381074 -0.01487846393138
vn -0.99992281198502 0.01219876576215 -0.00235903519206
vn -0.9999628663063 0.00816942099482 0.00275339395739
vn -0.99969971179962 0.02445058710873 0.00161701266188
vn -0.99534529447556 0.09636852145195 -0.00090999796521
vn -0.98911416530609 0.14715005457401 0.00013928915723
vn -0.98878037929535 0.14937588572502 0.00049139437033
vn -0.98890107870102 0.14857491850853 0.00034490137477
vn -0.98733270168304 0.15866366028786 0.00008092015196
vn -0.98540008068085 0.17025431990623 -0.00035867482075
vn -0.9831708073616 0.18268837034702 -0.00031210799352
vn -0.98333340883255 0.18180933594704 -0.00090205954621
vn -0.99600839614868 0.08924773335457 0.00144773907959
vn -0.99890249967575 0.0468308404088 0.00082159077283
vn -0.99963539838791 0.0267211664468 0.00388552481309
vn -0.998670399189 0.05146173015237 0.003020767821
vn -0.99254733324051 0.12185902893543 -0.00047548575094
vn -0.98893648386002 0.14833918213844 0.0002635231649
vn -0.98895227909088 0.1482342928648 0.00012679221982
vn -0.98736870288849 0.15843930840492 0.00004406897278
vn -0.98409235477448 0.17765530943871 0.00089971354464
vn -0.98296755552292 0.18377555906773 0.0011277506128
vn -0.98193597793579 0.18919964134693 0.00228929752484
vn -0.98240518569946 0.18675723671913 0.0013454684522
vn -0.9829957485199 0.18362826108932 0.00020746223163
# 396 normals

vt 0.53896987438202 0.43709361553192 0
vt 0.52947646379471 0.43736302852631 0
vt 0.53018295764923 0.45794010162354 0
vt 0.539715051651 0.45839011669159 0
vt 0.22399026155472 0.21425914764404 0
vt 0.23052629828453 0.21438014507294 0
vt 0.23491661250591 0.24764549732208 0
vt 0.22829023003578 0.24751484394073 0
vt 0.21968597173691 0.18097007274628 0
vt 0.22613215446472 0.18108522891998 0
vt 0.23855322599411 0.27429592609406 0
vt 0.23187594115734 0.27429592609406 0
vt 0.31579741835594 0.26321029663086 0
vt 0.31413918733597 0.24909961223602 0
vt 0.32680720090866 0.26285243034363 0
vt 0.31446281075478 0.26875734329224 0
vt 0.30747291445732 0.27208566665649 0
vt 0.23033328354359 0.28394293785095 0
vt 0.31022047996521 0.21575248241425 0
vt 0.30630302429199 0.18241608142853 0
vt 0.21801193058491 0.16802310943604 0
vt 0.22446681559086 0.16846692562103 0
vt 0.31573370099068 0.15095770359039 0
vt 0.31340283155441 0.14907073974609 0
vt 0.3135262131691 0.13172793388367 0
vt 0.31647887825966 0.12966120243073 0
vt 0.32623565196991 0.15468597412109 0
vt 0.31144300103188 0.15481400489807 0
vt 0.30534169077873 0.17423570156097 0
vt 0.30111527442932 0.16979801654816 0
vt 0.30747649073601 0.15239953994751 0
vt 0.19732458889484 0.14694440364838 0
vt 0.30764067173004 0.12927079200745 0
vt 0.32526582479477 0.15050768852234 0
vt 0.31104591488838 0.12609374523163 0
vt 0.32597231864929 0.12993061542511 0
vt 0.1502428650856 0.20419001579285 0
vt 0.15728107094765 0.21310973167419 0
vt 0.18976204097271 0.24681067466736 0
vt 0.21867634356022 0.2736302614212 0
vt 0.15980723500252 0.14539122581482 0
vt 0.15313400328159 0.14805376529694 0
vt 0.1497974395752 0.15360081195831 0
vt 0.15024580061436 0.17981159687042 0
vt 0.32679426670074 0.26405823230743 0
vt 0.327969789505 0.15463292598724 0
vt 0.30446791648865 0.16990685462952 0
vt 0.30758753418922 0.1723370552063 0
vt 0.15638181567192 0.1464821100235 0
vt 0.196318551898 0.14471209049225 0
vt 0.3146607875824 0.24959492683411 0
vt 0.31601032614708 0.26433539390564 0
vt 0.3143227994442 0.26965320110321 0
vt 0.30675929784775 0.27303147315979 0
vt 0.23868755996227 0.27379739284515 0
vt 0.23316715657711 0.27342057228088 0
vt 0.22101214528084 0.27320086956024 0
vt 0.18895444273949 0.24293446540833 0
vt 0.15013381838799 0.18052506446838 0
vt 0.15059323608875 0.20671689510345 0
vt 0.14963400363922 0.15203034877777 0
vt 0.15194894373417 0.14825046062469 0
vt 0.22032460570335 0.16689562797546 0
vt 0.22554779052734 0.16720473766327 0
vt 0.3115166425705 0.21525299549103 0
vt 0.30836296081543 0.18080699443817 0
vt 0.7052029967308 0.48724389076233 0
vt 0.7056513428688 0.46103322505951 0
vt 0.70231479406357 0.45548617839813 0
vt 0.6956415772438 0.45282363891602 0
vt 0.65812420845032 0.45437681674957 0
vt 0.63743686676025 0.47545552253723 0
vt 0.63576281070709 0.48840248584747 0
vt 0.69816774129868 0.5205420255661 0
vt 0.7052059173584 0.51162225008011 0
vt 0.63145852088928 0.52169150114059 0
vt 0.6271585226059 0.55494719743729 0
vt 0.66568672657013 0.55424302816391 0
vt 0.6235728263855 0.58172816038132 0
vt 0.63677245378494 0.58106255531311 0
vt 0.62931662797928 0.48851764202118 0
vt 0.6309819817543 0.47589921951294 0
vt 0.55433350801468 0.47723042964935 0
vt 0.55010706186295 0.48166811466217 0
vt 0.54914575815201 0.48984849452972 0
vt 0.54522830247879 0.5231848359108 0
vt 0.62492245435715 0.52181243896484 0
vt 0.54130959510803 0.55653184652328 0
vt 0.62053215503693 0.55507785081863 0
vt 0.53965133428574 0.57064265012741 0
vt 0.5409859418869 0.57618969678879 0
vt 0.54797583818436 0.5795179605484 0
vt 0.61689555644989 0.58172816038132 0
# 93 texture coordinates

o RightDoor
usemtl Body
f 2364/2009/2358 2367/2008/2359 2366/2007/2358
f 2366/2007/2358 2365/2010/2360 2364/2009/2358
f 2376/1410/2363 2370/1410/2362 2368/1413/2361
f 2368/1413/2361 2377/1413/2364 2376/1410/2363
f 2377/1413/2364 2368/1413/2361 2371/1412/2365
f 2371/1412/2365 2378/1412/2366 2377/1413/2364
f 2378/1412/2366 2371/1412/2365 2369/1411/2367
f 2369/1411/2367 2379/1411/2368 2378/1412/2366
f 2380/1414/2371 2374/1414/2370 2372/1417/2369
f 2372/1417/2369 2381/1417/2372 2380/1414/2371
f 2382/1416/2375 2375/1416/2374 2373/1415/2373
f 2373/1415/2373 2383/1415/2376 2382/1416/2375
f 2381/1417/2372 2372/1417/2369 2375/1416/2374
f 2375/1416/2374 2382/1416/2375 2381/1417/2372
f 2383/1415/2376 2373/1415/2373 2370/1410/2362
f 2370/1410/2362 2376/1410/2363 2383/1415/2376
f 2379/1411/2368 2369/1411/2367 2374/1414/2370
f 2374/1414/2370 2380/1414/2371 2379/1411/2368
f 2386/2013/2379 2385/2012/2378 2384/2011/2377
f 2384/2011/2377 2387/2014/2380 2386/2013/2379
f 2385/2012/2378 2389/2016/2382 2388/2015/2381
f 2388/2015/2381 2384/2011/2377 2385/2012/2378
f 2390/2017/2383 2386/2013/2379 2387/2014/2380
f 2387/2014/2380 2391/2018/2384 2390/2017/2383
f 2392/237/2387 2396/2020/2386 2395/2019/2385
f 2395/2019/2385 2394/238/2389 2393/2021/2388
f 2392/237/2387 2395/2019/2385 2393/2021/2388
f 2394/238/2389 2395/2019/2385 2397/2022/2390
f 2397/2022/2390 2398/2023/2391 2394/238/2389
f 2394/238/2389 2398/2023/2391 2390/2017/2383
f 2390/2017/2383 2399/2024/2392 2394/238/2389
f 2391/2018/2384 2400/138/2393 2399/2024/2392
f 2399/2024/2392 2390/2017/2383 2391/2018/2384
f 2401/2025/2394 2396/2020/2386 2392/237/2387
f 2392/237/2387 2402/242/2395 2401/2025/2394
f 2403/2026/2396 2401/2025/2394 2402/242/2395
f 2402/242/2395 2404/241/2397 2403/2026/2396
f 2405/2027/2398 2388/2015/2381 2389/2016/2382
f 2389/2016/2382 2406/2028/2399 2405/2027/2398
f 2409/2031/2402 2408/2030/2401 2407/2029/2400
f 2407/2029/2400 2410/2032/2403 2409/2031/2402
f 2411/105/87 2414/103/87 2413/175/87
f 2413/175/87 2412/113/87 2411/105/87
f 2414/103/87 2416/101/87 2415/176/87
f 2415/176/87 2413/175/87 2414/103/87
f 2416/101/87 2418/99/87 2417/177/87
f 2417/177/87 2415/176/87 2416/101/87
f 2418/99/87 2420/97/2405 2419/178/2404
f 2419/178/2404 2417/177/87 2418/99/87
f 2420/97/2405 2422/94/2407 2421/179/2406
f 2421/179/2406 2419/178/2404 2420/97/2405
f 2422/94/2407 2424/93/2409 2423/180/2408
f 2423/180/2408 2421/179/2406 2422/94/2407
f 2425/2033/2411 2404/241/2397 2426/318/2410
f 2404/241/2397 2425/2033/2411 2427/2034/2412
f 2427/2034/2412 2428/2035/2413 2404/241/2397
f 2404/241/2397 2428/2035/2413 2403/2026/2396
f 2430/2037/2415 2429/2036/2414 2428/2035/2413
f 2428/2035/2413 2427/2034/2412 2430/2037/2415
f 2406/2028/2399 2429/2036/2414 2430/2037/2415
f 2430/2037/2415 2405/2027/2398 2406/2028/2399
f 2431/2038/2416 2405/2027/2398 2430/2037/2415
f 2430/2037/2415 2432/2039/2417 2431/2038/2416
f 2407/2029/2400 2427/2034/2419 2425/2033/2418
f 2425/2033/2418 2433/2040/2420 2407/2029/2400
f 2430/2037/2421 2427/2034/2419 2407/2029/2400
f 2407/2029/2400 2408/2030/2401 2430/2037/2421
f 2432/2039/2422 2430/2037/2421 2408/2030/2401
f 2408/2030/2401 2409/2031/2402 2432/2039/2422
f 2434/2041/2423 2432/2039/2422 2409/2031/2402
f 2409/2031/2402 2410/2032/2403 2434/2041/2423
f 2436/2042/2425 2435/309/2424 2434/2041/2423
f 2434/2041/2423 2410/2032/2403 2436/2042/2425
f 2436/2042/2425 2433/2040/2420 2426/318/2426
f 2426/318/2426 2435/309/2424 2436/2042/2425
f 2426/318/2426 2433/2040/2420 2425/2033/2418
f 2437/121/2429 2439/2044/2428 2438/2043/2427
f 2440/2045/2430 2439/2044/2428 2437/121/2429
f 2437/121/2429 2441/123/2431 2440/2045/2430
f 2442/2046/2432 2440/2045/2430 2441/123/2431
f 2441/123/2431 2443/125/2433 2442/2046/2432
f 2443/125/2433 2444/127/2434 2442/2046/2432
f 2400/138/2393 2391/2018/2384 2442/2046/2432
f 2442/2046/2432 2444/127/2434 2400/138/2393
f 2411/105/87 2412/113/87 2446/137/2435
f 2446/137/2435 2445/107/2436 2411/105/87
f 2445/107/2436 2446/137/2435 2448/130/2437
f 2448/130/2437 2447/109/2438 2445/107/2436
f 2448/130/2437 2450/132/2440 2434/2041/2439
f 2434/2041/2439 2435/309/2442 2449/111/2441
f 2448/130/2437 2434/2041/2439 2449/111/2441
f 2448/130/2437 2449/111/2441 2447/109/2438
f 2450/132/2440 2451/133/2443 2432/2039/2417
f 2432/2039/2417 2434/2041/2439 2450/132/2440
f 2453/134/2445 2452/2047/2444 2431/2038/2416
f 2453/134/2445 2431/2038/2416 2432/2039/2417
f 2451/133/2443 2453/134/2445 2432/2039/2417
f 2452/2047/2444 2453/134/2445 2455/135/2446
f 2455/135/2446 2454/2048/2447 2452/2047/2444
f 2454/2048/2447 2455/135/2446 2457/128/2448
f 2457/128/2448 2456/2049/2449 2454/2048/2447
f 2456/2049/2449 2457/128/2448 2459/115/2450
f 2459/115/2450 2458/2050/2451 2456/2049/2449
f 2438/2043/2427 2458/2050/2451 2459/115/2450
f 2459/115/2450 2460/117/2452 2438/2043/2427
f 2460/117/2452 2437/121/2429 2438/2043/2427
f 2438/2043/2453 2462/2043/2454 2461/2050/2453
f 2461/2050/2453 2458/2050/2455 2438/2043/2453
f 2386/2013/2456 2464/2013/2457 2463/2012/2456
f 2463/2012/2456 2385/2012/2458 2386/2013/2456
f 2384/2011/2461 2466/2011/2460 2465/2014/2459
f 2465/2014/2459 2387/2014/2462 2384/2011/2461
f 2385/2012/2463 2463/2012/2464 2467/2016/2463
f 2467/2016/2463 2389/2016/2465 2385/2012/2463
f 2388/2015/2466 2468/2015/2467 2466/2011/2466
f 2466/2011/2466 2384/2011/2468 2388/2015/2466
f 2390/2017/2469 2469/2017/2470 2464/2013/2469
f 2464/2013/2469 2386/2013/2471 2390/2017/2469
f 2387/2014/2462 2465/2014/2459 2470/2018/2472
f 2470/2018/2472 2391/2018/2473 2387/2014/2462
f 2396/2020/2474 2472/2020/2475 2471/2019/2474
f 2471/2019/2474 2395/2019/2476 2396/2020/2474
f 2395/2019/2477 2471/2019/2478 2473/2022/2477
f 2473/2022/2477 2397/2022/2479 2395/2019/2477
f 2397/2022/2480 2473/2022/2481 2474/2023/2480
f 2474/2023/2480 2398/2023/2482 2397/2022/2480
f 2398/2023/2483 2474/2023/2484 2469/2017/2483
f 2469/2017/2483 2390/2017/2485 2398/2023/2483
f 2401/2025/2486 2475/2025/2487 2472/2020/2486
f 2472/2020/2486 2396/2020/2488 2401/2025/2486
f 2403/2026/2489 2476/2026/2490 2475/2025/2489
f 2475/2025/2489 2401/2025/2491 2403/2026/2489
f 2458/2050/2492 2461/2050/2493 2477/2049/2492
f 2477/2049/2492 2456/2049/2494 2458/2050/2492
f 2405/2027/2495 2478/2027/2496 2468/2015/2495
f 2468/2015/2495 2388/2015/2497 2405/2027/2495
f 2389/2016/2498 2467/2016/2499 2479/2028/2498
f 2479/2028/2498 2406/2028/2500 2389/2016/2498
f 2452/2047/2501 2481/2047/2502 2480/2038/2501
f 2480/2038/2501 2431/2038/2503 2452/2047/2501
f 2454/2048/2504 2482/2048/2505 2481/2047/2504
f 2481/2047/2504 2452/2047/2506 2454/2048/2504
f 2456/2049/2507 2477/2049/2508 2482/2048/2507
f 2482/2048/2507 2454/2048/2509 2456/2049/2507
f 2428/2035/2510 2483/2035/2511 2476/2026/2510
f 2476/2026/2510 2403/2026/2512 2428/2035/2510
f 2429/2036/2513 2484/2036/2514 2483/2035/2513
f 2483/2035/2513 2428/2035/2515 2429/2036/2513
f 2406/2028/2516 2479/2028/2517 2484/2036/2516
f 2484/2036/2516 2429/2036/2518 2406/2028/2516
f 2431/2038/2519 2480/2038/2520 2478/2027/2519
f 2478/2027/2519 2405/2027/2521 2431/2038/2519
f 2439/2044/2522 2485/2044/2523 2462/2043/2522
f 2462/2043/2522 2438/2043/2524 2439/2044/2522
f 2440/2045/2525 2486/2045/2526 2485/2044/2525
f 2485/2044/2525 2439/2044/2527 2440/2045/2525
f 2442/2046/2528 2487/2046/2529 2486/2045/2528
f 2486/2045/2528 2440/2045/2530 2442/2046/2528
f 2391/2018/2531 2470/2018/2532 2487/2046/2531
f 2487/2046/2531 2442/2046/2533 2391/2018/2531
f 2413/175/2534 2489/175/2535 2488/113/2534
f 2488/113/2534 2412/113/2536 2413/175/2534
f 2415/176/2537 2490/176/2538 2489/175/2537
f 2489/175/2537 2413/175/2539 2415/176/2537
f 2417/177/2540 2491/177/2541 2490/176/2540
f 2490/176/2540 2415/176/2542 2417/177/2540
f 2419/178/2543 2492/178/2544 2491/177/2543
f 2491/177/2543 2417/177/2545 2419/178/2543
f 2421/179/2546 2493/179/2547 2492/178/2546
f 2492/178/2546 2419/178/2548 2421/179/2546
f 2423/180/2549 2494/180/2550 2493/179/2549
f 2493/179/2549 2421/179/2551 2423/180/2549
f 2437/121/2552 2496/121/2553 2495/123/2552
f 2495/123/2552 2441/123/2554 2437/121/2552
f 2393/2021/2557 2498/2051/2556 2497/237/2555
f 2497/237/2555 2392/237/2558 2393/2021/2557
f 2402/242/2559 2500/242/2560 2499/241/2559
f 2499/241/2559 2404/241/2561 2402/242/2559
f 2392/237/2562 2497/237/2563 2500/242/2562
f 2500/242/2562 2402/242/2564 2392/237/2562
f 2399/2024/2565 2502/2024/2566 2501/238/2565
f 2501/238/2565 2394/238/2567 2399/2024/2565
f 2441/123/2568 2495/123/2569 2503/125/2568
f 2503/125/2568 2443/125/2570 2441/123/2568
f 2443/125/2571 2503/125/2572 2504/127/2571
f 2504/127/2571 2444/127/2573 2443/125/2571
f 2400/138/2574 2505/138/2575 2502/2024/2574
f 2502/2024/2574 2399/2024/2576 2400/138/2574
f 2424/93/2577 2506/93/2578 2494/180/2577
f 2494/180/2577 2423/180/2579 2424/93/2577
f 2444/127/2580 2504/127/2581 2505/138/2580
f 2505/138/2580 2400/138/2582 2444/127/2580
f 2404/241/2585 2499/241/2584 2508/2052/2583
f 2404/241/2585 2508/2052/2583 2507/318/2586
f 2404/241/2585 2507/318/2586 2426/318/2587
f 2426/318/2588 2507/318/2589 2509/309/2588
f 2509/309/2588 2435/309/2590 2426/318/2588
f 2412/113/2591 2488/113/2592 2510/137/2591
f 2510/137/2591 2446/137/2593 2412/113/2591
f 2446/137/2594 2510/137/2595 2511/130/2594
f 2511/130/2594 2448/130/2596 2446/137/2594
f 2448/130/2597 2511/130/2598 2512/132/2597
f 2512/132/2597 2450/132/2599 2448/130/2597
f 2450/132/2600 2512/132/2601 2513/133/2600
f 2513/133/2600 2451/133/2602 2450/132/2600
f 2451/133/2603 2513/133/2604 2514/134/2603
f 2514/134/2603 2453/134/2605 2451/133/2603
f 2453/134/2606 2514/134/2607 2515/135/2606
f 2515/135/2606 2455/135/2608 2453/134/2606
f 2455/135/2609 2515/135/2610 2516/128/2609
f 2516/128/2609 2457/128/2611 2455/135/2609
f 2457/128/2612 2516/128/2613 2517/115/2612
f 2517/115/2612 2459/115/2614 2457/128/2612
f 2459/115/2615 2517/115/2616 2518/117/2615
f 2518/117/2615 2460/117/2617 2459/115/2615
f 2460/117/2618 2518/117/2619 2496/121/2618
f 2496/121/2618 2437/121/2620 2460/117/2618
f 2422/94/2621 2519/94/2622 2506/93/2621
f 2506/93/2621 2424/93/2623 2422/94/2621
f 2420/97/2624 2520/97/2625 2519/94/2624
f 2519/94/2624 2422/94/2626 2420/97/2624
f 2418/99/2629 2521/99/2628 2520/97/2627
f 2520/97/2627 2420/97/2630 2418/99/2629
f 2416/101/2632 2522/101/2631 2521/99/2628
f 2521/99/2628 2418/99/2629 2416/101/2632
f 2414/103/2634 2523/103/2633 2522/101/2631
f 2522/101/2631 2416/101/2632 2414/103/2634
f 2411/105/2636 2524/105/2635 2523/103/2633
f 2523/103/2633 2414/103/2634 2411/105/2636
f 2445/107/2638 2525/107/2637 2524/105/2635
f 2524/105/2635 2411/105/2636 2445/107/2638
f 2447/109/2639 2526/109/2640 2525/107/2639
f 2525/107/2639 2445/107/2641 2447/109/2639
f 2435/309/2642 2509/309/2643 2527/111/2642
f 2527/111/2642 2449/111/2644 2435/309/2642
f 2449/111/2645 2527/111/2646 2526/109/2645
f 2526/109/2645 2447/109/2647 2449/111/2645
f 2498/2051/2556 2393/2021/2557 2394/238/2648
f 2394/238/2648 2501/238/2649 2498/2051/2556
f 2508/2052/2652 2529/2054/2651 2528/2053/2650
f 2528/2053/2650 2494/180/2654 2506/93/2653
f 2506/93/2653 2519/94/2656 2520/97/2655
f 2506/93/2653 2520/97/2655 2521/99/2657
f 2506/93/2653 2521/99/2657 2522/101/2658
f 2506/93/2653 2522/101/2658 2523/103/2659
f 2525/107/2660 2526/109/2660 2527/111/2660
f 2524/105/2663 2525/107/2662 2527/111/2661
f 2523/103/2659 2524/105/2663 2527/111/2661
f 2506/93/2653 2523/103/2659 2527/111/2661
f 2506/93/2653 2527/111/2661 2509/309/2664
f 2506/93/2653 2509/309/2664 2507/318/2665
f 2528/2053/2650 2506/93/2653 2507/318/2665
f 2508/2052/2652 2528/2053/2650 2507/318/2665
f 2490/176/2668 2531/2056/2667 2530/2055/2666
f 2530/2055/2666 2488/113/2670 2489/175/2669
f 2490/176/2668 2530/2055/2666 2489/175/2669
f 2533/2058/2673 2532/2057/2672 2497/237/2671
f 2497/237/2671 2498/2051/2674 2533/2058/2673
f 2533/2058/2673 2498/2051/2674 2501/238/2675
f 2501/238/2675 2473/2059/2676 2533/2058/2673
f 2473/2059/2676 2501/238/2675 2534/2060/2677
f 2534/2060/2677 2501/238/2675 2502/2024/2678
f 2502/2024/2678 2535/2061/2679 2534/2060/2677
f 2535/2061/2679 2502/2024/2678 2470/2062/2680
f 2470/2062/2680 2502/2024/2678 2505/138/2681
f 2505/138/2681 2536/2063/2682 2470/2062/2680
f 2536/2063/2682 2505/138/2681 2504/127/2683
f 2504/127/2683 2503/125/2685 2495/123/2684
f 2536/2063/2682 2504/127/2683 2495/123/2684
f 2536/2063/2682 2495/123/2684 2537/2064/2686
f 2518/117/2689 2517/115/2688 2461/2065/2687
f 2496/121/2690 2518/117/2689 2461/2065/2687
f 2538/2066/2691 2496/121/2690 2461/2065/2687
f 2539/2067/2694 2516/128/2693 2515/135/2692
f 2539/2067/2694 2515/135/2692 2514/134/2695
f 2539/2067/2694 2514/134/2695 2513/133/2696
f 2539/2067/2694 2513/133/2696 2512/132/2697
f 2539/2067/2694 2512/132/2697 2511/130/2698
f 2539/2067/2694 2511/130/2698 2510/137/2699
f 2539/2067/2694 2510/137/2699 2488/113/2670
f 2539/2067/2694 2488/113/2670 2540/2068/2700
f 2531/2056/2667 2490/176/2668 2491/177/2701
f 2491/177/2701 2478/2069/2702 2531/2056/2667
f 2541/2070/2703 2478/2069/2702 2491/177/2701
f 2491/177/2701 2492/178/2704 2541/2070/2703
f 2541/2070/2703 2492/178/2704 2493/179/2705
f 2541/2070/2703 2493/179/2705 2494/180/2654
f 2541/2070/2703 2494/180/2654 2528/2053/2650
f 2535/2061/2679 2470/2062/2680 2478/2069/2702
f 2478/2069/2702 2541/2070/2703 2535/2061/2679
f 2537/2064/2686 2495/123/2684 2496/121/2690
f 2496/121/2690 2538/2066/2691 2537/2064/2686
f 2539/2067/2694 2461/2065/2687 2517/115/2688
f 2517/115/2688 2516/128/2693 2539/2067/2694
f 2499/241/2708 2500/242/2707 2543/2071/2706
f 2543/2071/2706 2542/2072/2709 2499/241/2708
f 2500/242/2707 2497/237/2671 2532/2057/2672
f 2532/2057/2672 2543/2071/2706 2500/242/2707
f 2488/113/2670 2530/2055/2666 2540/2068/2700
f 2499/241/2708 2542/2072/2709 2529/2054/2651
f 2529/2054/2651 2508/2052/2652 2499/241/2708
f 2369/1411/87 2371/1412/2710 2368/1413/87
f 2368/1413/87 2370/1410/87 2369/1411/87
f 2373/1415/87 2375/1416/87 2372/1417/87
f 2372/1417/87 2374/1414/87 2373/1415/87
f 2374/1414/87 2369/1411/87 2370/1410/87
f 2370/1410/87 2373/1415/87 2374/1414/87
f 2546/1413/87 2545/1410/87 2544/1411/87
f 2544/1411/87 2547/1412/2710 2546/1413/87
f 2550/1417/87 2549/1414/87 2548/1415/87
f 2548/1415/87 2551/1416/87 2550/1417/87
f 2545/1410/87 2548/1415/87 2549/1414/87
f 2549/1414/87 2544/1411/87 2545/1410/87
f 2546/1413/2713 2553/1413/2712 2552/1410/2711
f 2552/1410/2711 2545/1410/2714 2546/1413/2713
f 2547/1412/2716 2554/1412/2715 2553/1413/2712
f 2553/1413/2712 2546/1413/2713 2547/1412/2716
f 2544/1411/2718 2555/1411/2717 2554/1412/2715
f 2554/1412/2715 2547/1412/2716 2544/1411/2718
f 2550/1417/2721 2557/1417/2720 2556/1414/2719
f 2556/1414/2719 2549/1414/2722 2550/1417/2721
f 2548/1415/2725 2559/1415/2724 2558/1416/2723
f 2558/1416/2723 2551/1416/2726 2548/1415/2725
f 2551/1416/2726 2558/1416/2723 2557/1417/2720
f 2557/1417/2720 2550/1417/2721 2551/1416/2726
f 2545/1410/2714 2552/1410/2711 2559/1415/2724
f 2559/1415/2724 2548/1415/2725 2545/1410/2714
f 2549/1414/2722 2556/1414/2719 2555/1411/2717
f 2555/1411/2717 2544/1411/2718 2549/1414/2722

usemtl Glass
f 2563/2075/2729 2562/2074/2728 2561/2073/2727
f 2561/2073/2727 2564/2076/2730 2563/2075/2729
f 2565/2077/2731 2564/2076/2730 2561/2073/2727
f 2561/2073/2727 2566/2078/2732 2565/2077/2731
f 2561/2073/2727 2567/2079/2733 2566/2078/2732
f 2568/2082/2736 2560/2081/2735 2573/2080/2734
f 2561/2073/2727 2560/2081/2735 2568/2082/2736
f 2568/2082/2736 2567/2079/2733 2561/2073/2727
f 2569/2083/2737 2568/2082/2736 2573/2080/2734
f 2573/2080/2734 2572/2084/2738 2569/2083/2737
f 2570/2085/2739 2569/2083/2737 2572/2084/2738
f 2572/2084/2738 2571/2086/2740 2570/2085/2739
f 2579/2089/2743 2578/2088/2742 2577/2087/2741
f 2577/2087/2741 2580/2090/2744 2579/2089/2743
f 2577/2087/2741 2581/2091/2745 2580/2090/2744
f 2577/2087/2741 2576/2093/2747 2582/2092/2746
f 2582/2092/2746 2581/2091/2745 2577/2087/2741
f 2576/2093/2747 2575/2095/2749 2583/2094/2748
f 2583/2094/2748 2582/2092/2746 2576/2093/2747
f 2575/2095/2749 2585/2097/2751 2584/2096/2750
f 2584/2096/2750 2583/2094/2748 2575/2095/2749
f 2586/2098/2752 2585/2097/2751 2575/2095/2749
f 2575/2095/2749 2574/2099/2753 2586/2098/2752

v 0.08795357495546 0.1664455384016 0.18018969893456
v 0.09039107710123 0.15034095942974 0.1801875680685
v 0.09065360575914 0.13302594423294 0.18048295378685
v 0.09065360575914 0.12936152517796 0.17828430235386
v 0.09065360575914 0.12760259211063 0.17388699948788
v 0.09065360575914 0.12862864136696 0.14926201105118
v 0.09065360575914 0.14255346357822 0.13563035428524
v 0.09027522057295 0.15110637247562 0.13452723622322
v 0.08697278797626 0.17309735715389 0.13169111311436
v 0.0837080925703 0.19506639242172 0.12885797023773
v 0.0804922580719 0.21229051053524 0.12668904662132
v 0.0805841833353 0.21183696389198 0.13548366725445
v 0.08378785848618 0.19460119307041 0.15395534038544
v 0.0870672762394 0.17233799397945 0.17535822093487
v 0.08049227297306 0.21229051053524 0.12199858576059
v 0.08369324356318 0.19515271484852 0.12420105934143
v 0.08696276694536 0.17317731678486 0.12709374725819
v 0.09026370942593 0.15118244290352 0.12998913228512
v 0.09065360575914 0.14284661412239 0.13108646869659
v 0.09065360575914 0.14372608065605 0.08095709234476
v 0.09065360575914 0.1466576308012 0.07817213237286
v 0.09013063460588 0.15206170082092 0.07753869146109
v 0.08684818446636 0.17408399283886 0.07495740056038
v 0.08352687954903 0.19611331820488 0.07237547636032
v 0.08180169016123 0.2055948227644 0.07128285616636
v 0.08106813579798 0.20940650999546 0.07216236740351
v 0.08061475306749 0.21168558299541 0.07714598625898
v 0.09035917371511 0.13374410569668 0.06399948894978
v 0.09039618819952 0.13382683694363 0.07400934398174
v 0.0904223844409 0.13223181664944 0.07661168277264
v 0.0906084254384 0.11695329844952 0.07635992765427
v 0.09062822908163 0.11485461145639 0.07409325987101
v 0.08872349560261 0.13003307580948 0.07263761758804
v 0.08886511623859 0.11857656389475 0.07245949655771
v 0.09236507117748 0.09664391726255 0.18801479041576
v 0.09236507117748 0.09298469871283 0.17663484811783
v 0.09236507117748 0.08552031219006 0.16543079912663
v 0.09236507117748 0.07638601213694 0.15707570314407
v 0.09236507117748 0.06633280962706 0.15078964829445
v 0.09164609014988 0.0554484911263 0.14697052538395
v 0.08961900323629 0.04297184199095 0.14369325339794
v 0.0785938128829 0.21956871449947 0.12722145020962
v 0.07845272868872 0.22054699063301 0.06381071358919
v 0.08349837362766 0.19627682864666 0.06355471909046
v 0.08682236820459 0.17428638041019 0.0633188188076
v 0.09009394794703 0.15230402350426 0.063083127141
v 0.07871083915234 0.21830078959465 0.13247525691986
v 0.09035617113113 0.13265216350555 0.06287235766649
v 0.09059249609709 0.11494118720293 0.06268242001534
v 0.08868423104286 0.13122157752514 0.06468334048986
v 0.0887028798461 0.13127963244915 0.07109423726797
v 0.08887610584497 0.11721127480268 0.07050061225891
v 0.08885283768177 0.11738935858011 0.06420846283436
v 0.08637221157551 0.17213886976242 0.18059311807156
v 0.0832983776927 0.1945123821497 0.15874561667442
v 0.07991163432598 0.21296057105064 0.13867782056332
v 0.07951183617115 0.21488392353058 0.13637012243271
v 0.09236507117748 0.09980874508619 0.18804354965687
v 0.09065360575914 0.1080831065774 0.1881188005209
v 0.09065084159374 0.10859505087137 0.18812346458435
v 0.09064859896898 0.10884135216475 0.18812568485737
v 0.09065360575914 0.11755366623402 0.18820491433144
v 0.09056435525417 0.12471645325422 0.18827000260353
v 0.09051272273064 0.13056196272373 0.18832315504551
v 0.09014237672091 0.15020157396793 0.1885017156601
v 0.08892752230167 0.15821276605129 0.18857456743717
v 0.08961900323629 0.04389706626534 0.07264292985201
v 0.09164609014988 0.05659120157361 0.07085470855236
v 0.09236507117748 0.06752367317677 0.06931468844414
v 0.09236507117748 0.07794865220785 0.06784614920616
v 0.09236507117748 0.08697661012411 0.06657441705465
v 0.09236507117748 0.09441392123699 0.06552673876286
v 0.09236507117748 0.09831526875496 0.06497716158628
v 0.09236507117748 0.10166657716036 0.06450508534908
v 0.09065360575914 0.11034911125898 0.06328203529119
v 0.09059665352106 0.11462945491076 0.06267907470465
v 0.08526998758316 0.16641680896282 0.17994454503059
v 0.08768413960934 0.15046656131744 0.1799424290657
v 0.08794415742159 0.13331747055054 0.18023499846458
v 0.08794415742159 0.12968817353249 0.17805740237236
v 0.08794415742159 0.12794607877731 0.17370223999023
v 0.08794415742159 0.12896230816841 0.14931321144104
v 0.08794415742159 0.14275369048119 0.13581216335297
v 0.08756939321756 0.15122464299202 0.13471964001656
v 0.08429860323668 0.17300492525101 0.13191069662571
v 0.08106518536806 0.19476340711117 0.12910468876362
v 0.07788018137217 0.21182249486446 0.12695656716824
v 0.0779712125659 0.21137328445911 0.13566690683365
v 0.08114419132471 0.19430269300938 0.15396156907082
v 0.08439218252897 0.17225280404091 0.1751593798399
v 0.0778656899929 0.21196189522743 0.12174279242754
v 0.08103597909212 0.19498831033707 0.12392415106297
v 0.08427418023348 0.1732234954834 0.12678910791874
v 0.08754348754883 0.15143938362598 0.12965676188469
v 0.08792965859175 0.14318342506886 0.13074359297752
v 0.08792965859175 0.14405447244644 0.08109456300735
v 0.08792965859175 0.14695793390274 0.07833628356457
v 0.08741169422865 0.15231022238731 0.07770892977715
v 0.08416070789099 0.17412146925926 0.07515237480402
v 0.0808712169528 0.19593971967697 0.07259517908096
v 0.07916255295277 0.20533037185669 0.07151302695274
v 0.07843603938818 0.20910553634167 0.07238411158323
v 0.0779869928956 0.21136276423931 0.07731997966766
v 0.08965371549129 0.09690266102552 0.18740953505039
v 0.08965371549129 0.09327850490808 0.1761386692524
v 0.08965371549129 0.08588564395905 0.16504198312759
v 0.08965371549129 0.07683888077736 0.15676693618298
v 0.08965371549129 0.06688200682402 0.15054112672806
v 0.08894161880016 0.05610198155046 0.14675860106945
v 0.08693397045135 0.04374489560723 0.14351274073124
v 0.07601441442966 0.21864955127239 0.12719874083996
v 0.07587469369173 0.21961843967438 0.06439566612244
v 0.08087197691202 0.19558084011078 0.06414211541414
v 0.08416413515806 0.17380112409592 0.06390848010778
v 0.08740437030792 0.15202941000462 0.06367503851652
v 0.07613032311201 0.21739375591278 0.13240224123001
v 0.08766406774521 0.13256585597992 0.06346628814936
v 0.08789812028408 0.11502460390329 0.06327817589045
v 0.08371828496456 0.17167420685291 0.18005900084972
v 0.08067390322685 0.19383332133293 0.15842086076736
v 0.07731961458921 0.21210470795631 0.13854536414146
v 0.07692363858223 0.21400962769985 0.13625977933407
v 0.08965371549129 0.10003715753555 0.18743804097176
v 0.08795865625143 0.10823222249746 0.18751257658005
v 0.08795591443777 0.10873927175999 0.18751719594002
v 0.08795368671417 0.10898321121931 0.18751938641071
v 0.08795865625143 0.11761204153299 0.18759785592556
v 0.08787025511265 0.12470619380474 0.18766233325005
v 0.08781911432743 0.13049568235874 0.18771497905254
v 0.08745230734348 0.14994710683823 0.18789184093475
v 0.08624910563231 0.15788151323795 0.18796397745609
v 0.08693397045135 0.04466125369072 0.07314324378967
v 0.08894161880016 0.05723374709487 0.07137215137482
v 0.08965371549129 0.06806146353483 0.06984689086676
v 0.08965371549129 0.07838655263186 0.06839241832495
v 0.08965371549129 0.08732799440622 0.0671328753233
v 0.08965371549129 0.09469403326511 0.06609524041414
v 0.08965371549129 0.09855799376965 0.06555092334747
v 0.08965371549129 0.10187719017267 0.06508336961269
v 0.08795865625143 0.11047653108835 0.06387203931808
v 0.08790225535631 0.11471586674452 0.06327486038208
v 0.08765011280775 0.13361144065857 0.06347750872374
v 0.07883743941784 0.20536722242832 0.06424534320831
v 0.08161252737045 0.20534798502922 0.06365039944649
v 0.08794414997101 0.12896229326725 0.1493132263422
v 0.07797120511532 0.21137326955795 0.13566692173481
v 0.08526998013258 0.16641679406166 0.17994454503059
v 0.08794414252043 0.13331747055054 0.18023501336575
v 0.08794414997101 0.12968818843365 0.17805740237236
v 0.08794416487217 0.12794607877731 0.1737022548914
v 0.08792965859175 0.14318342506886 0.13074359297752
v 0.0778656899929 0.21196189522743 0.12174278497696
v 0.07798698544502 0.21136274933815 0.07731998711824
v 0.07843603938818 0.20910553634167 0.07238411158323
v 0.07916255295277 0.20533037185669 0.07151301950216
v 0.08792965114117 0.14695791900158 0.07833627611399
v 0.08792967349291 0.14405447244644 0.08109456300735
v 0.08114418387413 0.19430270791054 0.15396158397198
v 0.08768413960934 0.15046656131744 0.1799424290657
v 0.08416070789099 0.17412148416042 0.07515237480402
v 0.0808712169528 0.19593971967697 0.07259517163038
v 0.08741167932749 0.15231022238731 0.07770893722773
v 0.09000370651484 0.13241668045521 0.07024472951889
v 0.09000370651484 0.13109236955643 0.07153227180243
v 0.09000370651484 0.13241668045521 0.06437369436026
v 0.09000370651484 0.13133500516415 0.06337506324053
v 0.09000370651484 0.11710016429424 0.06337506324053
v 0.09000370651484 0.11640331149101 0.06420204788446
v 0.09000370651484 0.11640331149101 0.07017602771521
v 0.09000370651484 0.11786852777004 0.07153227180243
v 0.08870612084866 0.1307886838913 0.06368740648031
v 0.08870612084866 0.13178539276123 0.06460758298635
v 0.08870612084866 0.13178539276123 0.07001746445894
v 0.08870612084866 0.13056510686874 0.07120386511087
v 0.08870612084866 0.11837992817163 0.07120386511087
v 0.08870612084866 0.11702980101109 0.06995417177677
v 0.08870612084866 0.11702980101109 0.06444945186377
v 0.08870612084866 0.11767193675041 0.06368740648031
v 0.08795355260372 0.16644550859928 0.18018968403339
v 0.09039105474949 0.15034092962742 0.1801875680685
v 0.09065359085798 0.13302592933178 0.18048293888569
v 0.09065359085798 0.12936149537563 0.1782842874527
v 0.09065359085798 0.12760256230831 0.17388698458672
v 0.09065359085798 0.12862861156464 0.14926199615002
v 0.09065359085798 0.1425534337759 0.13563033938408
v 0.09027520567179 0.15110635757446 0.13452722132206
v 0.08697276562452 0.17309734225273 0.1316910982132
v 0.08370807021856 0.1950663626194 0.12885795533657
v 0.08049223572016 0.21229048073292 0.12668903172016
v 0.08058416098356 0.21183693408966 0.13548365235329
v 0.08378783613443 0.19460116326809 0.15395532548428
v 0.08706726133823 0.17233796417713 0.17535820603371
v 0.08049225062132 0.21229049563408 0.12199857831001
v 0.08369322121143 0.1951526850462 0.12420105189085
v 0.08696274459362 0.17317728698254 0.12709373235703
v 0.09026368707418 0.15118242800236 0.12998911738396
v 0.09065359085798 0.14284659922123 0.13108645379543
v 0.09065359085798 0.14372605085373 0.08095708489418
v 0.09065359085798 0.14665760099888 0.07817212492228
v 0.09013061225414 0.1520616710186 0.07753868401051
v 0.0868481695652 0.17408396303654 0.0749573931098
v 0.08352686464787 0.19611330330372 0.07237547636032
v 0.08180166780949 0.20559479296207 0.07128285616636
v 0.08106812089682 0.2094064950943 0.07216236740351
v 0.08061473071575 0.21168556809425 0.0771459788084
# 205 vertices

vn 0.98905152082443 0.14757041633129 0.0001351860119
vn 0.98520237207413 0.17139506340027 -0.00005188546493
vn 0.98723244667053 0.15928627550602 0.0000818673725
vn 0.98897790908813 0.14806279540062 0.0002717350435
vn 0.9935051202774 0.1137865409255 -0.00046313385246
vn 0.9968004822731 0.07992903143167 0.00040805729805
vn 0.97030878067017 0.24162892997265 0.01078400202096
vn 0.97515350580215 0.22153003513813 0.0002938855614
vn 0.98021560907364 0.19622327387333 -0.02595733851194
vn 0.97490519285202 0.22198791801929 -0.01677020639181
vn 0.97853541374207 0.20375767350197 -0.03084178641438
vn 0.98534852266312 0.17037956416607 -0.00768530741334
vn 0.98645198345184 0.16405004262924 -0.00014708327944
vn 0.97750264406204 0.2091763317585 -0.02708919905126
vn 0.9735985994339 0.228182092309 -0.00621830485761
vn 0.9678663611412 0.25110420584679 0.01346889045089
vn 0.95903128385544 0.28041470050812 0.04033118858933
vn 0.98898100852966 0.14804211258888 0.00024451609352
vn 0.98888975381851 0.14865083992481 0.00011434003682
vn 0.99852812290192 0.05287489667535 -0.0120745850727
vn 0.99146997928619 0.13033518195152 -0.00019518539193
vn 0.99999338388443 0.00359468371607 0.00054491579067
vn 0.99984002113342 0.01786981709301 -0.00078971945914
vn 0.95163702964783 -0.29645955562592 -0.08061461150646
vn 0.94018536806107 0.33229154348373 -0.07505834102631
vn 0.97218805551529 0.14046926796436 -0.18740011751652
vn 0.96159571409225 -0.06005739420652 -0.26781851053238
vn 0.99976074695587 -0.02186993695796 -0.00031965895323
vn 0.99904006719589 -0.04380136728287 -0.0006489099469
vn 0.99527084827423 -0.09712816029787 -0.00144948577508
vn 0.99177849292755 -0.12795376777649 -0.0018160128966
vn 0.98729830980301 -0.15886202454567 -0.0022277222015
vn 0.98744159936905 -0.15797093510628 -0.00205711531453
vn 0.99978464841843 0.01350945513695 -0.01575228944421
vn 0.99985682964325 0.01380517799407 -0.00978365261108
vn 0.99978220462799 -0.00235399138182 -0.02073642238975
vn 0.99971109628677 0.01518577057868 -0.01863257400692
vn 0.99993324279785 -0.00929981749505 -0.00685360841453
vn 0.99982231855392 -0.01718422025442 -0.00774771394208
vn 0.99998366832733 0.00569221610203 -0.00055428239284
vn 0.99999696016312 0.00188735942356 -0.0015795720974
vn 0.84152537584305 -0.5215517282486 0.14077937602997
vn 0.85096162557602 -0.35445892810822 0.38758629560471
vn 0.88194388151169 -0.45778343081474 -0.1122909784317
vn 0.93315190076828 -0.20808126032352 -0.29313760995865
vn 0.9239564538002 0.11602131277323 -0.36447706818581
vn 0.87534117698669 0.46712997555733 -0.1247693002224
vn 0.85066455602646 0.33253407478333 0.40717428922653
vn 0.84082233905792 0.33002725243568 0.42906850576401
vn 0.76051694154739 -0.15099807083607 0.63151687383652
vn 0.95477575063705 0.26398080587387 0.13681155443192
vn 0.975366294384 0.20335175096989 0.08549094200134
vn 0.95843607187271 0.25436767935753 0.12921842932701
vn 0.95786046981812 0.26844695210457 0.10217402130365
vn 0.95766621828079 0.26424321532249 0.11424069851637
vn 0.95044261217117 0.29567003250122 0.09611461311579
vn 0.95279306173325 0.29409042000771 0.07547298818827
vn 0.94735699892044 0.30877715349197 0.08468410372734
vn 0.99769693613052 0.06782130897045 0.00101992592681
vn 0.99115127325058 0.13271903991699 0.00219797412865
vn 0.99703115224838 0.07699298858643 0.00095972197596
vn 0.99457192420959 0.10403400659561 0.00188839994371
vn 0.99999701976776 -0.00180015806109 -0.00164015812334
vn 0.99999874830246 -0.00105640257243 -0.00119053712115
vn 0.99990564584732 0.01340005081147 -0.00303047057241
vn 0.99996900558472 0.00786966923624 0.00023360310297
vn 0.99999094009399 0.00426248507574 -0.00005011280518
vn 0.99999463558197 0.0026038500946 0.00197296380065
vn 0.99999064207077 0.00068335939432 0.00427398690954
vn 0.99995654821396 0.00358805432916 0.00860440079123
vn 0.99993592500687 -0.0035624387674 0.01074690371752
vn 0.99983161687851 0.00609239703044 0.01730935461819
vn 0.99969935417175 0.00841092132032 0.02303281240165
vn 0.99606454372406 0.08354459702969 0.02959352172911
vn 0.99607771635056 0.08280552923679 0.03118359297514
vn 0.97531050443649 0.20327633619308 0.08630252629519
vn 0.09082106500864 0.01387772802263 -0.99577051401138
vn 0.0908180847764 0.01387778390199 -0.99577081203461
vn 0.09082405269146 0.01387767493725 -0.9957702755928
vn 0.10992877185345 -0.1136219650507 -0.98742377758026
vn 0.10992954671383 -0.11362194269896 -0.98742371797562
vn 0.10992800444365 -0.11362198740244 -0.98742383718491
vn 0.07628386467695 0.13864122331142 0.98740029335022
vn 0.0762877613306 0.13861139118671 0.98740422725677
vn 0.07628007233143 0.13867111504078 0.98739641904831
vn 0.07628005743027 0.13867111504078 0.98739641904831
vn 0.1099331304431 -0.11348703503609 -0.98743879795074
vn 0.10993270576 -0.11348704993725 -0.98743885755539
vn 0.10993356257677 -0.11348702013493 -0.9874387383461
vn 0.07627522200346 0.13879439234734 0.98737949132919
vn 0.07627441734076 0.13879419863224 0.98737955093384
vn 0.07627603411674 0.13879461586475 0.9873793721199
vn 0.10957407206297 -0.106539465487 -0.98825240135193
vn 0.10957610607147 -0.10653936117887 -0.98825222253799
vn 0.10957202315331 -0.10653954744339 -0.98825263977051
vn 0.07629159837961 0.13858152925968 0.98740810155869
vn 0.0762917548418 0.13858158886433 0.98740810155869
vn 0.07350657880306 0.12735924124718 0.98912912607193
vn 0.07350561767817 0.1273588091135 0.98912924528122
vn 0.07350754737854 0.12735967338085 0.98912900686264
vn 0.10535109788179 -0.20428821444511 0.97322529554367
vn 0.10535105317831 -0.2042882591486 0.97322529554367
vn 0.10535114258528 -0.20428818464279 0.97322529554367
vn 0.13801787793636 -0.89590460062027 0.42226299643517
vn 0.1380208581686 -0.89590352773666 0.42226433753967
vn 0.13801489770412 -0.89590567350388 0.42226159572601
vn 0.12281645089388 -0.99233454465866 0.01371912099421
vn 0.12281676381826 -0.99233454465866 0.01371913868934
vn 0.12281614542007 -0.99233460426331 0.01371910143644
vn 0.0735325589776 0.12702123820782 0.98917067050934
vn 0.07353309541941 0.12702138721943 0.98917061090469
vn 0.0735320225358 0.12702108919621 0.98917073011398
vn 0.07353163510561 0.12690505385399 0.98918563127518
vn 0.07353149354458 0.12690502405167 0.98918563127518
vn 0.07353177666664 0.12690509855747 0.98918563127518
vn 0.08945959806442 -0.01563258469105 -0.99586778879166
vn 0.08946165442467 -0.01563287898898 -0.99586755037308
vn 0.08945754170418 -0.01563229039311 -0.99586796760559
vn 0.07600468397141 0.13085176050663 0.9884842634201
vn 0.07600746303797 0.13085271418095 0.98848390579224
vn 0.07600189745426 0.13085080683231 0.98848456144333
vn 0.10871745646 -0.1247419193387 -0.98621499538422
vn 0.10871490836143 -0.12474121898413 -0.98621535301208
vn 0.10872000455856 -0.12474261969328 -0.9862145781517
vn 0.12288894504309 0.99156004190445 0.04131569340825
vn 0.1228888258338 0.99156004190445 0.04131570830941
vn 0.12288906425238 0.99156004190445 0.04131568223238
vn 0.14159286022186 0.91912108659744 -0.3676518201828
vn 0.14159122109413 0.91912168264389 -0.36765104532242
vn 0.14159448444843 0.91912055015564 -0.3676526248455
vn 0.13265256583691 0.50994908809662 -0.84991484880447
vn 0.13265228271484 0.50994926691055 -0.84991472959518
vn 0.13265284895897 0.50994890928268 -0.84991490840912
vn 0.07321359217167 0.12309090048075 0.98969107866287
vn 0.07321484386921 0.1230916082859 0.98969089984894
vn 0.07321233302355 0.12309020012617 0.98969125747681
vn 0.1187754124403 0.68387222290039 0.71986889839172
vn 0.11877331137657 0.68387138843536 0.71987003087997
vn 0.11877750605345 0.68387305736542 0.71986770629883
vn 0.1205378100276 0.992555975914 0.01741335168481
vn 0.12054065614939 0.99255567789078 0.01741318963468
vn 0.12053497135639 0.99255633354187 0.01741351373494
vn 0.09915954619646 0.69609725475311 0.71106684207916
vn 0.09915650635958 0.69609713554382 0.71106731891632
vn 0.09916258603334 0.69609731435776 0.71106630563736
vn 0.07764200866222 -0.625128865242 -0.77665024995804
vn 0.07764964550734 -0.62512999773026 -0.77664858102798
vn 0.07763437926769 -0.6251277923584 -0.77665185928345
vn 0.07566387206316 -0.68523943424225 -0.72437691688538
vn 0.0756628960371 -0.68523949384689 -0.72437697649002
vn 0.07566484808922 -0.68523931503296 -0.72437685728073
vn 0.07988771796227 -0.72185754776001 -0.68741518259048
vn 0.07988652586937 -0.7218576669693 -0.68741518259048
vn 0.079888895154 -0.72185748815536 -0.68741512298584
vn 0.17090639472008 -0.98388624191284 -0.05252523720264
vn 0.17090918123722 -0.98388576507568 -0.0525244101882
vn 0.17090359330177 -0.98388665914536 -0.05252606421709
vn -0.15720084309578 -0.94015836715698 0.30230808258057
vn -0.15720221400261 -0.94015824794769 0.30230766534805
vn -0.15719945728779 -0.94015848636627 0.30230847001076
vn -0.18821953237057 -0.81734675168991 0.54453438520432
vn -0.18821862339973 -0.81734681129456 0.54453462362289
vn -0.1882204413414 -0.81734669208527 0.54453414678574
vn -0.19305615127087 -0.66223680973053 0.72399699687958
vn -0.19305539131165 -0.66223680973053 0.72399723529816
vn -0.19305689632893 -0.66223686933517 0.72399681806564
vn -0.18201386928558 -0.52131289243698 0.83372884988785
vn -0.18201494216919 -0.52131301164627 0.83372855186462
vn -0.18201279640198 -0.52131277322769 0.83372914791107
vn -0.15029563009739 -0.31847670674324 0.93594008684158
vn -0.15029563009739 -0.31847673654556 0.93594008684158
vn -0.15029563009739 -0.31847667694092 0.93594008684158
vn -0.13153620064259 -0.23180110752583 0.96382910013199
vn -0.13153745234013 -0.23180113732815 0.96382886171341
vn -0.13153494894505 -0.23180106282234 0.96382921934128
vn -0.25762674212456 0.65671271085739 0.70877140760422
vn -0.25762414932251 0.65671354532242 0.70877158641815
vn -0.25762933492661 0.65671187639236 0.70877122879028
vn -0.20972733199596 -0.03329380601645 -0.97719287872314
vn -0.20972749590874 -0.03329379111528 -0.97719287872314
vn -0.20972725749016 -0.03329394385219 -0.97719293832779
vn -0.20972825586796 -0.03329410776496 -0.97719269990921
vn -0.21281981468201 -0.02119943127036 -0.97686147689819
vn -0.21281766891479 -0.02119938097894 -0.97686195373535
vn -0.21282194554806 -0.02119947969913 -0.97686100006104
vn -0.21273505687714 -0.02167714387178 -0.97686946392059
vn -0.21273654699326 -0.02167718112469 -0.97686910629272
vn -0.21273355185986 -0.02167710289359 -0.97686976194382
vn -0.33575716614723 0.94182467460632 0.01527708023787
vn -0.33575856685638 0.94182419776916 0.01527714077383
vn -0.33575576543808 0.94182515144348 0.01527702156454
vn -0.26178419589996 0.68810129165649 0.6767463684082
vn -0.26178574562073 0.68810069561005 0.6767463684082
vn -0.26178261637688 0.68810188770294 0.6767463684082
vn -0.26940947771072 0.71630704402924 0.64367908239365
vn -0.2694097161293 0.71630680561066 0.64367926120758
vn -0.26940926909447 0.71630728244782 0.64367890357971
vn -0.32858189940453 0.91642242670059 0.22848157584667
vn -0.32858055830002 0.91642308235168 0.2284809499979
vn -0.32858324050903 0.91642183065414 0.22848223149776
vn -0.2758737206459 -0.96111238002777 -0.01251573767513
vn -0.27587351202965 -0.96111243963242 -0.01251572929323
vn -0.27587392926216 -0.96111232042313 -0.01251574512571
vn -0.2640141248703 0.69748914241791 0.66618728637695
vn -0.26401528716087 0.69748824834824 0.66618770360947
vn -0.2640129327774 0.69748997688293 0.66618680953979
vn -0.21566818654537 0.00759478565305 -0.97643715143204
vn -0.21566687524319 0.00759433908388 -0.97643744945526
vn -0.21566753089428 0.00759496819228 -0.97643733024597
vn -0.21566811203957 0.00759503245354 -0.97643721103668
vn -0.21566428244114 0.00759451370686 -0.97643804550171
vn -0.21566745638847 0.00759484758601 -0.97643733024597
vn -0.21566772460938 0.00759248062968 -0.97643727064133
vn -0.21865770220757 -0.00886932946742 0.97576129436493
vn -0.2186490893364 -0.0088621051982 0.97576332092285
vn -0.2186663299799 -0.00887655466795 0.97575932741165
vn -0.22201350331306 -0.05477586388588 0.97350376844406
vn -0.22201456129551 -0.0547764338553 0.97350353002548
vn -0.22201246023178 -0.05477529764175 0.97350406646729
vn -0.21997998654842 -0.01004535891116 0.97545266151428
vn -0.2199824154377 -0.01005594059825 0.97545200586319
vn -0.21997755765915 -0.01003477629274 0.97545331716537
vn -0.22002029418945 -0.01084548421204 0.97543501853943
vn -0.22001951932907 -0.0108396615833 0.97543525695801
vn -0.220021083951 -0.0108513077721 0.97543478012085
vn -0.21992334723473 -0.00874336063862 0.97547799348831
vn -0.21992772817612 -0.00874476972967 0.97547698020935
vn -0.21991896629333 -0.00874195154756 0.97547894716263
vn -0.21997778117657 -0.01160722132772 0.97543585300446
vn -0.21997517347336 -0.01160616520792 0.9754364490509
vn -0.21998035907745 -0.01160827744752 0.97543525695801
vn -0.21997772157192 -0.01081141550094 0.97544497251511
vn -0.21997548639774 -0.01081030257046 0.97544550895691
vn -0.21997997164726 -0.01081253122538 0.9754444360733
vn -0.21991530060768 -0.01301616057754 0.97543215751648
vn -0.21991257369518 -0.01301571540534 0.97543275356293
vn -0.21991802752018 -0.01301660574973 0.97543150186539
vn -0.21714928746223 -0.04179626330733 0.97524321079254
vn -0.21715125441551 -0.04179730266333 0.97524267435074
vn -0.2171473056078 -0.04179522395134 0.9752436876297
vn -0.2510087788105 0.44625115394592 0.85898458957672
vn -0.25100994110107 0.44625064730644 0.85898447036743
vn -0.25100761651993 0.4462516605854 0.85898464918137
vn -0.21053984761238 -0.10332071781158 -0.97210997343063
vn -0.21054042875767 -0.10332045704126 -0.97210985422134
vn -0.21053925156593 -0.10332097113132 -0.97211009263992
vn -0.2144829928875 -0.12239836156368 -0.96902823448181
vn -0.21448220312595 -0.12239864468575 -0.9690283536911
vn -0.2144837975502 -0.1223980858922 -0.96902805566788
vn -0.21675559878349 -0.13617388904095 -0.96668177843094
vn -0.21675561368465 -0.13617388904095 -0.96668177843094
vn -0.21675553917885 -0.13617336750031 -0.96668189764023
vn -0.21675559878349 -0.13617281615734 -0.96668195724487
vn -0.21675571799278 -0.13617280125618 -0.96668189764023
vn -0.21675571799278 -0.13617338240147 -0.96668183803558
vn -0.21675559878349 -0.13617485761642 -0.96668165922165
vn -0.2167552113533 -0.13617591559887 -0.966681599617
vn -0.21675491333008 -0.13617433607578 -0.96668189764023
vn -0.21675427258015 -0.13617220520973 -0.96668231487274
vn -0.21675397455692 -0.1361697614193 -0.96668273210526
vn -0.21675354242325 -0.13617014884949 -0.9666827917099
vn -0.21847446262836 -0.17821328341961 -0.95943158864975
vn -0.21847297251225 -0.17821350693703 -0.95943188667297
vn -0.21847593784332 -0.17821305990219 -0.95943129062653
vn -0.21566757559776 0.00759161589667 -0.97643733024597
vn -0.21566718816757 0.00758686941117 -0.97643744945526
vn -0.21805709600449 -0.13897776603699 -0.9659897685051
vn -0.21805672347546 -0.13897798955441 -0.96598982810974
vn -0.21805745363235 -0.13897752761841 -0.9659897685051
vn -0.20972882211208 -0.03329425305128 -0.97719258069992
vn -0.2097305059433 -0.03329428657889 -0.97719222307205
vn 0.00002113967275 0.13948999345303 0.99022346735001
vn -0.0000265528306 -0.13948982954025 -0.99022352695465
vn 0.0000068530494 -0.13948626816273 -0.99022400379181
vn -0.29598784446716 -0.12922702729702 -0.94640982151032
vn -0.00002508180114 -0.13949111104012 -0.99022334814072
vn -0.59639990329742 -0.10529796034098 -0.79575091600418
vn -0.00003669945727 -0.13948705792427 -0.99022388458252
vn -0.0000231838676 -0.13948860764503 -0.99022364616394
vn -0.00002085261622 -0.13948926329613 -0.9902235865593
vn -0.00001601847725 -0.13948938250542 -0.9902235865593
vn -0.98424142599106 -0.01125501934439 -0.17647132277489
vn -0.99883288145065 -0.00520216161385 -0.04801942780614
vn -0.99994945526123 0.0050767948851 0.00867812987417
vn -0.99208778142929 0.02570640854537 0.1228861734271
vn -0.99974679946899 -0.00587569642812 0.02171994559467
vn -0.9993360042572 -0.0333939678967 0.01457363273948
vn -0.99883437156677 -0.04555432125926 0.01596079394221
vn -0.99631810188293 -0.03317236527801 0.07905566692352
vn -0.99859219789505 -0.04759786278009 0.02341060899198
vn -0.99905210733414 -0.03855149447918 0.02021565288305
vn -0.99935829639435 -0.03566734492779 -0.00329188024625
vn -0.98398888111114 -0.17723275721073 0.0188268031925
vn -0.97808235883713 -0.20378856360912 0.04272088035941
vn -0.97985297441483 -0.19647121429443 0.03587844967842
vn -0.98729449510574 -0.15879181027412 0.00589072005823
vn -0.97510296106338 -0.22015158832073 0.02659971453249
vn -0.9764883518219 -0.21307891607285 0.03267842903733
vn -0.96873831748962 -0.24804057180882 0.00468177581206
vn -0.96529603004456 -0.26089534163475 -0.0117154289037
vn -0.97860389947891 -0.20572310686111 -0.00351831899025
vn -0.97027343511581 -0.24165436625481 -0.01313962507993
vn -0.9520788192749 -0.30125522613525 -0.05283216387033
vn -0.94087570905685 -0.32379439473152 -0.09954956918955
vn -0.97422325611114 -0.2198419123888 -0.05058259144425
vn -0.94932037591934 -0.28349930047989 -0.13571637868881
vn -0.97606873512268 -0.21682645380497 -0.01661608554423
vn -0.97603321075439 0.05096290260553 0.21157029271126
vn -0.98576033115387 -0.16667424142361 -0.0222782921046
vn -0.99763637781143 -0.06137997284532 -0.03089029528201
vn -0.94056016206741 -0.11196536570787 -0.32064047455788
vn -0.90033394098282 -0.21917845308781 -0.37597820162773
vn -0.68318235874176 -0.18626666069031 -0.70609247684479
vn -0.99840754270554 -0.04101086035371 0.03873676434159
vn -0.99870979785919 -0.02745833992958 -0.04271727055311
vn -0.97858011722565 -0.09030912071466 -0.18500061333179
vn -0.94928902387619 -0.08810772001743 -0.30180689692497
vn -0.99972838163376 -0.00705925980583 -0.02221020683646
vn -0.99991255998611 -0.00415132381022 -0.01255752239376
vn -0.99992781877518 -0.00584593834355 -0.01049853488803
vn -0.9997022151947 -0.01044338103384 -0.02205362543464
vn -0.99966806173325 -0.01364132482558 -0.02185544557869
vn -0.99962252378464 -0.02710200659931 0.00450492370874
vn -0.99597764015198 -0.08875244855881 -0.01231056731194
vn -0.99639916419983 -0.00051525572781 0.08478482067585
vn -0.99594038724899 -0.0180070027709 0.08819545060396
vn -0.96631550788879 0.03564511239529 0.25487992167473
vn -0.98903495073318 -0.14763376116753 0.00376152410172
vn -0.99257808923721 -0.12157294154167 0.00294985854998
vn -0.99481815099716 -0.10115411132574 0.01023380458355
vn -0.98890626430511 -0.14846649765968 0.00469576753676
vn -0.37987104058266 0.43572577834129 -0.81599086523056
vn -0.31415390968323 0.21786335110664 -0.92403620481491
vn -0.45292574167252 0.75568729639053 -0.47306969761848
vn -0.4592168033123 0.85625386238098 -0.23653590679169
vn -0.45802694559097 0.85874301195145 0.22972109913826
vn -0.45235615968704 0.76438629627228 0.45944261550903
vn -0.38632050156593 0.44883048534393 0.80579632520676
vn -0.32381275296211 0.2244146168232 0.91912096738815
vn -0.37883388996124 -0.43753653764725 0.81550395488739
vn -0.31956297159195 -0.21876892447472 0.9219651222229
vn -0.44723075628281 -0.75837248563766 0.47418960928917
vn -0.45496714115143 -0.85836470127106 0.23709677159786
vn -0.45909997820854 -0.79179662466049 -0.40284645557404
vn -0.45675611495972 -0.86648881435394 -0.20142249763012
vn -0.40356215834618 -0.49576392769814 -0.76899659633636
vn -0.32860311865807 -0.24788080155849 -0.91135895252228
vn 0.9999184012413 0.01237163413316 -0.00318589922972
vn 0.99991869926453 0.01230363175273 -0.00334968464449
vn 0.99991804361343 0.01243963371962 -0.00302211334929
vn 0.99979323148727 0.0138612287119 -0.01487849745899
vn 0.99958968162537 0.01473718043417 -0.02456194534898
vn 0.99846458435059 0.05527280643582 -0.00365496240556
vn 0.99992281198502 0.0121987676248 -0.00235904776491
vn 0.9999628663063 0.00816941913217 0.00275339302607
vn 0.99969971179962 0.02445058897138 0.00161701231264
vn 0.99534529447556 0.09636852145195 -0.00090999953682
vn 0.98878037929535 0.14937588572502 0.00049139495241
vn 0.98911416530609 0.14715002477169 0.00013929051056
vn 0.98890107870102 0.14857490360737 0.00034490117105
vn 0.98733270168304 0.15866367518902 0.00008092118514
vn 0.98540008068085 0.17025431990623 -0.00035867543193
vn 0.9831708073616 0.18268837034702 -0.00031210962334
vn 0.98333340883255 0.18180932104588 -0.00090206298046
vn 0.99963539838791 0.02672117389739 0.00388552527875
vn 0.99890249967575 0.04683084413409 0.00082159071462
vn 0.99600839614868 0.08924772590399 0.00144773966167
vn 0.998670399189 0.05146173387766 0.00302076828666
vn 0.99254733324051 0.12185902893543 -0.00047548566363
vn 0.98895227909088 0.1482342928648 0.00012679387874
vn 0.98893648386002 0.14833916723728 0.00026352453278
vn 0.98409229516983 0.17765559256077 0.00089979154291
vn 0.98736870288849 0.15843930840492 0.00004406938024
vn 0.98193591833115 0.18920005857944 0.0022894165013
vn 0.98296755552292 0.18377558887005 0.00112775014713
vn 0.98240506649017 0.18675792217255 0.00134566356428
vn 0.98299562931061 0.18362884223461 0.00020761537598
# 377 normals

# 0 texture coordinate

o LeftDoor
usemtl Body
f 2602/2013/2756 2596/2014/2755 2595/2011/2754
f 2595/2011/2754 2603/2012/2757 2602/2013/2756
f 2603/2012/2757 2595/2011/2754 2594/2015/2758
f 2594/2015/2758 2604/2016/2759 2603/2012/2757
f 2601/2017/2761 2597/2018/2760 2596/2014/2755
f 2596/2014/2755 2602/2013/2756 2601/2017/2761
f 2730/2021/2764 2629/238/2763 2611/2019/2762
f 2630/237/2765 2730/2021/2764 2611/2019/2762
f 2630/237/2765 2611/2019/2762 2610/2020/2766
f 2629/238/2763 2613/2023/2768 2612/2022/2767
f 2612/2022/2767 2611/2019/2762 2629/238/2763
f 2629/238/2763 2628/2024/2769 2601/2017/2761
f 2601/2017/2761 2613/2023/2768 2629/238/2763
f 2597/2018/2760 2601/2017/2761 2628/2024/2769
f 2628/2024/2769 2633/138/2770 2597/2018/2760
f 2609/2025/2772 2631/242/2771 2630/237/2765
f 2630/237/2765 2610/2020/2766 2609/2025/2772
f 2608/2026/2774 2632/241/2773 2631/242/2771
f 2631/242/2771 2609/2025/2772 2608/2026/2774
f 2593/2027/2776 2605/2028/2775 2604/2016/2759
f 2604/2016/2759 2594/2015/2758 2593/2027/2776
f 2620/2031/2779 2638/2032/2778 2637/2029/2777
f 2637/2029/2777 2619/2030/2780 2620/2031/2779
f 2659/105/80 2621/113/80 2622/175/80
f 2622/175/80 2658/103/80 2659/105/80
f 2658/103/80 2622/175/80 2623/176/80
f 2623/176/80 2657/101/80 2658/103/80
f 2657/101/80 2623/176/80 2624/177/80
f 2624/177/80 2656/99/80 2657/101/80
f 2656/99/80 2624/177/80 2625/178/2781
f 2625/178/2781 2655/97/2782 2656/99/80
f 2655/97/2782 2625/178/2781 2626/179/2783
f 2626/179/2783 2654/94/2784 2655/97/2782
f 2654/94/2784 2626/179/2783 2627/180/2785
f 2627/180/2785 2653/93/2786 2654/94/2784
f 2614/2033/2788 2634/318/2787 2632/241/2773
f 2632/241/2773 2607/2035/2790 2615/2034/2789
f 2615/2034/2789 2614/2033/2788 2632/241/2773
f 2632/241/2773 2608/2026/2774 2607/2035/2790
f 2616/2037/2791 2615/2034/2789 2607/2035/2790
f 2607/2035/2790 2606/2036/2792 2616/2037/2791
f 2605/2028/2775 2593/2027/2776 2616/2037/2791
f 2616/2037/2791 2606/2036/2792 2605/2028/2775
f 2592/2038/2794 2617/2039/2793 2616/2037/2791
f 2616/2037/2791 2593/2027/2776 2592/2038/2794
f 2637/2029/2777 2636/2040/2796 2614/2033/2795
f 2614/2033/2795 2615/2034/2797 2637/2029/2777
f 2616/2037/2798 2619/2030/2780 2637/2029/2777
f 2637/2029/2777 2615/2034/2797 2616/2037/2798
f 2617/2039/2799 2620/2031/2779 2619/2030/2780
f 2619/2030/2780 2616/2037/2798 2617/2039/2799
f 2618/2041/2800 2638/2032/2778 2620/2031/2779
f 2620/2031/2779 2617/2039/2799 2618/2041/2800
f 2639/2042/2801 2638/2032/2778 2618/2041/2800
f 2618/2041/2800 2635/309/2802 2639/2042/2801
f 2639/2042/2801 2635/309/2802 2634/318/2803
f 2634/318/2803 2636/2040/2796 2639/2042/2801
f 2634/318/2803 2614/2033/2795 2636/2040/2796
f 2640/121/2806 2587/2043/2805 2600/2044/2804
f 2599/2045/2808 2641/123/2807 2640/121/2806
f 2640/121/2806 2600/2044/2804 2599/2045/2808
f 2598/2046/2810 2642/125/2809 2641/123/2807
f 2641/123/2807 2599/2045/2808 2598/2046/2810
f 2642/125/2809 2598/2046/2810 2643/127/2811
f 2633/138/2770 2643/127/2811 2598/2046/2810
f 2598/2046/2810 2597/2018/2760 2633/138/2770
f 2659/105/80 2660/107/2813 2644/137/2812
f 2644/137/2812 2621/113/80 2659/105/80
f 2660/107/2813 2661/109/2815 2645/130/2814
f 2645/130/2814 2644/137/2812 2660/107/2813
f 2645/130/2814 2661/109/2815 2662/111/2816
f 2662/111/2816 2635/309/2818 2618/2041/2817
f 2645/130/2814 2662/111/2816 2618/2041/2817
f 2645/130/2814 2618/2041/2817 2646/132/2819
f 2646/132/2819 2618/2041/2817 2617/2039/2793
f 2617/2039/2793 2647/133/2820 2646/132/2819
f 2592/2038/2794 2591/2047/2822 2648/134/2821
f 2617/2039/2793 2592/2038/2794 2648/134/2821
f 2647/133/2820 2617/2039/2793 2648/134/2821
f 2591/2047/2822 2590/2048/2824 2649/135/2823
f 2649/135/2823 2648/134/2821 2591/2047/2822
f 2590/2048/2824 2589/2049/2826 2650/128/2825
f 2650/128/2825 2649/135/2823 2590/2048/2824
f 2589/2049/2826 2588/2050/2828 2651/115/2827
f 2651/115/2827 2650/128/2825 2589/2049/2826
f 2587/2043/2805 2652/117/2829 2651/115/2827
f 2651/115/2827 2588/2050/2828 2587/2043/2805
f 2652/117/2829 2587/2043/2805 2640/121/2806
f 2587/2043/2830 2588/2050/2831 2664/2050/2830
f 2664/2050/2830 2663/2043/2832 2587/2043/2830
f 2602/2013/2833 2603/2012/2834 2679/2012/2833
f 2679/2012/2833 2678/2013/2835 2602/2013/2833
f 2595/2011/2838 2596/2014/2837 2672/2014/2836
f 2672/2014/2836 2671/2011/2839 2595/2011/2838
f 2603/2012/2840 2604/2016/2841 2680/2016/2840
f 2680/2016/2840 2679/2012/2842 2603/2012/2840
f 2594/2015/2843 2595/2011/2844 2671/2011/2843
f 2671/2011/2843 2670/2015/2845 2594/2015/2843
f 2601/2017/2846 2602/2013/2847 2678/2013/2846
f 2678/2013/2846 2677/2017/2848 2601/2017/2846
f 2596/2014/2837 2597/2018/2850 2673/2018/2849
f 2673/2018/2849 2672/2014/2836 2596/2014/2837
f 2610/2020/2851 2611/2019/2852 2687/2019/2851
f 2687/2019/2851 2686/2020/2853 2610/2020/2851
f 2611/2019/2854 2612/2022/2855 2688/2022/2854
f 2688/2022/2854 2687/2019/2856 2611/2019/2854
f 2612/2022/2857 2613/2023/2858 2689/2023/2857
f 2689/2023/2857 2688/2022/2859 2612/2022/2857
f 2613/2023/2860 2601/2017/2861 2677/2017/2860
f 2677/2017/2860 2689/2023/2862 2613/2023/2860
f 2609/2025/2863 2610/2020/2864 2686/2020/2863
f 2686/2020/2863 2685/2025/2865 2609/2025/2863
f 2608/2026/2866 2609/2025/2867 2685/2025/2866
f 2685/2025/2866 2684/2026/2868 2608/2026/2866
f 2588/2050/2869 2589/2049/2870 2665/2049/2869
f 2665/2049/2869 2664/2050/2871 2588/2050/2869
f 2593/2027/2872 2594/2015/2873 2670/2015/2872
f 2670/2015/2872 2669/2027/2874 2593/2027/2872
f 2604/2016/2875 2605/2028/2876 2681/2028/2875
f 2681/2028/2875 2680/2016/2877 2604/2016/2875
f 2591/2047/2878 2592/2038/2879 2668/2038/2878
f 2668/2038/2878 2667/2047/2880 2591/2047/2878
f 2590/2048/2881 2591/2047/2882 2667/2047/2881
f 2667/2047/2881 2666/2048/2883 2590/2048/2881
f 2589/2049/2884 2590/2048/2885 2666/2048/2884
f 2666/2048/2884 2665/2049/2886 2589/2049/2884
f 2607/2035/2887 2608/2026/2888 2684/2026/2887
f 2684/2026/2887 2683/2035/2889 2607/2035/2887
f 2606/2036/2890 2607/2035/2891 2683/2035/2890
f 2683/2035/2890 2682/2036/2892 2606/2036/2890
f 2605/2028/2893 2606/2036/2894 2682/2036/2893
f 2682/2036/2893 2681/2028/2895 2605/2028/2893
f 2592/2038/2896 2593/2027/2897 2669/2027/2896
f 2669/2027/2896 2668/2038/2898 2592/2038/2896
f 2600/2044/2899 2587/2043/2900 2663/2043/2899
f 2663/2043/2899 2676/2044/2901 2600/2044/2899
f 2599/2045/2902 2600/2044/2903 2676/2044/2902
f 2676/2044/2902 2675/2045/2904 2599/2045/2902
f 2598/2046/2905 2599/2045/2906 2675/2045/2905
f 2675/2045/2905 2674/2046/2907 2598/2046/2905
f 2597/2018/2908 2598/2046/2909 2674/2046/2908
f 2674/2046/2908 2673/2018/2910 2597/2018/2908
f 2622/175/2911 2621/113/2912 2690/113/2911
f 2690/113/2911 2691/175/2913 2622/175/2911
f 2623/176/2914 2622/175/2915 2691/175/2914
f 2691/175/2914 2692/176/2916 2623/176/2914
f 2624/177/2917 2623/176/2918 2692/176/2917
f 2692/176/2917 2693/177/2919 2624/177/2917
f 2625/178/2920 2624/177/2921 2693/177/2920
f 2693/177/2920 2694/178/2922 2625/178/2920
f 2626/179/2923 2625/178/2924 2694/178/2923
f 2694/178/2923 2695/179/2925 2626/179/2923
f 2627/180/2926 2626/179/2927 2695/179/2926
f 2695/179/2926 2696/180/2928 2627/180/2926
f 2640/121/2929 2641/123/2930 2706/123/2929
f 2706/123/2929 2705/121/2931 2640/121/2929
f 2730/2021/2934 2630/237/2933 2699/237/2932
f 2699/237/2932 2729/2051/2935 2730/2021/2934
f 2631/242/2936 2632/241/2937 2701/241/2936
f 2701/241/2936 2700/242/2938 2631/242/2936
f 2630/237/2939 2631/242/2940 2700/242/2939
f 2700/242/2939 2699/237/2941 2630/237/2939
f 2628/2024/2942 2629/238/2943 2698/238/2942
f 2698/238/2942 2697/2024/2944 2628/2024/2942
f 2641/123/2945 2642/125/2946 2707/125/2945
f 2707/125/2945 2706/123/2947 2641/123/2945
f 2642/125/2948 2643/127/2949 2708/127/2948
f 2708/127/2948 2707/125/2950 2642/125/2948
f 2633/138/2951 2628/2024/2952 2697/2024/2951
f 2697/2024/2951 2702/138/2953 2633/138/2951
f 2653/93/2954 2627/180/2955 2696/180/2954
f 2696/180/2954 2718/93/2956 2653/93/2954
f 2643/127/2957 2633/138/2958 2702/138/2957
f 2702/138/2957 2708/127/2959 2643/127/2957
f 2632/241/2962 2634/318/2961 2703/318/2960
f 2632/241/2962 2703/318/2960 2728/2052/2963
f 2632/241/2962 2728/2052/2963 2701/241/2964
f 2634/318/2961 2635/309/2966 2704/309/2965
f 2704/309/2965 2703/318/2960 2634/318/2961
f 2621/113/2967 2644/137/2968 2709/137/2967
f 2709/137/2967 2690/113/2969 2621/113/2967
f 2644/137/2970 2645/130/2971 2710/130/2970
f 2710/130/2970 2709/137/2972 2644/137/2970
f 2645/130/2973 2646/132/2974 2711/132/2973
f 2711/132/2973 2710/130/2975 2645/130/2973
f 2646/132/2976 2647/133/2977 2712/133/2976
f 2712/133/2976 2711/132/2978 2646/132/2976
f 2647/133/2979 2648/134/2980 2713/134/2979
f 2713/134/2979 2712/133/2981 2647/133/2979
f 2648/134/2982 2649/135/2983 2714/135/2982
f 2714/135/2982 2713/134/2984 2648/134/2982
f 2649/135/2985 2650/128/2986 2715/128/2985
f 2715/128/2985 2714/135/2987 2649/135/2985
f 2650/128/2988 2651/115/2989 2716/115/2988
f 2716/115/2988 2715/128/2990 2650/128/2988
f 2651/115/2991 2652/117/2992 2717/117/2991
f 2717/117/2991 2716/115/2993 2651/115/2991
f 2652/117/2994 2640/121/2995 2705/121/2994
f 2705/121/2994 2717/117/2996 2652/117/2994
f 2654/94/2997 2653/93/2998 2718/93/2997
f 2718/93/2997 2719/94/2999 2654/94/2997
f 2655/97/3000 2654/94/3001 2719/94/3000
f 2719/94/3000 2720/97/3002 2655/97/3000
f 2656/99/3005 2655/97/3004 2720/97/3003
f 2720/97/3003 2721/99/3006 2656/99/3005
f 2657/101/3007 2656/99/3005 2721/99/3006
f 2721/99/3006 2722/101/3008 2657/101/3007
f 2658/103/3009 2657/101/3007 2722/101/3008
f 2722/101/3008 2723/103/3010 2658/103/3009
f 2659/105/3011 2658/103/3009 2723/103/3010
f 2723/103/3010 2724/105/3012 2659/105/3011
f 2660/107/3013 2659/105/3011 2724/105/3012
f 2724/105/3012 2725/107/3014 2660/107/3013
f 2661/109/3015 2660/107/3016 2725/107/3015
f 2725/107/3015 2726/109/3017 2661/109/3015
f 2635/309/2966 2662/111/3019 2727/111/3018
f 2727/111/3018 2704/309/2965 2635/309/2966
f 2662/111/3020 2661/109/3021 2726/109/3020
f 2726/109/3020 2727/111/3022 2662/111/3020
f 2729/2051/2935 2698/238/3024 2629/238/3023
f 2629/238/3023 2730/2021/2934 2729/2051/2935
f 2727/111/3025 2726/109/3025 2725/107/3025
f 2727/111/3028 2725/107/3027 2724/105/3026
f 2727/111/3028 2724/105/3026 2723/103/3029
f 2720/97/3032 2719/94/3031 2718/93/3030
f 2721/99/3033 2720/97/3032 2718/93/3030
f 2722/101/3034 2721/99/3033 2718/93/3030
f 2723/103/3029 2722/101/3034 2718/93/3030
f 2727/111/3028 2723/103/3029 2718/93/3030
f 2704/309/3035 2727/111/3028 2718/93/3030
f 2703/318/3036 2704/309/3035 2718/93/3030
f 2718/93/3030 2696/180/3038 2743/2053/3037
f 2703/318/3036 2718/93/3030 2743/2053/3037
f 2728/2052/3039 2703/318/3036 2743/2053/3037
f 2728/2052/3039 2743/2053/3037 2742/2054/3040
f 2691/175/3043 2690/113/3042 2736/2055/3041
f 2692/176/3044 2691/175/3043 2736/2055/3041
f 2692/176/3044 2736/2055/3041 2731/2056/3045
f 2741/2058/3048 2729/2051/3047 2699/237/3046
f 2699/237/3046 2747/2057/3049 2741/2058/3048
f 2741/2058/3048 2740/2059/3051 2698/238/3050
f 2698/238/3050 2729/2051/3047 2741/2058/3048
f 2740/2059/3051 2739/2060/3052 2698/238/3050
f 2739/2060/3052 2738/2061/3054 2697/2024/3053
f 2697/2024/3053 2698/238/3050 2739/2060/3052
f 2738/2061/3054 2673/2062/3055 2697/2024/3053
f 2673/2062/3055 2732/2063/3057 2702/138/3056
f 2702/138/3056 2697/2024/3053 2673/2062/3055
f 2732/2063/3057 2744/2064/3059 2706/123/3058
f 2706/123/3058 2707/125/3061 2708/127/3060
f 2732/2063/3057 2706/123/3058 2708/127/3060
f 2732/2063/3057 2708/127/3060 2702/138/3056
f 2745/2065/3064 2716/115/3063 2717/117/3062
f 2745/2065/3064 2717/117/3062 2705/121/3065
f 2733/2066/3066 2745/2065/3064 2705/121/3065
f 2734/2067/3068 2735/2068/3067 2690/113/3042
f 2734/2067/3068 2690/113/3042 2709/137/3069
f 2734/2067/3068 2709/137/3069 2710/130/3070
f 2734/2067/3068 2710/130/3070 2711/132/3071
f 2734/2067/3068 2711/132/3071 2712/133/3072
f 2734/2067/3068 2712/133/3072 2713/134/3073
f 2734/2067/3068 2713/134/3073 2714/135/3074
f 2734/2067/3068 2714/135/3074 2715/128/3075
f 2731/2056/3045 2669/2069/3077 2693/177/3076
f 2693/177/3076 2692/176/3044 2731/2056/3045
f 2737/2070/3079 2694/178/3078 2693/177/3076
f 2693/177/3076 2669/2069/3077 2737/2070/3079
f 2737/2070/3079 2743/2053/3037 2696/180/3038
f 2737/2070/3079 2696/180/3038 2695/179/3080
f 2737/2070/3079 2695/179/3080 2694/178/3078
f 2738/2061/3054 2737/2070/3079 2669/2069/3077
f 2669/2069/3077 2673/2062/3055 2738/2061/3054
f 2744/2064/3059 2733/2066/3066 2705/121/3065
f 2705/121/3065 2706/123/3058 2744/2064/3059
f 2734/2067/3068 2715/128/3075 2716/115/3063
f 2716/115/3063 2745/2065/3064 2734/2067/3068
f 2701/241/3083 2748/2072/3082 2746/2071/3081
f 2746/2071/3081 2700/242/3084 2701/241/3083
f 2700/242/3084 2746/2071/3081 2747/2057/3049
f 2747/2057/3049 2699/237/3046 2700/242/3084
f 2690/113/3042 2735/2068/3067 2736/2055/3041
f 2701/241/3083 2728/2052/3039 2742/2054/3040
f 2742/2054/3040 2748/2072/3082 2701/241/3083
f 2751/1413/80 2749/1412/80 2750/1411/80
f 2750/1411/80 2752/1410/80 2751/1413/80
f 2755/1417/80 2754/1416/80 2753/1415/80
f 2753/1415/80 2756/1414/80 2755/1417/80
f 2752/1410/80 2750/1411/80 2756/1414/80
f 2756/1414/80 2753/1415/80 2752/1410/80
f 2751/1413/3087 2752/1410/3086 2757/1410/3085
f 2757/1410/3085 2758/1413/3088 2751/1413/3087
f 2749/1412/3089 2751/1413/3087 2758/1413/3088
f 2758/1413/3088 2759/1412/3090 2749/1412/3089
f 2750/1411/3091 2749/1412/3089 2759/1412/3090
f 2759/1412/3090 2760/1411/3092 2750/1411/3091
f 2755/1417/3095 2756/1414/3094 2761/1414/3093
f 2761/1414/3093 2762/1417/3096 2755/1417/3095
f 2753/1415/3099 2754/1416/3098 2763/1416/3097
f 2763/1416/3097 2764/1415/3100 2753/1415/3099
f 2754/1416/3098 2755/1417/3095 2762/1417/3096
f 2762/1417/3096 2763/1416/3097 2754/1416/3098
f 2752/1410/3086 2753/1415/3099 2764/1415/3100
f 2764/1415/3100 2757/1410/3085 2752/1410/3086
f 2756/1414/3094 2750/1411/3091 2760/1411/3092
f 2760/1411/3092 2761/1414/3093 2756/1414/3094
f 2638/2032/3101 2639/2042/3102 2636/2040/3101
f 2636/2040/3101 2637/2029/3103 2638/2032/3101

usemtl Glass
f 2766/2050/3106 2767/2049/3105 2768/2048/3104
f 2768/2048/3104 2769/2047/3107 2766/2050/3106
f 2766/2050/3106 2769/2047/3107 2770/2038/3108
f 2770/2038/3108 2771/2027/3109 2766/2050/3106
f 2766/2050/3106 2771/2027/3109 2772/2015/3110
f 2773/2011/3113 2778/2044/3112 2765/2043/3111
f 2773/2011/3113 2765/2043/3111 2766/2050/3106
f 2766/2050/3106 2772/2015/3110 2773/2011/3113
f 2778/2044/3112 2773/2011/3113 2774/2014/3114
f 2774/2014/3114 2777/2045/3115 2778/2044/3112
f 2777/2045/3115 2774/2014/3114 2775/2018/3116
f 2775/2018/3116 2776/2046/3117 2777/2045/3115
f 2782/2016/3120 2783/2028/3119 2784/2036/3118
f 2784/2036/3118 2785/2035/3121 2782/2016/3120
f 2782/2016/3120 2785/2035/3121 2786/2026/3122
f 2787/2025/3124 2781/2012/3123 2782/2016/3120
f 2782/2016/3120 2786/2026/3122 2787/2025/3124
f 2788/2020/3126 2780/2013/3125 2781/2012/3123
f 2781/2012/3123 2787/2025/3124 2788/2020/3126
f 2789/2019/3128 2790/2022/3127 2780/2013/3125
f 2780/2013/3125 2788/2020/3126 2789/2019/3128
f 2780/2013/3125 2790/2022/3127 2791/2023/3129
f 2791/2023/3129 2779/2017/3130 2780/2013/3125

v 0.04595620185137 0.15576255321503 0.15512225031853
v 0.04595620185137 0.15576930344105 0.15334394574165
v 0.04595620185137 0.15329657495022 0.15333591401577
v 0.04595620185137 0.1532898247242 0.1551142334938
v 0.03608225286007 0.15073809027672 0.15510594844818
v 0.03608225286007 0.15074484050274 0.15332764387131
v 0.03791184350848 0.14920312166214 0.15332262217999
v 0.03791184350848 0.14919638633728 0.15510094165802
v 0.03364359214902 0.13944825530052 0.15506930649281
v 0.03364359214902 0.13945499062538 0.15329098701477
v 0.03592506051064 0.14000523090363 0.15329277515411
v 0.03592506051064 0.1399984806776 0.15507107973099
v 0.04047657549381 0.13039448857307 0.15503990650177
v 0.04047657549381 0.1304012387991 0.15326158702374
v 0.04149191826582 0.13262909650803 0.15326884388924
v 0.04149191826582 0.13262233138084 0.15504714846611
v 0.05143582820892 0.13039448857307 0.15503990650177
v 0.05143582820892 0.1304012387991 0.15326158702374
v 0.05042048171163 0.13262909650803 0.15326882898808
v 0.05042048171163 0.13262233138084 0.15504714846611
v 0.05826880782843 0.1394482254982 0.15506930649281
v 0.05826880782843 0.13945499062538 0.15329098701477
v 0.0559873431921 0.14000523090363 0.15329276025295
v 0.0559873431921 0.1399984806776 0.15507107973099
v 0.05583015084267 0.15073809027672 0.15510593354702
v 0.05583015084267 0.15074484050274 0.15332762897015
v 0.05400055646896 0.14920312166214 0.15332262217999
v 0.05400055646896 0.14919637143612 0.15510094165802
v 0.04774011671543 0.14265193045139 0.15439073741436
v 0.04774011671543 0.14260679483414 0.17129336297512
v 0.04441643133759 0.14260679483414 0.17129339277744
v 0.04441643133759 0.14265193045139 0.15439073741436
v 0.05651123821735 0.14038397371769 0.15409697592258
v 0.03564532473683 0.14038397371769 0.15409699082375
v 0.05651123821735 0.14529387652874 0.15411292016506
v 0.03564532473683 0.14529387652874 0.15411292016506
v 0.05651123821735 0.14038193225861 0.15463772416115
v 0.03564532473683 0.14038193225861 0.15463773906231
v 0.05651123821735 0.14529180526733 0.15465366840363
v 0.03564532473683 0.14529180526733 0.15465366840363
v 0.04607828333974 0.14089593291283 0.15438503026962
v 0.04607828706503 0.14085078239441 0.17128768563271
v 0.04607828706503 0.14436280727386 0.17129908502102
v 0.04607828333974 0.14440794289112 0.15439642965794
# 44 vertices

vn -0.79218852519989 0.61027204990387 0.00231651612557
vn 0 0.99999278783798 0.0037968470715
vn -0.00000229968919 0.00324793485925 -0.99999475479126
vn -0.00000073682003 0.00324844196439 -0.99999469518662
vn 0.79218864440918 -0.61027187108994 -0.0023138592951
vn -0.00000065205984 -0.99999278783798 -0.00379415019415
vn 0.00000087666803 -0.00324472947977 0.99999475479126
vn 0.00000054756964 -0.00324230454862 0.99999475479126
vn -0.97657227516174 -0.21518817543983 -0.00081502972171
vn -0.00000025089571 0.00324741052464 -0.99999475479126
vn 0.9765722155571 0.21518838405609 0.0008176851552
vn 0.00000234886465 -0.00324586452916 0.99999475479126
vn -0.44586849212646 -0.89509207010269 -0.00339285447262
vn 0.00000108277254 0.00324964663014 -0.99999469518662
vn 0.4458689391613 0.89509177207947 0.0034015532583
vn 0.00000075742503 -0.00324711855501 0.99999475479126
vn 0.44586825370789 -0.89509212970734 -0.00339556741528
vn 0.00000050004587 0.00324804894626 -0.99999475479126
vn -0.44586864113808 0.8950919508934 0.00340151414275
vn -0.00000041686957 -0.00324737816118 0.99999475479126
vn 0.97657215595245 -0.21518859267235 -0.00081676000264
vn 0.00000235849461 0.00324585894123 -0.99999475479126
vn -0.97657227516174 0.21518804132938 0.00081702455645
vn -0.00000128632041 -0.00324575672857 0.99999475479126
vn 0.79218864440918 0.61027187108994 0.00231742206961
vn 0.00000155361033 0.00324700726196 -0.99999475479126
vn -0.79218870401382 -0.61027181148529 -0.00231710565276
vn 0.00000039289057 -0.00324375671335 0.99999475479126
vn -0.00000000745997 -0.99999642372131 -0.00267042475753
vn -0.00000068558751 0.00324662262574 -0.99999475479126
vn 0.00000000174909 0.99999266862869 0.00382699724287
vn -0.00000000241274 -0.99999278783798 -0.00379871297628
vn -1 -0.00000000063613 0.00000019601681
# 33 normals

vt 0.96103417873383 0.12193751335144 0
vt 0.96103417873383 0.12261271476746 0
vt 0.96625912189484 0.1226065158844 0
vt 0.96625912189484 0.12193131446838 0
vt 0.94845974445343 0.12512314319611 0
vt 0.94935381412506 0.12432873249054 0
vt 0.94697999954224 0.12083625793457 0
vt 0.94554591178894 0.12083625793457 0
vt 0.96103417873383 0.12655305862427 0
vt 0.96103417873383 0.12722826004028 0
vt 0.96529102325439 0.12723326683044 0
vt 0.96529102325439 0.12655806541443 0
vt 0.95644962787628 0.11300015449524 0
vt 0.95734369754791 0.11379444599152 0
vt 0.9602575302124 0.10950756072998 0
vt 0.9588235616684 0.10950756072998 0
vt 0.96758544445038 0.12106764316559 0
vt 0.96758151054382 0.12039244174957 0
vt 0.96103417873383 0.12040638923645 0
vt 0.96103811264038 0.12108159065247 0
vt 0.95500695705414 0.1261819601059 0
vt 0.9546879529953 0.12519133090973 0
vt 0.96531569957733 0.12501680850983 0
vt 0.96531188488007 0.12569200992584 0
vt 0.97064590454102 0.12570333480835 0
vt 0.97064983844757 0.12502813339233 0
vt 0.95111548900604 0.11386275291443 0
vt 0.9507964849472 0.11485326290131 0
vt 0.97283589839935 0.12105655670166 0
vt 0.9728319644928 0.12038135528564 0
vt 0.9602575302124 0.12321531772614 0
vt 0.95896553993225 0.12277448177338 0
vt 0.96103811264038 0.12500762939453 0
vt 0.96103417873383 0.12568283081055 0
vt 0.94683790206909 0.11144578456879 0
vt 0.94554591178894 0.11188662052155 0
vt 0.97748458385468 0.1241375207901 0
vt 0.97748458385468 0.12346231937408 0
vt 0.9716854095459 0.12346231937408 0
vt 0.9716854095459 0.1241375207901 0
vt 0.9602575302124 0.11845719814301 0
vt 0.95896553993225 0.11889803409576 0
vt 0.97783589363098 0.10972785949707 0
vt 0.97783589363098 0.10905265808105 0
vt 0.97311127185822 0.10905265808105 0
vt 0.97311127185822 0.10972785949707 0
vt 0.94683790206909 0.10756933689117 0
vt 0.94554591178894 0.10712850093842 0
vt 0.9507964849472 0.13061046600342 0
vt 0.95080029964447 0.12993538379669 0
vt 0.9455498456955 0.12992417812347 0
vt 0.94554591178894 0.13059937953949 0
vt 0.95500695705414 0.11549055576324 0
vt 0.9546879529953 0.11648106575012 0
vt 0.96636831760406 0.12347149848938 0
vt 0.96637225151062 0.1241466999054 0
vt 0.97064983844757 0.1241375207901 0
vt 0.97064590454102 0.12346231937408 0
vt 0.95111548900604 0.10515236854553 0
vt 0.9507964849472 0.10416185855865 0
vt 0.95734369754791 0.1306244134903 0
vt 0.95734763145447 0.12994921207428 0
vt 0.94845974445343 0.11654937267303 0
vt 0.94935381412506 0.11734366416931 0
vt 0.96103417873383 0.12348282337189 0
vt 0.96103811264038 0.1241580247879 0
vt 0.95644962787628 0.10601496696472 0
vt 0.95734369754791 0.10522067546844 0
vt 0.97148394584656 0.12261271476746 0
vt 0.97148394584656 0.12193751335144 0
vt 0.96954774856567 0.12722826004028 0
vt 0.96954774856567 0.12655305862427 0
vt 0.9673216342926 0.1122385263443 0
vt 0.9673216342926 0.11368155479431 0
vt 0.97282695770264 0.11368155479431 0
vt 0.97282695770264 0.1122385263443 0
vt 0.9720755815506 0.10905265808105 0
vt 0.96103417873383 0.10905265808105 0
vt 0.96103417873383 0.11138880252838 0
vt 0.9720755815506 0.11138880252838 0
vt 0.95576214790344 0.12246859073639 0
vt 0.95860958099365 0.12247467041016 0
vt 0.95861077308655 0.12226927280426 0
vt 0.95576345920563 0.12226331233978 0
vt 0.9720755815506 0.12913799285889 0
vt 0.96103417873383 0.12913799285889 0
vt 0.96103417873383 0.12934327125549 0
vt 0.9720755815506 0.12934327125549 0
vt 0.95217049121857 0.12236559391022 0
vt 0.95501780509949 0.12235951423645 0
vt 0.95501661300659 0.12215423583984 0
vt 0.95216929912567 0.12216031551361 0
vt 0.96103417873383 0.12828826904297 0
vt 0.9720755815506 0.12828826904297 0
vt 0.9720755815506 0.12808299064636 0
vt 0.96103417873383 0.12808299064636 0
vt 0.96103417873383 0.11225998401642 0
vt 0.96103954315186 0.11393105983734 0
vt 0.96654486656189 0.11390960216522 0
vt 0.96653962135315 0.1122385263443 0
# 100 texture coordinates

o Steer
usemtl On body
f 2792/2103/3132 2793/2102/3132 2797/2101/3131 2796/2100/3131
f 2793/2107/3134 2794/2106/3134 2798/2105/3133 2797/2104/3133
f 2794/2111/3136 2795/2110/3136 2799/2109/3135 2798/2108/3135
f 2795/2115/3138 2792/2114/3138 2796/2113/3137 2799/2112/3137
f 2796/2119/3131 2797/2118/3131 2801/2117/3139 2800/2116/3139
f 2797/2104/3133 2798/2105/3133 2802/2121/3140 2801/2120/3140
f 2798/2125/3135 2799/2124/3135 2803/2123/3141 2802/2122/3141
f 2799/2112/3137 2796/2113/3137 2800/2127/3142 2803/2126/3142
f 2800/2116/3139 2801/2117/3139 2805/2129/3143 2804/2128/3143
f 2801/2120/3140 2802/2121/3140 2806/2131/3144 2805/2130/3144
f 2802/2122/3141 2803/2123/3141 2807/2133/3145 2806/2132/3145
f 2803/2126/3142 2800/2127/3142 2804/2135/3146 2807/2134/3146
f 2804/2139/3143 2805/2138/3143 2809/2137/3147 2808/2136/3147
f 2805/2130/3144 2806/2131/3144 2810/2141/3148 2809/2140/3148
f 2806/2145/3145 2807/2144/3145 2811/2143/3149 2810/2142/3149
f 2807/2134/3146 2804/2135/3146 2808/2147/3150 2811/2146/3150
f 2808/2151/3147 2809/2150/3147 2813/2149/3151 2812/2148/3151
f 2809/2140/3148 2810/2141/3148 2814/2153/3152 2813/2152/3152
f 2810/2157/3149 2811/2156/3149 2815/2155/3153 2814/2154/3153
f 2811/2146/3150 2808/2147/3150 2812/2159/3154 2815/2158/3154
f 2812/2148/3151 2813/2149/3151 2817/2161/3155 2816/2160/3155
f 2813/2152/3152 2814/2153/3152 2818/2163/3156 2817/2162/3156
f 2814/2154/3153 2815/2155/3153 2819/2165/3157 2818/2164/3157
f 2815/2158/3154 2812/2159/3154 2816/2167/3158 2819/2166/3158
f 2816/2169/3155 2817/2168/3155 2793/2102/3132 2792/2103/3132
f 2817/2162/3156 2818/2163/3156 2794/2106/3134 2793/2107/3134
f 2818/2171/3157 2819/2170/3157 2795/2110/3136 2794/2111/3136
f 2819/2166/3158 2816/2167/3158 2792/2114/3138 2795/2115/3138
f 2821/2175/3159 2822/2174/3159 2823/2173/3159 2820/2172/3159
f 2824/2179/3160 2825/2178/3160 2827/2177/3160 2826/2176/3160
f 2824/2183/80 2826/2182/80 2830/2181/80 2828/2180/80
f 2826/2187/3161 2827/2186/3161 2831/2185/3161 2830/2184/3161
f 2827/2191/87 2825/2190/87 2829/2189/87 2831/2188/87
f 2825/2195/3162 2824/2194/3162 2828/2193/3162 2829/2192/3162
f 2833/2199/3163 2834/2198/3163 2835/2197/3163 2832/2196/3163

